component_serial,manufacture_batch,component_type,lifespan_years
SN_880000,BATCH_109,NVMe_Controller,11.245
SN_880001,BATCH_113,NVMe_Controller,1.154
SN_880002,BATCH_115,SSD_Drive,2.691
SN_880003,BATCH_136,NVMe_Controller,1.867
SN_880004,BATCH_110,NVMe_Controller,7.741
SN_880005,BATCH_125,SSD_Drive,0.257
SN_880006,BATCH_139,SSD_Drive,1.094
SN_880007,BATCH_118,NVMe_Controller,1.183
SN_880008,BATCH_117,NVMe_Controller,24.783
SN_880009,BATCH_129,NVMe_Controller,4.229
SN_880010,BATCH_131,SSD_Drive,0.748
SN_880011,BATCH_122,NVMe_Controller,1.589
SN_880012,BATCH_111,SSD_Drive,0.919
SN_880013,BATCH_112,SSD_Drive,0.665
SN_880014,BATCH_120,SSD_Drive,7.977
SN_880015,BATCH_120,SSD_Drive,3.423
SN_880016,BATCH_128,NVMe_Controller,4.988
SN_880017,BATCH_128,NVMe_Controller,2.012
SN_880018,BATCH_149,NVMe_Controller,4.034
SN_880019,BATCH_126,NVMe_Controller,1.489
SN_880020,BATCH_128,NVMe_Controller,1.841
SN_880021,BATCH_114,SSD_Drive,5.281
SN_880022,BATCH_146,SSD_Drive,0.815
SN_880023,BATCH_111,NVMe_Controller,4.801
SN_880024,BATCH_140,NVMe_Controller,9.561
SN_880025,BATCH_118,NVMe_Controller,0.642
SN_880026,BATCH_111,NVMe_Controller,11.388
SN_880027,BATCH_122,SSD_Drive,0.414
SN_880028,BATCH_104,NVMe_Controller,2.146
SN_880029,BATCH_125,SSD_Drive,4.715
SN_880030,BATCH_109,SSD_Drive,4.098
SN_880031,BATCH_121,NVMe_Controller,0.507
SN_880032,BATCH_138,SSD_Drive,8.02
SN_880033,BATCH_122,NVMe_Controller,18.088
SN_880034,BATCH_110,SSD_Drive,1.0
SN_880035,BATCH_127,SSD_Drive,11.275
SN_880036,BATCH_130,SSD_Drive,4.069
SN_880037,BATCH_107,SSD_Drive,13.739
SN_880038,BATCH_138,SSD_Drive,0.968
SN_880039,BATCH_147,NVMe_Controller,7.852
SN_880040,BATCH_127,SSD_Drive,0.308
SN_880041,BATCH_115,NVMe_Controller,10.736
SN_880042,BATCH_145,NVMe_Controller,5.607
SN_880043,BATCH_146,SSD_Drive,2.312
SN_880044,BATCH_130,NVMe_Controller,1.056
SN_880045,BATCH_140,SSD_Drive,8.479
SN_880046,BATCH_147,NVMe_Controller,4.622
SN_880047,BATCH_115,NVMe_Controller,2.235
SN_880048,BATCH_104,SSD_Drive,2.933
SN_880049,BATCH_134,NVMe_Controller,8.759
SN_880050,BATCH_124,NVMe_Controller,2.069
SN_880051,BATCH_112,NVMe_Controller,0.47
SN_880052,BATCH_128,SSD_Drive,12.111
SN_880053,BATCH_126,NVMe_Controller,2.45
SN_880054,BATCH_139,NVMe_Controller,2.142
SN_880055,BATCH_116,SSD_Drive,1.143
SN_880056,BATCH_136,NVMe_Controller,11.386
SN_880057,BATCH_137,SSD_Drive,1.226
SN_880058,BATCH_128,NVMe_Controller,5.062
SN_880059,BATCH_133,NVMe_Controller,10.633
SN_880060,BATCH_129,NVMe_Controller,0.178
SN_880061,BATCH_130,SSD_Drive,8.824
SN_880062,BATCH_121,NVMe_Controller,2.643
SN_880063,BATCH_145,SSD_Drive,5.364
SN_880064,BATCH_124,SSD_Drive,2.329
SN_880065,BATCH_103,NVMe_Controller,5.946
SN_880066,BATCH_134,NVMe_Controller,1.467
SN_880067,BATCH_140,SSD_Drive,0.111
SN_880068,BATCH_149,NVMe_Controller,14.762
SN_880069,BATCH_143,NVMe_Controller,0.083
SN_880070,BATCH_108,NVMe_Controller,8.689
SN_880071,BATCH_125,NVMe_Controller,0.926
SN_880072,BATCH_126,SSD_Drive,2.49
SN_880073,BATCH_126,NVMe_Controller,8.644
SN_880074,BATCH_117,SSD_Drive,1.153
SN_880075,BATCH_129,SSD_Drive,10.039
SN_880076,BATCH_144,SSD_Drive,3.443
SN_880077,BATCH_145,SSD_Drive,2.28
SN_880078,BATCH_130,SSD_Drive,5.43
SN_880079,BATCH_141,SSD_Drive,2.088
SN_880080,BATCH_102,SSD_Drive,2.133
SN_880081,BATCH_128,NVMe_Controller,6.612
SN_880082,BATCH_106,NVMe_Controller,1.854
SN_880083,BATCH_117,SSD_Drive,1.121
SN_880084,BATCH_115,NVMe_Controller,8.242
SN_880085,BATCH_148,NVMe_Controller,8.183
SN_880086,BATCH_131,NVMe_Controller,3.442
SN_880087,BATCH_137,NVMe_Controller,3.74
SN_880088,BATCH_124,SSD_Drive,5.955
SN_880089,BATCH_143,NVMe_Controller,3.559
SN_880090,BATCH_131,SSD_Drive,2.698
SN_880091,BATCH_118,NVMe_Controller,26.387
SN_880092,BATCH_102,NVMe_Controller,0.799
SN_880093,BATCH_134,SSD_Drive,4.491
SN_880094,BATCH_149,SSD_Drive,10.852
SN_880095,BATCH_128,SSD_Drive,5.811
SN_880096,BATCH_110,NVMe_Controller,10.64
SN_880097,BATCH_105,NVMe_Controller,2.05
SN_880098,BATCH_118,NVMe_Controller,1.587
SN_880099,BATCH_136,SSD_Drive,9.528
SN_880100,BATCH_144,SSD_Drive,2.505
SN_880101,BATCH_126,SSD_Drive,6.184
SN_880102,BATCH_104,SSD_Drive,0.799
SN_880103,BATCH_125,SSD_Drive,7.05
SN_880104,BATCH_134,NVMe_Controller,3.981
SN_880105,BATCH_118,SSD_Drive,1.564
SN_880106,BATCH_116,SSD_Drive,3.411
SN_880107,BATCH_134,NVMe_Controller,5.969
SN_880108,BATCH_146,SSD_Drive,0.06
SN_880109,BATCH_148,SSD_Drive,5.073
SN_880110,BATCH_112,SSD_Drive,3.9
SN_880111,BATCH_113,SSD_Drive,1.244
SN_880112,BATCH_129,NVMe_Controller,6.991
SN_880113,BATCH_147,SSD_Drive,1.808
SN_880114,BATCH_142,NVMe_Controller,1.621
SN_880115,BATCH_116,SSD_Drive,3.186
SN_880116,BATCH_136,NVMe_Controller,5.637
SN_880117,BATCH_114,NVMe_Controller,13.215
SN_880118,BATCH_117,SSD_Drive,0.762
SN_880119,BATCH_147,NVMe_Controller,2.525
SN_880120,BATCH_113,NVMe_Controller,0.347
SN_880121,BATCH_113,NVMe_Controller,7.105
SN_880122,BATCH_144,SSD_Drive,2.969
SN_880123,BATCH_132,NVMe_Controller,6.137
SN_880124,BATCH_137,NVMe_Controller,1.944
SN_880125,BATCH_110,NVMe_Controller,9.3
SN_880126,BATCH_110,SSD_Drive,3.827
SN_880127,BATCH_147,SSD_Drive,14.377
SN_880128,BATCH_125,NVMe_Controller,0.41
SN_880129,BATCH_102,NVMe_Controller,3.611
SN_880130,BATCH_124,SSD_Drive,7.272
SN_880131,BATCH_116,NVMe_Controller,4.583
SN_880132,BATCH_121,SSD_Drive,0.117
SN_880133,BATCH_128,NVMe_Controller,17.939
SN_880134,BATCH_145,NVMe_Controller,1.771
SN_880135,BATCH_125,SSD_Drive,1.434
SN_880136,BATCH_133,SSD_Drive,3.324
SN_880137,BATCH_125,NVMe_Controller,3.906
SN_880138,BATCH_108,SSD_Drive,7.268
SN_880139,BATCH_139,NVMe_Controller,2.498
SN_880140,BATCH_110,NVMe_Controller,2.899
SN_880141,BATCH_106,SSD_Drive,3.828
SN_880142,BATCH_129,NVMe_Controller,2.508
SN_880143,BATCH_101,NVMe_Controller,12.299
SN_880144,BATCH_129,SSD_Drive,9.528
SN_880145,BATCH_103,NVMe_Controller,3.035
SN_880146,BATCH_113,NVMe_Controller,0.001
SN_880147,BATCH_112,NVMe_Controller,11.56
SN_880148,BATCH_124,NVMe_Controller,0.664
SN_880149,BATCH_112,SSD_Drive,1.402
SN_880150,BATCH_112,NVMe_Controller,0.827
SN_880151,BATCH_136,NVMe_Controller,0.991
SN_880152,BATCH_143,NVMe_Controller,8.12
SN_880153,BATCH_105,NVMe_Controller,4.332
SN_880154,BATCH_125,SSD_Drive,15.629
SN_880155,BATCH_113,SSD_Drive,1.316
SN_880156,BATCH_107,SSD_Drive,3.324
SN_880157,BATCH_123,NVMe_Controller,18.955
SN_880158,BATCH_121,NVMe_Controller,8.756
SN_880159,BATCH_139,SSD_Drive,6.521
SN_880160,BATCH_138,SSD_Drive,1.047
SN_880161,BATCH_148,NVMe_Controller,7.335
SN_880162,BATCH_120,SSD_Drive,2.135
SN_880163,BATCH_142,NVMe_Controller,3.781
SN_880164,BATCH_125,NVMe_Controller,4.697
SN_880165,BATCH_109,NVMe_Controller,4.7
SN_880166,BATCH_112,NVMe_Controller,6.483
SN_880167,BATCH_141,NVMe_Controller,5.419
SN_880168,BATCH_113,NVMe_Controller,0.354
SN_880169,BATCH_108,NVMe_Controller,3.056
SN_880170,BATCH_106,NVMe_Controller,5.454
SN_880171,BATCH_138,SSD_Drive,1.755
SN_880172,BATCH_130,SSD_Drive,1.878
SN_880173,BATCH_149,SSD_Drive,0.665
SN_880174,BATCH_115,SSD_Drive,2.712
SN_880175,BATCH_107,NVMe_Controller,21.649
SN_880176,BATCH_147,SSD_Drive,1.68
SN_880177,BATCH_114,SSD_Drive,3.79
SN_880178,BATCH_124,NVMe_Controller,6.798
SN_880179,BATCH_146,SSD_Drive,0.068
SN_880180,BATCH_137,SSD_Drive,11.535
SN_880181,BATCH_140,SSD_Drive,2.443
SN_880182,BATCH_114,SSD_Drive,10.167
SN_880183,BATCH_124,NVMe_Controller,0.199
SN_880184,BATCH_106,SSD_Drive,0.787
SN_880185,BATCH_125,SSD_Drive,1.947
SN_880186,BATCH_107,SSD_Drive,2.119
SN_880187,BATCH_117,SSD_Drive,9.413
SN_880188,BATCH_120,NVMe_Controller,0.056
SN_880189,BATCH_115,NVMe_Controller,5.124
SN_880190,BATCH_146,SSD_Drive,0.704
SN_880191,BATCH_102,NVMe_Controller,8.664
SN_880192,BATCH_100,NVMe_Controller,7.538
SN_880193,BATCH_112,NVMe_Controller,3.465
SN_880194,BATCH_131,NVMe_Controller,1.196
SN_880195,BATCH_111,SSD_Drive,5.032
SN_880196,BATCH_130,NVMe_Controller,0.85
SN_880197,BATCH_140,SSD_Drive,1.054
SN_880198,BATCH_101,SSD_Drive,4.927
SN_880199,BATCH_140,SSD_Drive,23.681
SN_880200,BATCH_107,SSD_Drive,11.085
SN_880201,BATCH_124,SSD_Drive,4.496
SN_880202,BATCH_104,SSD_Drive,3.867
SN_880203,BATCH_144,SSD_Drive,32.142
SN_880204,BATCH_101,SSD_Drive,3.964
SN_880205,BATCH_141,SSD_Drive,2.725
SN_880206,BATCH_137,SSD_Drive,12.015
SN_880207,BATCH_138,NVMe_Controller,1.334
SN_880208,BATCH_102,NVMe_Controller,0.513
SN_880209,BATCH_145,NVMe_Controller,5.027
SN_880210,BATCH_147,SSD_Drive,0.504
SN_880211,BATCH_137,SSD_Drive,2.335
SN_880212,BATCH_121,SSD_Drive,2.755
SN_880213,BATCH_139,SSD_Drive,3.965
SN_880214,BATCH_132,SSD_Drive,23.933
SN_880215,BATCH_131,NVMe_Controller,1.249
SN_880216,BATCH_146,NVMe_Controller,2.356
SN_880217,BATCH_116,SSD_Drive,0.709
SN_880218,BATCH_117,SSD_Drive,4.678
SN_880219,BATCH_102,NVMe_Controller,6.504
SN_880220,BATCH_105,NVMe_Controller,3.29
SN_880221,BATCH_148,NVMe_Controller,1.411
SN_880222,BATCH_112,SSD_Drive,4.85
SN_880223,BATCH_130,SSD_Drive,3.873
SN_880224,BATCH_116,SSD_Drive,0.939
SN_880225,BATCH_120,SSD_Drive,2.602
SN_880226,BATCH_115,NVMe_Controller,2.856
SN_880227,BATCH_116,NVMe_Controller,20.262
SN_880228,BATCH_131,SSD_Drive,9.462
SN_880229,BATCH_100,NVMe_Controller,6.628
SN_880230,BATCH_147,SSD_Drive,10.981
SN_880231,BATCH_137,NVMe_Controller,6.649
SN_880232,BATCH_107,SSD_Drive,11.686
SN_880233,BATCH_100,NVMe_Controller,0.28
SN_880234,BATCH_101,NVMe_Controller,3.045
SN_880235,BATCH_146,NVMe_Controller,6.87
SN_880236,BATCH_136,SSD_Drive,4.377
SN_880237,BATCH_123,NVMe_Controller,0.963
SN_880238,BATCH_126,SSD_Drive,2.081
SN_880239,BATCH_119,SSD_Drive,1.912
SN_880240,BATCH_146,NVMe_Controller,1.515
SN_880241,BATCH_120,SSD_Drive,2.101
SN_880242,BATCH_141,SSD_Drive,3.617
SN_880243,BATCH_136,SSD_Drive,9.651
SN_880244,BATCH_134,SSD_Drive,6.775
SN_880245,BATCH_137,NVMe_Controller,9.017
SN_880246,BATCH_114,SSD_Drive,10.754
SN_880247,BATCH_149,NVMe_Controller,2.691
SN_880248,BATCH_145,SSD_Drive,2.123
SN_880249,BATCH_141,SSD_Drive,0.297
SN_880250,BATCH_129,SSD_Drive,13.332
SN_880251,BATCH_103,SSD_Drive,0.34
SN_880252,BATCH_142,SSD_Drive,6.757
SN_880253,BATCH_138,SSD_Drive,2.375
SN_880254,BATCH_114,SSD_Drive,14.858
SN_880255,BATCH_122,SSD_Drive,2.72
SN_880256,BATCH_140,SSD_Drive,8.481
SN_880257,BATCH_114,NVMe_Controller,1.661
SN_880258,BATCH_125,NVMe_Controller,1.777
SN_880259,BATCH_111,SSD_Drive,4.526
SN_880260,BATCH_117,SSD_Drive,31.03
SN_880261,BATCH_105,SSD_Drive,3.645
SN_880262,BATCH_117,NVMe_Controller,13.769
SN_880263,BATCH_149,NVMe_Controller,7.715
SN_880264,BATCH_123,NVMe_Controller,7.945
SN_880265,BATCH_137,SSD_Drive,2.863
SN_880266,BATCH_127,SSD_Drive,2.443
SN_880267,BATCH_114,NVMe_Controller,1.065
SN_880268,BATCH_118,SSD_Drive,16.613
SN_880269,BATCH_104,SSD_Drive,16.019
SN_880270,BATCH_103,NVMe_Controller,6.873
SN_880271,BATCH_116,SSD_Drive,1.757
SN_880272,BATCH_109,NVMe_Controller,1.406
SN_880273,BATCH_111,NVMe_Controller,22.375
SN_880274,BATCH_104,SSD_Drive,0.344
SN_880275,BATCH_106,NVMe_Controller,9.276
SN_880276,BATCH_143,SSD_Drive,2.196
SN_880277,BATCH_122,NVMe_Controller,2.714
SN_880278,BATCH_101,SSD_Drive,8.918
SN_880279,BATCH_129,SSD_Drive,0.475
SN_880280,BATCH_148,SSD_Drive,2.186
SN_880281,BATCH_144,SSD_Drive,15.185
SN_880282,BATCH_136,NVMe_Controller,6.004
SN_880283,BATCH_104,NVMe_Controller,7.031
SN_880284,BATCH_119,SSD_Drive,7.084
SN_880285,BATCH_125,SSD_Drive,0.312
SN_880286,BATCH_143,SSD_Drive,1.136
SN_880287,BATCH_143,NVMe_Controller,3.379
SN_880288,BATCH_138,NVMe_Controller,2.296
SN_880289,BATCH_105,SSD_Drive,2.646
SN_880290,BATCH_128,NVMe_Controller,7.604
SN_880291,BATCH_109,SSD_Drive,0.074
SN_880292,BATCH_115,NVMe_Controller,5.401
SN_880293,BATCH_133,SSD_Drive,0.001
SN_880294,BATCH_130,SSD_Drive,0.326
SN_880295,BATCH_135,SSD_Drive,2.624
SN_880296,BATCH_140,NVMe_Controller,9.193
SN_880297,BATCH_104,SSD_Drive,0.783
SN_880298,BATCH_132,NVMe_Controller,4.044
SN_880299,BATCH_142,NVMe_Controller,5.674
SN_880300,BATCH_118,SSD_Drive,1.304
SN_880301,BATCH_131,SSD_Drive,3.591
SN_880302,BATCH_122,SSD_Drive,12.119
SN_880303,BATCH_102,NVMe_Controller,3.59
SN_880304,BATCH_100,NVMe_Controller,0.856
SN_880305,BATCH_135,NVMe_Controller,4.942
SN_880306,BATCH_140,NVMe_Controller,4.485
SN_880307,BATCH_127,NVMe_Controller,0.137
SN_880308,BATCH_147,NVMe_Controller,0.475
SN_880309,BATCH_138,NVMe_Controller,0.853
SN_880310,BATCH_104,SSD_Drive,0.733
SN_880311,BATCH_112,SSD_Drive,1.502
SN_880312,BATCH_110,SSD_Drive,3.027
SN_880313,BATCH_145,NVMe_Controller,2.324
SN_880314,BATCH_121,SSD_Drive,11.066
SN_880315,BATCH_148,NVMe_Controller,4.735
SN_880316,BATCH_122,NVMe_Controller,10.443
SN_880317,BATCH_111,NVMe_Controller,3.744
SN_880318,BATCH_120,NVMe_Controller,0.471
SN_880319,BATCH_118,SSD_Drive,3.111
SN_880320,BATCH_104,NVMe_Controller,8.631
SN_880321,BATCH_123,SSD_Drive,1.079
SN_880322,BATCH_129,NVMe_Controller,0.478
SN_880323,BATCH_107,SSD_Drive,1.998
SN_880324,BATCH_101,NVMe_Controller,2.462
SN_880325,BATCH_148,NVMe_Controller,1.828
SN_880326,BATCH_133,SSD_Drive,0.727
SN_880327,BATCH_122,SSD_Drive,1.444
SN_880328,BATCH_102,SSD_Drive,5.733
SN_880329,BATCH_123,NVMe_Controller,2.438
SN_880330,BATCH_117,NVMe_Controller,5.006
SN_880331,BATCH_146,NVMe_Controller,3.843
SN_880332,BATCH_136,SSD_Drive,3.982
SN_880333,BATCH_148,SSD_Drive,1.429
SN_880334,BATCH_130,SSD_Drive,3.686
SN_880335,BATCH_113,NVMe_Controller,0.119
SN_880336,BATCH_100,NVMe_Controller,2.826
SN_880337,BATCH_113,SSD_Drive,4.25
SN_880338,BATCH_140,NVMe_Controller,1.004
SN_880339,BATCH_104,NVMe_Controller,1.482
SN_880340,BATCH_130,NVMe_Controller,1.239
SN_880341,BATCH_130,SSD_Drive,0.366
SN_880342,BATCH_129,SSD_Drive,2.137
SN_880343,BATCH_135,SSD_Drive,19.308
SN_880344,BATCH_100,NVMe_Controller,2.184
SN_880345,BATCH_102,SSD_Drive,3.086
SN_880346,BATCH_119,SSD_Drive,5.293
SN_880347,BATCH_142,NVMe_Controller,5.228
SN_880348,BATCH_147,NVMe_Controller,14.968
SN_880349,BATCH_142,NVMe_Controller,9.744
SN_880350,BATCH_120,NVMe_Controller,7.898
SN_880351,BATCH_129,SSD_Drive,15.144
SN_880352,BATCH_141,NVMe_Controller,1.312
SN_880353,BATCH_143,NVMe_Controller,4.799
SN_880354,BATCH_129,NVMe_Controller,10.911
SN_880355,BATCH_104,NVMe_Controller,4.893
SN_880356,BATCH_109,NVMe_Controller,18.954
SN_880357,BATCH_123,NVMe_Controller,0.529
SN_880358,BATCH_144,SSD_Drive,2.893
SN_880359,BATCH_138,SSD_Drive,18.941
SN_880360,BATCH_147,SSD_Drive,2.387
SN_880361,BATCH_105,SSD_Drive,6.727
SN_880362,BATCH_109,NVMe_Controller,0.154
SN_880363,BATCH_141,NVMe_Controller,5.935
SN_880364,BATCH_142,NVMe_Controller,13.638
SN_880365,BATCH_109,SSD_Drive,2.412
SN_880366,BATCH_124,NVMe_Controller,0.108
SN_880367,BATCH_113,NVMe_Controller,0.142
SN_880368,BATCH_146,NVMe_Controller,11.129
SN_880369,BATCH_138,NVMe_Controller,6.41
SN_880370,BATCH_112,SSD_Drive,0.564
SN_880371,BATCH_110,NVMe_Controller,0.281
SN_880372,BATCH_138,NVMe_Controller,8.169
SN_880373,BATCH_110,NVMe_Controller,8.3
SN_880374,BATCH_145,SSD_Drive,0.642
SN_880375,BATCH_148,NVMe_Controller,1.794
SN_880376,BATCH_115,NVMe_Controller,7.571
SN_880377,BATCH_132,NVMe_Controller,3.727
SN_880378,BATCH_140,NVMe_Controller,15.685
SN_880379,BATCH_140,NVMe_Controller,3.28
SN_880380,BATCH_131,NVMe_Controller,5.65
SN_880381,BATCH_109,NVMe_Controller,3.565
SN_880382,BATCH_114,SSD_Drive,14.32
SN_880383,BATCH_115,SSD_Drive,2.543
SN_880384,BATCH_142,NVMe_Controller,1.306
SN_880385,BATCH_126,NVMe_Controller,1.977
SN_880386,BATCH_148,SSD_Drive,9.579
SN_880387,BATCH_144,SSD_Drive,3.445
SN_880388,BATCH_131,SSD_Drive,2.187
SN_880389,BATCH_105,SSD_Drive,3.929
SN_880390,BATCH_146,NVMe_Controller,0.715
SN_880391,BATCH_147,NVMe_Controller,0.027
SN_880392,BATCH_135,NVMe_Controller,1.647
SN_880393,BATCH_107,NVMe_Controller,4.644
SN_880394,BATCH_124,NVMe_Controller,6.218
SN_880395,BATCH_106,SSD_Drive,8.761
SN_880396,BATCH_116,SSD_Drive,13.063
SN_880397,BATCH_147,SSD_Drive,2.656
SN_880398,BATCH_129,SSD_Drive,6.745
SN_880399,BATCH_101,SSD_Drive,0.388
SN_880400,BATCH_116,NVMe_Controller,0.296
SN_880401,BATCH_103,SSD_Drive,0.667
SN_880402,BATCH_125,SSD_Drive,2.976
SN_880403,BATCH_113,NVMe_Controller,1.187
SN_880404,BATCH_107,NVMe_Controller,1.691
SN_880405,BATCH_104,NVMe_Controller,5.219
SN_880406,BATCH_104,NVMe_Controller,2.22
SN_880407,BATCH_104,NVMe_Controller,4.075
SN_880408,BATCH_126,SSD_Drive,2.659
SN_880409,BATCH_104,NVMe_Controller,0.925
SN_880410,BATCH_102,NVMe_Controller,0.385
SN_880411,BATCH_137,SSD_Drive,1.347
SN_880412,BATCH_129,SSD_Drive,0.297
SN_880413,BATCH_100,NVMe_Controller,4.82
SN_880414,BATCH_107,NVMe_Controller,7.941
SN_880415,BATCH_112,SSD_Drive,2.076
SN_880416,BATCH_119,NVMe_Controller,2.448
SN_880417,BATCH_105,NVMe_Controller,8.469
SN_880418,BATCH_149,NVMe_Controller,1.259
SN_880419,BATCH_149,NVMe_Controller,0.634
SN_880420,BATCH_147,NVMe_Controller,3.477
SN_880421,BATCH_107,SSD_Drive,5.195
SN_880422,BATCH_129,SSD_Drive,4.577
SN_880423,BATCH_148,NVMe_Controller,6.257
SN_880424,BATCH_139,NVMe_Controller,0.292
SN_880425,BATCH_114,SSD_Drive,2.795
SN_880426,BATCH_109,SSD_Drive,1.363
SN_880427,BATCH_132,SSD_Drive,7.117
SN_880428,BATCH_108,NVMe_Controller,10.307
SN_880429,BATCH_148,SSD_Drive,1.652
SN_880430,BATCH_132,NVMe_Controller,0.5
SN_880431,BATCH_108,NVMe_Controller,1.461
SN_880432,BATCH_113,NVMe_Controller,0.549
SN_880433,BATCH_131,NVMe_Controller,1.946
SN_880434,BATCH_136,NVMe_Controller,3.863
SN_880435,BATCH_105,SSD_Drive,18.187
SN_880436,BATCH_104,SSD_Drive,2.549
SN_880437,BATCH_103,SSD_Drive,1.243
SN_880438,BATCH_147,SSD_Drive,0.912
SN_880439,BATCH_115,NVMe_Controller,0.95
SN_880440,BATCH_109,SSD_Drive,1.07
SN_880441,BATCH_130,SSD_Drive,7.183
SN_880442,BATCH_130,SSD_Drive,0.315
SN_880443,BATCH_113,SSD_Drive,29.766
SN_880444,BATCH_112,SSD_Drive,3.698
SN_880445,BATCH_103,SSD_Drive,3.929
SN_880446,BATCH_145,NVMe_Controller,2.212
SN_880447,BATCH_125,NVMe_Controller,5.86
SN_880448,BATCH_123,SSD_Drive,3.188
SN_880449,BATCH_108,NVMe_Controller,1.995
SN_880450,BATCH_134,NVMe_Controller,1.54
SN_880451,BATCH_141,NVMe_Controller,12.995
SN_880452,BATCH_114,NVMe_Controller,1.719
SN_880453,BATCH_123,NVMe_Controller,2.867
SN_880454,BATCH_130,SSD_Drive,2.157
SN_880455,BATCH_118,NVMe_Controller,0.451
SN_880456,BATCH_101,NVMe_Controller,1.029
SN_880457,BATCH_101,SSD_Drive,1.051
SN_880458,BATCH_140,NVMe_Controller,5.915
SN_880459,BATCH_135,NVMe_Controller,2.609
SN_880460,BATCH_136,SSD_Drive,7.616
SN_880461,BATCH_133,NVMe_Controller,6.171
SN_880462,BATCH_138,SSD_Drive,1.066
SN_880463,BATCH_118,NVMe_Controller,4.138
SN_880464,BATCH_137,NVMe_Controller,6.792
SN_880465,BATCH_122,SSD_Drive,5.013
SN_880466,BATCH_115,NVMe_Controller,4.582
SN_880467,BATCH_145,SSD_Drive,6.728
SN_880468,BATCH_143,NVMe_Controller,0.292
SN_880469,BATCH_105,NVMe_Controller,6.573
SN_880470,BATCH_125,NVMe_Controller,1.592
SN_880471,BATCH_121,NVMe_Controller,4.242
SN_880472,BATCH_144,SSD_Drive,1.387
SN_880473,BATCH_146,NVMe_Controller,9.126
SN_880474,BATCH_123,NVMe_Controller,3.275
SN_880475,BATCH_145,SSD_Drive,5.149
SN_880476,BATCH_139,SSD_Drive,7.901
SN_880477,BATCH_120,SSD_Drive,11.284
SN_880478,BATCH_129,NVMe_Controller,6.585
SN_880479,BATCH_110,SSD_Drive,0.805
SN_880480,BATCH_108,SSD_Drive,9.639
SN_880481,BATCH_111,SSD_Drive,4.819
SN_880482,BATCH_125,SSD_Drive,4.701
SN_880483,BATCH_137,NVMe_Controller,12.713
SN_880484,BATCH_102,NVMe_Controller,1.431
SN_880485,BATCH_132,NVMe_Controller,1.369
SN_880486,BATCH_114,SSD_Drive,3.599
SN_880487,BATCH_146,SSD_Drive,6.949
SN_880488,BATCH_104,SSD_Drive,2.964
SN_880489,BATCH_123,NVMe_Controller,5.024
SN_880490,BATCH_110,SSD_Drive,3.012
SN_880491,BATCH_132,SSD_Drive,4.713
SN_880492,BATCH_122,NVMe_Controller,8.637
SN_880493,BATCH_109,NVMe_Controller,0.995
SN_880494,BATCH_142,NVMe_Controller,5.943
SN_880495,BATCH_127,NVMe_Controller,7.742
SN_880496,BATCH_138,NVMe_Controller,2.963
SN_880497,BATCH_116,SSD_Drive,1.952
SN_880498,BATCH_143,SSD_Drive,0.068
SN_880499,BATCH_125,SSD_Drive,7.975
SN_880500,BATCH_124,NVMe_Controller,1.987
SN_880501,BATCH_135,NVMe_Controller,2.21
SN_880502,BATCH_111,NVMe_Controller,2.047
SN_880503,BATCH_102,NVMe_Controller,3.453
SN_880504,BATCH_149,SSD_Drive,6.062
SN_880505,BATCH_128,SSD_Drive,7.389
SN_880506,BATCH_143,SSD_Drive,2.493
SN_880507,BATCH_123,SSD_Drive,5.44
SN_880508,BATCH_118,SSD_Drive,6.377
SN_880509,BATCH_112,SSD_Drive,1.761
SN_880510,BATCH_115,SSD_Drive,0.508
SN_880511,BATCH_139,SSD_Drive,11.253
SN_880512,BATCH_126,NVMe_Controller,5.652
SN_880513,BATCH_105,SSD_Drive,5.222
SN_880514,BATCH_141,SSD_Drive,0.304
SN_880515,BATCH_109,NVMe_Controller,8.515
SN_880516,BATCH_137,NVMe_Controller,4.174
SN_880517,BATCH_107,SSD_Drive,9.416
SN_880518,BATCH_117,SSD_Drive,18.357
SN_880519,BATCH_131,NVMe_Controller,15.744
SN_880520,BATCH_116,NVMe_Controller,9.693
SN_880521,BATCH_141,NVMe_Controller,0.055
SN_880522,BATCH_101,SSD_Drive,10.846
SN_880523,BATCH_143,NVMe_Controller,0.39
SN_880524,BATCH_119,SSD_Drive,9.526
SN_880525,BATCH_109,NVMe_Controller,1.644
SN_880526,BATCH_108,SSD_Drive,4.709
SN_880527,BATCH_147,NVMe_Controller,0.194
SN_880528,BATCH_138,SSD_Drive,7.374
SN_880529,BATCH_140,NVMe_Controller,0.592
SN_880530,BATCH_124,NVMe_Controller,2.644
SN_880531,BATCH_124,SSD_Drive,8.504
SN_880532,BATCH_123,SSD_Drive,5.943
SN_880533,BATCH_105,SSD_Drive,0.03
SN_880534,BATCH_129,NVMe_Controller,2.579
SN_880535,BATCH_109,NVMe_Controller,0.214
SN_880536,BATCH_138,NVMe_Controller,5.597
SN_880537,BATCH_130,NVMe_Controller,17.361
SN_880538,BATCH_117,NVMe_Controller,5.325
SN_880539,BATCH_142,SSD_Drive,1.27
SN_880540,BATCH_132,SSD_Drive,2.194
SN_880541,BATCH_118,NVMe_Controller,18.786
SN_880542,BATCH_122,NVMe_Controller,1.268
SN_880543,BATCH_104,SSD_Drive,4.122
SN_880544,BATCH_125,NVMe_Controller,2.558
SN_880545,BATCH_128,SSD_Drive,7.312
SN_880546,BATCH_123,SSD_Drive,10.102
SN_880547,BATCH_105,SSD_Drive,2.084
SN_880548,BATCH_138,SSD_Drive,5.4
SN_880549,BATCH_103,SSD_Drive,3.982
SN_880550,BATCH_147,NVMe_Controller,1.632
SN_880551,BATCH_141,SSD_Drive,1.587
SN_880552,BATCH_125,NVMe_Controller,3.868
SN_880553,BATCH_114,SSD_Drive,0.836
SN_880554,BATCH_112,NVMe_Controller,8.325
SN_880555,BATCH_139,SSD_Drive,0.358
SN_880556,BATCH_121,NVMe_Controller,0.497
SN_880557,BATCH_112,NVMe_Controller,2.094
SN_880558,BATCH_138,SSD_Drive,0.628
SN_880559,BATCH_116,SSD_Drive,3.228
SN_880560,BATCH_135,SSD_Drive,2.551
SN_880561,BATCH_138,NVMe_Controller,6.397
SN_880562,BATCH_147,SSD_Drive,15.288
SN_880563,BATCH_124,SSD_Drive,7.003
SN_880564,BATCH_133,NVMe_Controller,0.989
SN_880565,BATCH_120,SSD_Drive,13.707
SN_880566,BATCH_124,SSD_Drive,2.489
SN_880567,BATCH_124,NVMe_Controller,3.214
SN_880568,BATCH_121,SSD_Drive,2.737
SN_880569,BATCH_122,NVMe_Controller,1.646
SN_880570,BATCH_124,SSD_Drive,11.271
SN_880571,BATCH_113,NVMe_Controller,2.019
SN_880572,BATCH_113,NVMe_Controller,4.321
SN_880573,BATCH_125,SSD_Drive,1.372
SN_880574,BATCH_139,NVMe_Controller,7.982
SN_880575,BATCH_129,SSD_Drive,7.44
SN_880576,BATCH_125,NVMe_Controller,1.757
SN_880577,BATCH_137,NVMe_Controller,5.722
SN_880578,BATCH_121,SSD_Drive,6.085
SN_880579,BATCH_138,SSD_Drive,4.134
SN_880580,BATCH_138,SSD_Drive,4.589
SN_880581,BATCH_133,NVMe_Controller,4.272
SN_880582,BATCH_124,SSD_Drive,0.427
SN_880583,BATCH_135,NVMe_Controller,5.547
SN_880584,BATCH_112,NVMe_Controller,3.172
SN_880585,BATCH_128,SSD_Drive,2.885
SN_880586,BATCH_141,NVMe_Controller,9.831
SN_880587,BATCH_108,SSD_Drive,0.118
SN_880588,BATCH_114,NVMe_Controller,1.447
SN_880589,BATCH_130,SSD_Drive,0.647
SN_880590,BATCH_143,NVMe_Controller,0.18
SN_880591,BATCH_126,NVMe_Controller,1.613
SN_880592,BATCH_130,SSD_Drive,22.317
SN_880593,BATCH_109,NVMe_Controller,1.575
SN_880594,BATCH_136,NVMe_Controller,5.449
SN_880595,BATCH_106,NVMe_Controller,0.63
SN_880596,BATCH_131,NVMe_Controller,4.605
SN_880597,BATCH_110,NVMe_Controller,20.829
SN_880598,BATCH_147,SSD_Drive,1.725
SN_880599,BATCH_144,SSD_Drive,9.422
SN_880600,BATCH_127,NVMe_Controller,30.102
SN_880601,BATCH_103,SSD_Drive,4.44
SN_880602,BATCH_147,SSD_Drive,1.851
SN_880603,BATCH_144,NVMe_Controller,5.597
SN_880604,BATCH_130,SSD_Drive,9.317
SN_880605,BATCH_128,NVMe_Controller,0.94
SN_880606,BATCH_132,SSD_Drive,3.012
SN_880607,BATCH_103,NVMe_Controller,1.922
SN_880608,BATCH_146,NVMe_Controller,1.666
SN_880609,BATCH_125,NVMe_Controller,9.86
SN_880610,BATCH_130,NVMe_Controller,2.738
SN_880611,BATCH_130,SSD_Drive,2.071
SN_880612,BATCH_126,SSD_Drive,4.626
SN_880613,BATCH_124,NVMe_Controller,1.238
SN_880614,BATCH_147,SSD_Drive,1.306
SN_880615,BATCH_135,NVMe_Controller,3.673
SN_880616,BATCH_148,NVMe_Controller,2.632
SN_880617,BATCH_130,SSD_Drive,1.748
SN_880618,BATCH_142,NVMe_Controller,0.277
SN_880619,BATCH_136,NVMe_Controller,3.678
SN_880620,BATCH_144,SSD_Drive,8.481
SN_880621,BATCH_143,NVMe_Controller,9.532
SN_880622,BATCH_122,NVMe_Controller,1.342
SN_880623,BATCH_134,SSD_Drive,4.577
SN_880624,BATCH_103,SSD_Drive,9.686
SN_880625,BATCH_127,NVMe_Controller,2.627
SN_880626,BATCH_141,SSD_Drive,13.451
SN_880627,BATCH_140,SSD_Drive,11.664
SN_880628,BATCH_141,SSD_Drive,1.167
SN_880629,BATCH_112,SSD_Drive,1.499
SN_880630,BATCH_100,SSD_Drive,0.995
SN_880631,BATCH_111,SSD_Drive,1.091
SN_880632,BATCH_142,NVMe_Controller,11.922
SN_880633,BATCH_139,NVMe_Controller,13.378
SN_880634,BATCH_125,SSD_Drive,0.266
SN_880635,BATCH_145,SSD_Drive,4.502
SN_880636,BATCH_145,SSD_Drive,4.153
SN_880637,BATCH_122,NVMe_Controller,2.476
SN_880638,BATCH_148,NVMe_Controller,4.994
SN_880639,BATCH_121,NVMe_Controller,14.722
SN_880640,BATCH_127,NVMe_Controller,0.933
SN_880641,BATCH_116,SSD_Drive,0.642
SN_880642,BATCH_105,SSD_Drive,0.17
SN_880643,BATCH_113,SSD_Drive,2.261
SN_880644,BATCH_149,SSD_Drive,2.06
SN_880645,BATCH_116,SSD_Drive,2.818
SN_880646,BATCH_137,NVMe_Controller,3.499
SN_880647,BATCH_104,SSD_Drive,7.09
SN_880648,BATCH_112,NVMe_Controller,2.489
SN_880649,BATCH_147,SSD_Drive,2.007
SN_880650,BATCH_108,SSD_Drive,8.769
SN_880651,BATCH_143,NVMe_Controller,9.479
SN_880652,BATCH_141,NVMe_Controller,1.325
SN_880653,BATCH_125,SSD_Drive,1.889
SN_880654,BATCH_112,NVMe_Controller,8.718
SN_880655,BATCH_118,NVMe_Controller,0.414
SN_880656,BATCH_147,NVMe_Controller,1.971
SN_880657,BATCH_116,SSD_Drive,2.974
SN_880658,BATCH_115,SSD_Drive,1.036
SN_880659,BATCH_129,SSD_Drive,0.992
SN_880660,BATCH_131,NVMe_Controller,2.766
SN_880661,BATCH_113,NVMe_Controller,7.023
SN_880662,BATCH_147,SSD_Drive,9.17
SN_880663,BATCH_114,SSD_Drive,19.372
SN_880664,BATCH_111,NVMe_Controller,0.384
SN_880665,BATCH_136,SSD_Drive,1.221
SN_880666,BATCH_110,SSD_Drive,7.066
SN_880667,BATCH_104,NVMe_Controller,3.889
SN_880668,BATCH_110,NVMe_Controller,1.985
SN_880669,BATCH_133,SSD_Drive,1.151
SN_880670,BATCH_118,NVMe_Controller,1.646
SN_880671,BATCH_125,NVMe_Controller,2.804
SN_880672,BATCH_125,SSD_Drive,0.975
SN_880673,BATCH_116,NVMe_Controller,16.653
SN_880674,BATCH_130,NVMe_Controller,0.569
SN_880675,BATCH_118,SSD_Drive,21.195
SN_880676,BATCH_143,NVMe_Controller,9.222
SN_880677,BATCH_119,NVMe_Controller,2.751
SN_880678,BATCH_122,SSD_Drive,6.732
SN_880679,BATCH_124,NVMe_Controller,5.566
SN_880680,BATCH_127,SSD_Drive,1.199
SN_880681,BATCH_136,SSD_Drive,2.071
SN_880682,BATCH_111,NVMe_Controller,3.599
SN_880683,BATCH_147,SSD_Drive,5.078
SN_880684,BATCH_100,SSD_Drive,3.914
SN_880685,BATCH_101,NVMe_Controller,3.203
SN_880686,BATCH_109,SSD_Drive,2.927
SN_880687,BATCH_133,SSD_Drive,3.448
SN_880688,BATCH_131,NVMe_Controller,2.849
SN_880689,BATCH_124,SSD_Drive,3.897
SN_880690,BATCH_109,SSD_Drive,10.946
SN_880691,BATCH_149,NVMe_Controller,5.01
SN_880692,BATCH_100,NVMe_Controller,6.412
SN_880693,BATCH_131,SSD_Drive,4.55
SN_880694,BATCH_136,SSD_Drive,5.15
SN_880695,BATCH_111,SSD_Drive,4.318
SN_880696,BATCH_148,NVMe_Controller,0.136
SN_880697,BATCH_117,SSD_Drive,39.1
SN_880698,BATCH_129,NVMe_Controller,0.171
SN_880699,BATCH_112,SSD_Drive,2.514
SN_880700,BATCH_102,SSD_Drive,0.555
SN_880701,BATCH_120,NVMe_Controller,0.51
SN_880702,BATCH_141,SSD_Drive,7.888
SN_880703,BATCH_113,NVMe_Controller,2.775
SN_880704,BATCH_139,NVMe_Controller,8.076
SN_880705,BATCH_109,SSD_Drive,1.593
SN_880706,BATCH_101,SSD_Drive,1.482
SN_880707,BATCH_144,NVMe_Controller,1.447
SN_880708,BATCH_136,NVMe_Controller,4.787
SN_880709,BATCH_110,NVMe_Controller,8.437
SN_880710,BATCH_100,SSD_Drive,3.01
SN_880711,BATCH_125,SSD_Drive,2.384
SN_880712,BATCH_141,SSD_Drive,18.168
SN_880713,BATCH_112,SSD_Drive,0.621
SN_880714,BATCH_127,NVMe_Controller,3.334
SN_880715,BATCH_135,NVMe_Controller,2.625
SN_880716,BATCH_120,NVMe_Controller,0.516
SN_880717,BATCH_109,SSD_Drive,1.561
SN_880718,BATCH_111,SSD_Drive,0.144
SN_880719,BATCH_145,SSD_Drive,10.476
SN_880720,BATCH_126,NVMe_Controller,4.681
SN_880721,BATCH_102,NVMe_Controller,8.437
SN_880722,BATCH_127,NVMe_Controller,3.686
SN_880723,BATCH_101,NVMe_Controller,4.575
SN_880724,BATCH_127,SSD_Drive,6.034
SN_880725,BATCH_130,SSD_Drive,11.93
SN_880726,BATCH_142,SSD_Drive,0.481
SN_880727,BATCH_120,NVMe_Controller,2.009
SN_880728,BATCH_106,NVMe_Controller,6.173
SN_880729,BATCH_149,NVMe_Controller,15.892
SN_880730,BATCH_130,NVMe_Controller,19.766
SN_880731,BATCH_113,SSD_Drive,5.082
SN_880732,BATCH_138,SSD_Drive,1.076
SN_880733,BATCH_138,NVMe_Controller,0.635
SN_880734,BATCH_108,SSD_Drive,14.598
SN_880735,BATCH_122,NVMe_Controller,2.845
SN_880736,BATCH_111,NVMe_Controller,1.083
SN_880737,BATCH_128,NVMe_Controller,13.582
SN_880738,BATCH_137,NVMe_Controller,0.552
SN_880739,BATCH_138,NVMe_Controller,6.539
SN_880740,BATCH_121,SSD_Drive,4.908
SN_880741,BATCH_103,SSD_Drive,0.459
SN_880742,BATCH_147,SSD_Drive,2.068
SN_880743,BATCH_106,SSD_Drive,0.812
SN_880744,BATCH_139,SSD_Drive,4.638
SN_880745,BATCH_107,SSD_Drive,3.242
SN_880746,BATCH_134,NVMe_Controller,0.021
SN_880747,BATCH_108,NVMe_Controller,18.589
SN_880748,BATCH_112,SSD_Drive,2.151
SN_880749,BATCH_138,NVMe_Controller,1.493
SN_880750,BATCH_119,NVMe_Controller,1.258
SN_880751,BATCH_120,NVMe_Controller,0.865
SN_880752,BATCH_146,SSD_Drive,35.276
SN_880753,BATCH_118,SSD_Drive,1.749
SN_880754,BATCH_101,SSD_Drive,2.6
SN_880755,BATCH_143,NVMe_Controller,10.254
SN_880756,BATCH_139,SSD_Drive,5.135
SN_880757,BATCH_129,SSD_Drive,2.3
SN_880758,BATCH_122,SSD_Drive,11.43
SN_880759,BATCH_139,NVMe_Controller,6.926
SN_880760,BATCH_112,SSD_Drive,1.293
SN_880761,BATCH_132,SSD_Drive,5.16
SN_880762,BATCH_131,SSD_Drive,12.781
SN_880763,BATCH_127,NVMe_Controller,3.43
SN_880764,BATCH_123,SSD_Drive,6.614
SN_880765,BATCH_141,SSD_Drive,17.72
SN_880766,BATCH_127,NVMe_Controller,5.863
SN_880767,BATCH_129,SSD_Drive,0.54
SN_880768,BATCH_140,SSD_Drive,1.402
SN_880769,BATCH_128,SSD_Drive,4.521
SN_880770,BATCH_133,SSD_Drive,1.612
SN_880771,BATCH_121,NVMe_Controller,15.796
SN_880772,BATCH_124,NVMe_Controller,2.599
SN_880773,BATCH_113,NVMe_Controller,3.055
SN_880774,BATCH_109,SSD_Drive,6.047
SN_880775,BATCH_109,SSD_Drive,3.714
SN_880776,BATCH_107,SSD_Drive,2.408
SN_880777,BATCH_113,SSD_Drive,0.399
SN_880778,BATCH_144,NVMe_Controller,4.537
SN_880779,BATCH_137,SSD_Drive,10.109
SN_880780,BATCH_131,NVMe_Controller,5.788
SN_880781,BATCH_144,SSD_Drive,2.402
SN_880782,BATCH_131,SSD_Drive,0.683
SN_880783,BATCH_102,NVMe_Controller,8.473
SN_880784,BATCH_119,SSD_Drive,14.215
SN_880785,BATCH_112,SSD_Drive,2.457
SN_880786,BATCH_122,SSD_Drive,6.522
SN_880787,BATCH_118,SSD_Drive,2.645
SN_880788,BATCH_115,NVMe_Controller,3.488
SN_880789,BATCH_135,SSD_Drive,9.054
SN_880790,BATCH_134,NVMe_Controller,0.436
SN_880791,BATCH_146,NVMe_Controller,3.779
SN_880792,BATCH_146,SSD_Drive,1.208
SN_880793,BATCH_149,SSD_Drive,2.076
SN_880794,BATCH_106,NVMe_Controller,5.17
SN_880795,BATCH_136,NVMe_Controller,0.138
SN_880796,BATCH_107,SSD_Drive,4.505
SN_880797,BATCH_124,SSD_Drive,1.666
SN_880798,BATCH_122,NVMe_Controller,5.536
SN_880799,BATCH_109,SSD_Drive,0.763
SN_880800,BATCH_129,SSD_Drive,6.655
SN_880801,BATCH_132,NVMe_Controller,5.187
SN_880802,BATCH_110,SSD_Drive,17.744
SN_880803,BATCH_134,NVMe_Controller,12.109
SN_880804,BATCH_126,SSD_Drive,1.666
SN_880805,BATCH_102,NVMe_Controller,0.138
SN_880806,BATCH_146,NVMe_Controller,5.326
SN_880807,BATCH_148,NVMe_Controller,4.618
SN_880808,BATCH_149,NVMe_Controller,0.139
SN_880809,BATCH_107,NVMe_Controller,0.654
SN_880810,BATCH_112,SSD_Drive,4.394
SN_880811,BATCH_141,SSD_Drive,12.142
SN_880812,BATCH_102,NVMe_Controller,11.849
SN_880813,BATCH_119,NVMe_Controller,0.821
SN_880814,BATCH_145,NVMe_Controller,2.427
SN_880815,BATCH_144,NVMe_Controller,0.221
SN_880816,BATCH_134,NVMe_Controller,3.168
SN_880817,BATCH_112,SSD_Drive,6.994
SN_880818,BATCH_119,NVMe_Controller,7.803
SN_880819,BATCH_123,SSD_Drive,3.456
SN_880820,BATCH_108,NVMe_Controller,0.504
SN_880821,BATCH_129,NVMe_Controller,2.401
SN_880822,BATCH_124,SSD_Drive,13.449
SN_880823,BATCH_115,NVMe_Controller,1.304
SN_880824,BATCH_107,NVMe_Controller,1.927
SN_880825,BATCH_143,SSD_Drive,6.868
SN_880826,BATCH_127,SSD_Drive,6.613
SN_880827,BATCH_111,NVMe_Controller,12.164
SN_880828,BATCH_123,SSD_Drive,2.456
SN_880829,BATCH_148,NVMe_Controller,3.614
SN_880830,BATCH_128,SSD_Drive,3.15
SN_880831,BATCH_114,NVMe_Controller,13.138
SN_880832,BATCH_117,SSD_Drive,7.334
SN_880833,BATCH_106,NVMe_Controller,8.902
SN_880834,BATCH_112,SSD_Drive,0.714
SN_880835,BATCH_118,SSD_Drive,7.847
SN_880836,BATCH_147,NVMe_Controller,2.837
SN_880837,BATCH_142,NVMe_Controller,0.118
SN_880838,BATCH_104,NVMe_Controller,0.31
SN_880839,BATCH_125,SSD_Drive,5.665
SN_880840,BATCH_101,NVMe_Controller,2.326
SN_880841,BATCH_132,NVMe_Controller,10.129
SN_880842,BATCH_147,SSD_Drive,6.626
SN_880843,BATCH_136,SSD_Drive,0.11
SN_880844,BATCH_124,NVMe_Controller,5.806
SN_880845,BATCH_124,NVMe_Controller,1.068
SN_880846,BATCH_138,SSD_Drive,2.746
SN_880847,BATCH_129,SSD_Drive,4.901
SN_880848,BATCH_140,NVMe_Controller,10.307
SN_880849,BATCH_103,SSD_Drive,3.045
SN_880850,BATCH_118,SSD_Drive,8.264
SN_880851,BATCH_126,NVMe_Controller,7.638
SN_880852,BATCH_146,NVMe_Controller,2.677
SN_880853,BATCH_138,NVMe_Controller,3.476
SN_880854,BATCH_123,SSD_Drive,6.028
SN_880855,BATCH_149,NVMe_Controller,0.158
SN_880856,BATCH_136,SSD_Drive,11.073
SN_880857,BATCH_124,SSD_Drive,7.344
SN_880858,BATCH_128,SSD_Drive,1.435
SN_880859,BATCH_130,SSD_Drive,19.864
SN_880860,BATCH_144,NVMe_Controller,0.989
SN_880861,BATCH_134,SSD_Drive,12.272
SN_880862,BATCH_127,NVMe_Controller,1.961
SN_880863,BATCH_137,SSD_Drive,7.202
SN_880864,BATCH_143,SSD_Drive,3.047
SN_880865,BATCH_149,NVMe_Controller,6.668
SN_880866,BATCH_149,NVMe_Controller,0.847
SN_880867,BATCH_103,NVMe_Controller,1.57
SN_880868,BATCH_127,NVMe_Controller,0.526
SN_880869,BATCH_130,NVMe_Controller,10.018
SN_880870,BATCH_122,NVMe_Controller,1.757
SN_880871,BATCH_113,SSD_Drive,5.929
SN_880872,BATCH_127,NVMe_Controller,8.58
SN_880873,BATCH_113,SSD_Drive,11.584
SN_880874,BATCH_100,SSD_Drive,0.562
SN_880875,BATCH_142,NVMe_Controller,11.175
SN_880876,BATCH_131,SSD_Drive,1.099
SN_880877,BATCH_140,SSD_Drive,6.676
SN_880878,BATCH_117,NVMe_Controller,6.525
SN_880879,BATCH_104,NVMe_Controller,0.043
SN_880880,BATCH_141,SSD_Drive,1.246
SN_880881,BATCH_114,NVMe_Controller,3.385
SN_880882,BATCH_141,NVMe_Controller,2.724
SN_880883,BATCH_115,SSD_Drive,12.54
SN_880884,BATCH_135,NVMe_Controller,2.229
SN_880885,BATCH_135,NVMe_Controller,13.822
SN_880886,BATCH_139,NVMe_Controller,3.076
SN_880887,BATCH_129,SSD_Drive,16.67
SN_880888,BATCH_137,SSD_Drive,6.685
SN_880889,BATCH_122,NVMe_Controller,8.84
SN_880890,BATCH_110,NVMe_Controller,0.554
SN_880891,BATCH_124,NVMe_Controller,4.411
SN_880892,BATCH_144,SSD_Drive,0.77
SN_880893,BATCH_142,SSD_Drive,1.766
SN_880894,BATCH_101,NVMe_Controller,4.885
SN_880895,BATCH_134,NVMe_Controller,6.477
SN_880896,BATCH_146,SSD_Drive,0.2
SN_880897,BATCH_123,NVMe_Controller,3.785
SN_880898,BATCH_112,NVMe_Controller,4.166
SN_880899,BATCH_141,SSD_Drive,0.411
SN_880900,BATCH_136,NVMe_Controller,3.473
SN_880901,BATCH_129,NVMe_Controller,6.256
SN_880902,BATCH_110,SSD_Drive,0.273
SN_880903,BATCH_122,NVMe_Controller,7.141
SN_880904,BATCH_145,SSD_Drive,4.295
SN_880905,BATCH_127,SSD_Drive,8.956
SN_880906,BATCH_128,SSD_Drive,1.23
SN_880907,BATCH_114,NVMe_Controller,8.957
SN_880908,BATCH_144,NVMe_Controller,0.497
SN_880909,BATCH_102,NVMe_Controller,2.586
SN_880910,BATCH_108,NVMe_Controller,1.112
SN_880911,BATCH_107,SSD_Drive,10.438
SN_880912,BATCH_146,SSD_Drive,6.103
SN_880913,BATCH_132,SSD_Drive,0.128
SN_880914,BATCH_133,NVMe_Controller,0.048
SN_880915,BATCH_108,SSD_Drive,1.721
SN_880916,BATCH_116,SSD_Drive,0.773
SN_880917,BATCH_140,NVMe_Controller,4.975
SN_880918,BATCH_100,NVMe_Controller,5.45
SN_880919,BATCH_139,SSD_Drive,14.232
SN_880920,BATCH_104,NVMe_Controller,15.187
SN_880921,BATCH_129,NVMe_Controller,5.378
SN_880922,BATCH_110,NVMe_Controller,0.028
SN_880923,BATCH_127,SSD_Drive,2.224
SN_880924,BATCH_137,SSD_Drive,3.599
SN_880925,BATCH_116,SSD_Drive,3.458
SN_880926,BATCH_149,SSD_Drive,4.623
SN_880927,BATCH_122,SSD_Drive,16.164
SN_880928,BATCH_117,SSD_Drive,10.823
SN_880929,BATCH_136,SSD_Drive,0.577
SN_880930,BATCH_126,SSD_Drive,1.546
SN_880931,BATCH_124,NVMe_Controller,8.952
SN_880932,BATCH_104,NVMe_Controller,8.695
SN_880933,BATCH_118,SSD_Drive,1.61
SN_880934,BATCH_126,NVMe_Controller,6.558
SN_880935,BATCH_112,NVMe_Controller,5.574
SN_880936,BATCH_106,SSD_Drive,3.208
SN_880937,BATCH_125,SSD_Drive,1.125
SN_880938,BATCH_113,SSD_Drive,10.975
SN_880939,BATCH_126,NVMe_Controller,5.664
SN_880940,BATCH_107,NVMe_Controller,0.926
SN_880941,BATCH_130,SSD_Drive,6.101
SN_880942,BATCH_134,SSD_Drive,6.763
SN_880943,BATCH_126,NVMe_Controller,10.897
SN_880944,BATCH_103,SSD_Drive,1.261
SN_880945,BATCH_141,SSD_Drive,22.439
SN_880946,BATCH_103,NVMe_Controller,0.833
SN_880947,BATCH_117,NVMe_Controller,4.59
SN_880948,BATCH_122,SSD_Drive,5.353
SN_880949,BATCH_131,NVMe_Controller,2.715
SN_880950,BATCH_111,NVMe_Controller,3.222
SN_880951,BATCH_119,SSD_Drive,11.078
SN_880952,BATCH_146,SSD_Drive,5.182
SN_880953,BATCH_144,SSD_Drive,3.436
SN_880954,BATCH_111,SSD_Drive,0.687
SN_880955,BATCH_107,SSD_Drive,0.037
SN_880956,BATCH_121,SSD_Drive,0.667
SN_880957,BATCH_126,SSD_Drive,15.639
SN_880958,BATCH_140,NVMe_Controller,7.221
SN_880959,BATCH_140,SSD_Drive,17.074
SN_880960,BATCH_116,NVMe_Controller,0.182
SN_880961,BATCH_131,SSD_Drive,5.701
SN_880962,BATCH_132,SSD_Drive,0.227
SN_880963,BATCH_130,SSD_Drive,7.618
SN_880964,BATCH_105,SSD_Drive,2.398
SN_880965,BATCH_138,SSD_Drive,0.503
SN_880966,BATCH_108,SSD_Drive,4.197
SN_880967,BATCH_141,NVMe_Controller,1.643
SN_880968,BATCH_131,SSD_Drive,5.388
SN_880969,BATCH_135,SSD_Drive,5.367
SN_880970,BATCH_115,SSD_Drive,6.104
SN_880971,BATCH_111,NVMe_Controller,24.441
SN_880972,BATCH_140,NVMe_Controller,2.444
SN_880973,BATCH_102,SSD_Drive,3.13
SN_880974,BATCH_126,SSD_Drive,8.164
SN_880975,BATCH_126,SSD_Drive,4.318
SN_880976,BATCH_108,SSD_Drive,0.19
SN_880977,BATCH_116,SSD_Drive,9.26
SN_880978,BATCH_145,NVMe_Controller,0.264
SN_880979,BATCH_104,SSD_Drive,0.937
SN_880980,BATCH_125,NVMe_Controller,0.538
SN_880981,BATCH_120,NVMe_Controller,0.406
SN_880982,BATCH_100,SSD_Drive,0.13
SN_880983,BATCH_100,NVMe_Controller,0.283
SN_880984,BATCH_134,SSD_Drive,2.921
SN_880985,BATCH_108,NVMe_Controller,1.457
SN_880986,BATCH_122,SSD_Drive,0.676
SN_880987,BATCH_137,SSD_Drive,5.375
SN_880988,BATCH_140,SSD_Drive,1.282
SN_880989,BATCH_103,SSD_Drive,0.096
SN_880990,BATCH_118,NVMe_Controller,2.71
SN_880991,BATCH_136,NVMe_Controller,1.858
SN_880992,BATCH_104,NVMe_Controller,1.918
SN_880993,BATCH_127,SSD_Drive,2.946
SN_880994,BATCH_145,SSD_Drive,5.527
SN_880995,BATCH_141,NVMe_Controller,4.792
SN_880996,BATCH_147,SSD_Drive,13.844
SN_880997,BATCH_122,SSD_Drive,3.646
SN_880998,BATCH_137,NVMe_Controller,3.199
SN_880999,BATCH_122,SSD_Drive,1.2
