booking_id,lead_time,nights,adults,children,prior_cancellations,booking_changes,deposit_type,market_segment,customer_type,adr,total_special_requests,is_repeated_guest,is_canceled
B21186,124,9,3,1.0,2,2,No Deposit,Direct,Transient-Party,77.36,1,1,0
B20480,118,10,2,0.0,0,1,NO DEPOSIT,Direct,Transient,141.4,0,0,1
B20522,103,13,1,2.0,1,0,REFUNDABLE,Offline TA,Transient,91.54,2,0,0
B20768,81,10,1,1.0,0,0,Non Refund,Online TA,Transient,138.39,0,0,0
B20889,48,7,2,3.0,0,1,No Deposit,DIRECT,Transient-Party,200.21,0,0,0
B20439,123,3,4,2.0,1,0,No Deposit,Groups,Transient,201.32,0,0,1
B20601,111,10,2,1.0,0,0,NO DEPOSIT,Online TA,Transient,67.82,1,0,1
B21256,86,12,2,3.0,0,0,Refundable,Online Travel Agent,Transient,,2,0,1
B20455,161,1,1,0.0,0,0,NO DEPOSIT,Offline TA,Transient-Party,89.09,2,0,0
B20911,43,9,4,0.0,3,0,No Deposit,Online TA,Transient,83.02,0,0,1
B20985,8,13,2,1.0,1,0,No Deposit,online ta,Transient-Party,135.9,1,0,0
B20643,59,13,2,0.0,0,0,No Deposit,Online TA,Transient-Party,126.93,1,0,0
B21175,37,10,1,0.0,0,0,No Deposit,Groups,Transient-Party,47.21,0,0,1
B21147,218,12,2,3.0,0,1,No Deposit,Online TA,Transient,136.74,1,0,1
B20624,133,2,3,0.0,1,0,No Deposit,Offline Travel Agent,Transient,65.96,1,0,1
B20017,86,12,2,0.0,0,0,Non Refund,ONLINE TA,Transient,69.33,1,0,0
B21143,291,10,1,0.0,2,0,No Deposit,Corporate,Transient,89.2,1,0,1
B20781,185,5,3,3.0,1,0,No Deposit,Online TA,Transient,50.83,2,0,1
B20421,62,13,3,1.0,3,0,Non Refund,Online TA,Transient,123.23,0,0,1
B20789,73,14,2,1.0,1,0,Refundable,Group,Transient,49.75,1,0,1
B20498,151,6,2,2.0,0,0,Non Refund,online ta,Transient-Party,127.61,0,0,1
B20530,73,7,1,0.0,2,1,NO DEPOSIT,Offline TA,Transient-Party,85.03,0,0,0
B20812,146,10,2,3.0,1,1,no deposit,Groups,Transient,77.14,0,0,1
B20856,126,7,2,0.0,2,1,NO DEPOSIT,ONLINE TA,Transient,127.32,0,0,1
B20045,122,13,3,0.0,1,0,Non Refund,Online TA,Transient,132.34,1,0,0
B21225,294,13,2,1.0,0,1,No Deposit,Online TA,Transient,197.47,0,0,1
B21130,114,1,3,0.0,0,0,No Deposit,Offline TA,Transient,139.35,1,0,1
B20903,68,5,2,3.0,0,2,Non Refund,Direct,Transient,182.49,1,0,0
B20367,157,12,2,3.0,0,0,No Deposit,Online TA,Transient,154.34,0,0,1
B21088,37,1,2,0.0,1,1,No Deposit,Online TA,Transient,132.37,0,0,0
B20323,178,11,1,0.0,2,0,No Deposit,Online TA,Transient,140.38,0,0,1
B20756,154,8,2,0.0,1,0,Refundable,Direct,Transient,199.19,2,1,0
B20956,38,13,1,0.0,1,1,Refundable,Online Travel Agent,Transient,151.82,0,0,1
B20682,124,4,2,3.0,3,0,No Deposit,Online TA,Transient,137.99,0,0,1
B20916,21,8,4,0.0,0,0,No deposit,Offline TA,Transient,129.81,0,0,0
B21003,155,7,2,3.0,0,1,No Deposit,corporate,Transient,209.49,3,0,0
B20142,171,5,4,0.0,3,1,No Deposit,Online TA,Transient,108.81,3,1,1
B20923,50,1,2,2.0,0,0,No Deposit,Online TA,Transient-Party,114.48,0,0,0
B20400,228,10,1,0.0,1,1,non-refundable,Direct,Transient,85.31,0,0,0
B20681,53,13,3,1.0,0,0,No Deposit,online ta,Group,128.15,2,0,0
B21059,162,14,3,0.0,1,2,No Deposit,Groups,Transient,60.54,1,0,1
B21021,39,2,4,0.0,0,0,No deposit,Online TA,Transient,96.09,1,0,0
B20597,47,12,3,2.0,0,0,No Deposit,groups,Transient,51.84,0,0,1
B20511,232,11,2,2.0,0,1,No Deposit,Online TA,Transient,44.25,0,0,1
B20230,174,1,2,0.0,2,0,Refundable,Online Travel Agent,Transient-Party,91.97,0,0,1
B20330,140,9,3,0.0,1,0,No Deposit,direct,Transient,117.88,0,0,1
B21234,70,3,2,0.0,1,0,Refundable,Online TA,Transient,129.71,1,0,0
B20551,52,1,4,0.0,0,1,Refundable,Online TA,Transient,119.29,1,0,0
B21157,120,8,2,2.0,0,1,Refundable,Corporate,Transient-Party,112.77,2,1,0
B20273,108,14,3,0.0,0,0,No Deposit,ONLINE TA,Transient,127.71,1,0,1
B20568,89,9,3,0.0,1,2,No Deposit,Online TA,Transient,46.39,0,0,1
B20792,37,1,2,0.0,0,0,No Deposit,Online TA,Contract,89.87,1,0,0
B20199,93,2,2,0.0,0,0,No Deposit,Direct,Transient,99.01,1,0,0
B21264,64,14,2,,2,1,Non Refund,Groups,Transient-Party,101.06,0,0,1
B20464,126,2,1,1.0,0,1,NO DEPOSIT,Groups,Transient,128.69,0,0,1
B20606,-7,2,1,0.0,1,0,No Deposit,groups,Transient,89.98,0,0,1
B20356,37,2,1,2.0,1,1,Refundable,Direct,Transient,84.11,0,0,0
B20235,47,1,2,3.0,0,1,No Deposit,Online Travel Agent,Transient,173.44,0,0,1
B21041,35,5,2,0.0,0,1,No Deposit,Groups,Contract,146.72,1,0,1
B20263,331,11,2,2.0,0,0,No Deposit,ONLINE TA,Contract,134.06,1,0,1
B20556,195,9,4,0.0,0,2,No Deposit,online ta,Transient,46.17,0,0,1
B20847,200,12,2,2.0,0,0,Refundable,Online TA,Transient,109.14,0,0,1
B20891,125,12,2,0.0,2,0,Non Refund,Offline TA,Contract,120.61,0,0,1
B20888,170,14,1,,0,1,Non Refund,ONLINE TA,Transient,75.09,0,0,0
B20826,37,6,1,3.0,0,0,No Deposit,DIRECT,Transient,147.54,0,0,0
B21299,112,2,1,1.0,2,1,No Deposit,Offline TA,Transient,91.9,0,0,0
B21202,151,13,2,0.0,0,0,No Deposit,Offline TA,Transient,88.39,0,0,1
B21006,220,8,2,2.0,1,0,Non Refund,online ta,Transient-Party,88.5,3,0,0
B20662,77,9,2,0.0,0,2,Refundable,Online TA,Transient-Party,93.76,0,0,0
B20600,182,9,2,0.0,1,0,NO DEPOSIT,Online TA,Transient,28.0,0,0,1
B20532,87,14,1,0.0,2,0,No Deposit,Corporate,Contract,105.03,1,0,1
B20801,177,12,2,1.0,0,0,no deposit,Online TA,Transient,70.86,0,0,0
B20844,71,7,2,0.0,0,0,non refund,Online TA,Transient-Party,109.46,2,0,0
B20596,142,7,2,1.0,1,0,No Deposit,Direct,Transient,165.64,0,0,1
B20618,25,3,2,1.0,0,0,No Deposit,Online TA,Transient,33.71,0,0,0
B20315,187,13,2,0.0,1,0,Refundable,direct,Transient,133.01,0,0,0
B21224,46,9,4,3.0,0,1,Non Refund,online ta,Transient,115.61,1,0,0
B20318,189,4,3,2.0,1,0,No Deposit,Online TA,Transient-Party,101.44,0,0,1
B20680,38,4,2,1.0,0,0,No deposit,Corporate,Transient,144.47,0,0,1
B20951,111,11,2,3.0,1,2,No Deposit,Direct,Transient,135.16,1,0,0
B20462,235,9,4,0.0,1,2,non-refundable,Online TA,Transient,158.69,1,0,0
B20693,30,7,2,2.0,0,1,NO DEPOSIT,DIRECT,Transient,123.14,0,0,0
B20763,118,1,2,0.0,0,1,NO DEPOSIT,offline ta,Transient-Party,118.0,0,0,0
B21018,103,3,1,1.0,1,0,No Deposit,Online TA,Transient,50.69,0,0,1
B20293,13,14,2,0.0,1,1,Non Refund,ONLINE TA,Transient,133.77,2,0,0
B21165,33,4,4,0.0,0,1,No Deposit,corporate,Transient-Party,111.12,1,0,0
B20387,21,9,1,0.0,0,2,No deposit,Groups,Transient,131.84,0,0,0
B20649,138,4,2,0.0,3,0,No Deposit,Direct,Transient,166.82,0,0,1
B20181,223,14,1,0.0,0,0,no deposit,Groups,Group,57.61,1,0,1
B20332,90,3,1,1.0,0,1,Non Refund,Online Travel Agent,Transient-Party,73.7,1,1,0
B20285,139,13,2,0.0,3,1,Non-Refund,online ta,Transient-Party,115.55,0,0,1
B20552,200,8,1,0.0,0,0,No Deposit,Group,Group,143.59,2,0,1
B20020,65,12,2,0.0,0,0,No Deposit,Online TA,Transient,118.43,0,0,1
B20259,88,6,4,3.0,1,0,NO DEPOSIT,Online TA,Transient-Party,176.49,0,0,1
B20704,151,8,1,2.0,1,1,non-refundable,Online Travel Agent,Transient,120.38,2,0,0
B21093,44,1,1,3.0,1,1,No Deposit,Direct,Group,,1,0,1
B20270,118,9,2,1.0,1,2,No Deposit,Direct,Contract,131.46,0,1,0
B21150,64,9,2,0.0,0,0,no deposit,Corporate,Transient,153.4,0,0,0
B21078,159,7,4,0.0,2,0,No Deposit,Online TA,Transient,74.31,1,0,1
B21122,147,4,1,0.0,1,0,No Deposit,Online TA,Transient,128.3,1,0,1
B20550,46,8,2,0.0,2,0,Non Refund,Online TA,Transient,103.55,0,0,0
B20771,67,1,2,0.0,1,0,No Deposit,Groups,Transient,115.95,0,0,1
B20809,33,3,2,0.0,0,1,REFUNDABLE,Direct,Transient,56.39,0,0,0
B21270,266,5,4,0.0,0,0,No Deposit,Offline TA,Transient,131.32,0,0,1
B20405,92,5,2,3.0,0,0,No Deposit,Groups,Group,114.96,1,0,0
B21151,46,9,3,0.0,3,0,Non Refund,Online TA,Transient,141.43,0,0,0
B20839,109,3,2,2.0,1,1,No Deposit,Groups,Transient,68.84,1,0,1
B20829,103,11,1,0.0,1,0,no deposit,Online TA,Contract,98.98,1,0,0
B20977,229,11,2,0.0,0,0,Non Refund,ONLINE TA,Transient,53.41,0,0,0
B20571,25,2,2,1.0,1,2,Refundable,corporate,Transient-Party,99.24,3,0,0
B20748,142,5,3,0.0,1,1,No Deposit,Online Travel Agent,Transient,51.96,0,0,1
B20883,167,2,4,3.0,1,0,Non Refund,Corporate,Transient,119.35,0,0,0
B20188,58,9,2,0.0,0,2,No Deposit,Online Travel Agent,Transient,103.68,1,1,0
B20476,50,1,2,0.0,0,0,No Deposit,Direct,Group,119.28,0,0,0
B20046,47,5,4,1.0,1,1,No Deposit,Online TA,Transient,148.77,0,0,1
B20784,55,1,3,0.0,0,0,No Deposit,Online TA,Transient,134.98,1,0,0
B21039,108,5,2,0.0,0,0,No Deposit,Online TA,Transient,101.7,0,0,0
B20374,91,8,2,0.0,0,0,REFUNDABLE,Corporate,Transient,137.56,1,1,0
B21294,54,13,4,0.0,1,0,Refundable,Offline Travel Agent,Transient,118.96,0,0,0
B20007,63,1,4,3.0,1,0,Non Refund,Online TA,Transient,103.36,1,1,0
B21048,87,1,2,3.0,0,0,Non Refund,Online TA,Contract,106.76,2,0,0
B20584,239,5,3,1.0,1,2,NO DEPOSIT,Direct,Transient,154.09,2,0,1
B20486,45,7,2,0.0,0,2,non refund,Offline TA,Transient,100.41,2,0,0
B21251,293,4,4,3.0,0,1,No Deposit,Online TA,Group,108.93,0,0,1
B20788,431,10,1,3.0,1,2,No Deposit,Online TA,Transient,46.0,1,0,1
B20212,60,7,2,0.0,1,1,No Deposit,Offline TA,Contract,82.15,0,0,1
B20628,48,6,2,,0,1,No Deposit,Online TA,Contract,115.02,0,0,0
B20169,82,3,2,2.0,3,0,No deposit,groups,Transient,168.81,1,0,1
B20567,139,2,2,3.0,1,0,No deposit,Direct,Transient,166.3,0,0,1
B20437,255,11,4,0.0,1,0,No Deposit,Online TA,Transient-Party,126.74,0,0,1
B20047,31,3,2,2.0,1,1,No Deposit,Direct,Transient,68.39,0,0,0
B21101,115,10,2,0.0,2,0,No Deposit,Groups,Group,28.0,0,0,1
B20968,15,3,2,0.0,1,0,Non Refund,Online TA,Transient,117.62,1,0,0
B21257,47,7,4,3.0,1,0,No deposit,Offline TA,Transient,96.05,0,0,0
B21055,39,14,1,0.0,0,0,No Deposit,DIRECT,Transient,114.91,1,0,0
B20544,204,2,2,0.0,1,0,Refundable,Online TA,Transient,87.82,3,1,0
B20787,38,2,2,3.0,0,1,No deposit,online ta,Transient,128.32,1,0,0
B20239,120,3,2,0.0,1,1,No Deposit,ONLINE TA,Transient,79.41,0,0,1
B20061,114,2,2,,0,1,No Deposit,Groups,Transient,57.32,0,0,1
B20795,24,11,2,1.0,1,2,No Deposit,Online TA,Transient,55.51,0,0,0
B20973,200,9,2,0.0,0,0,NO DEPOSIT,direct,Transient-Party,105.31,0,0,1
B20347,41,12,3,0.0,0,2,No deposit,online ta,Transient,81.86,0,0,1
B20283,28,4,2,0.0,1,1,non-refundable,DIRECT,Transient,183.43,0,1,0
B21068,169,8,3,0.0,1,0,no deposit,Groups,Transient,126.87,0,0,1
B21062,81,8,2,1.0,1,0,No Deposit,Groups,Transient,103.34,1,0,1
B20745,88,3,1,0.0,1,2,No Deposit,Corporate,Contract,107.75,0,0,0
B21176,61,4,2,2.0,0,1,No Deposit,Online TA,Transient,139.85,0,0,0
B20757,76,11,4,0.0,0,1,Non-Refund,Online TA,Transient,185.47,1,0,0
B21091,193,10,1,1.0,2,2,No Deposit,Offline TA,Transient,31.81,0,0,1
B21077,48,12,2,2.0,1,0,No Deposit,offline ta,Transient,131.16,2,0,0
B20611,235,8,1,1.0,0,1,no deposit,Online TA,Transient,110.79,0,0,1
B21025,113,6,2,2.0,0,1,No Deposit,DIRECT,Transient,62.18,1,0,0
B20477,94,2,2,0.0,1,1,No deposit,Corporate,Transient,107.94,3,0,0
B21023,164,4,2,0.0,0,1,Refundable,Online TA,Transient,117.67,0,0,0
B20418,27,9,1,0.0,0,2,No deposit,Online TA,Transient,51.88,2,0,0
B20127,95,14,2,3.0,1,0,No Deposit,Corporate,Transient,61.24,1,0,1
B20519,480,12,4,0.0,0,1,no deposit,Online TA,Group,32.62,0,0,1
B21113,44,14,1,2.0,1,1,No Deposit,Direct,Transient,125.85,1,0,1
B21184,42,14,1,3.0,0,0,No Deposit,Online TA,Transient-Party,92.35,0,1,0
B20546,125,4,1,0.0,0,1,No Deposit,online ta,Contract,88.69,1,0,1
B20102,225,12,2,1.0,0,0,Non Refund,Online Travel Agent,Transient,138.71,0,0,1
B20471,250,5,2,2.0,0,1,No Deposit,Online TA,Transient,96.07,0,0,1
B20740,125,5,2,0.0,0,1,no deposit,Online TA,Transient,81.55,0,0,1
B20807,154,14,2,3.0,1,1,refundable,Online TA,Transient,97.88,1,0,0
B20970,235,12,2,3.0,0,1,non refund,Online TA,Transient,64.49,0,0,0
B20994,114,14,2,3.0,3,1,refundable,Corporate,Transient,131.43,1,0,1
B21160,179,2,2,0.0,0,0,No Deposit,Online TA,Contract,71.17,0,0,1
B20280,196,12,4,1.0,0,0,Refundable,Corporate,Transient,96.81,2,0,0
B20962,201,5,3,0.0,0,0,no deposit,Direct,Transient,94.47,1,0,0
B20586,167,12,2,0.0,0,1,No Deposit,Direct,Group,67.09,0,0,1
B21290,163,13,4,0.0,1,3,Non Refund,online ta,Transient,118.19,0,0,0
B20431,22,11,4,0.0,0,1,No Deposit,Direct,Transient,168.63,1,0,0
B20146,157,7,2,2.0,0,0,non refund,Direct,Transient,111.5,1,0,0
B20651,124,6,2,1.0,0,0,No Deposit,Offline TA,Transient,72.47,1,0,1
B20333,97,9,2,0.0,0,1,No Deposit,Online TA,Transient,233.71,0,0,1
B20068,334,2,2,1.0,0,1,NO DEPOSIT,online ta,Transient,130.33,0,0,1
B20141,86,10,2,2.0,0,0,Non-Refund,Direct,Group,154.54,0,0,0
B21281,62,8,1,2.0,0,0,NO DEPOSIT,Online Travel Agent,Transient,68.26,0,0,1
B20965,28,8,4,2.0,0,0,Refundable,corporate,Transient,151.82,2,0,0
B20204,182,10,2,2.0,2,0,No Deposit,Online TA,Transient,137.76,3,1,1
B21124,163,10,2,1.0,0,0,No Deposit,Online TA,Transient,79.26,1,0,1
B20279,116,4,3,0.0,1,0,No Deposit,Offline Travel Agent,Transient,35.21,4,0,1
B20067,56,5,3,1.0,0,1,No Deposit,Direct,Transient,63.22,1,0,0
B21188,59,2,4,3.0,0,1,No Deposit,Online TA,Transient,73.67,1,0,0
B21284,126,2,2,1.0,0,0,No Deposit,Online TA,Transient-Party,133.77,1,0,0
B21044,155,6,2,1.0,0,3,No Deposit,Direct,Transient,75.56,0,0,0
B21265,37,10,4,0.0,0,1,No Deposit,Online TA,Transient,106.46,0,0,0
B20335,136,8,2,,0,0,Refundable,online ta,Contract,91.72,1,1,0
B21298,113,10,2,0.0,0,0,No Deposit,Offline TA,Transient,55.51,0,0,1
B20610,205,7,4,3.0,1,0,No Deposit,Corporate,Transient,57.55,0,0,1
B21274,55,14,4,0.0,0,0,Non Refund,Online Travel Agent,Transient-Party,83.03,0,0,0
B20015,148,6,2,1.0,1,3,no deposit,Offline TA,Transient,115.82,1,0,1
B20158,69,3,2,1.0,0,1,Non Refund,Corporate,Transient-Party,,0,0,0
B20226,108,8,2,2.0,0,2,No Deposit,Online TA,Transient,144.8,0,0,1
B20675,41,10,2,0.0,0,1,no deposit,Online TA,Transient,90.33,0,0,1
B21229,53,13,2,0.0,1,0,No deposit,Direct,Transient,158.36,1,1,1
B20286,480,9,3,0.0,1,1,no deposit,Corporate,Transient,70.53,2,0,1
B20963,195,5,2,1.0,0,0,Non Refund,Online Travel Agent,Group,91.35,2,1,0
B20823,154,8,2,2.0,0,3,Non Refund,Groups,Transient,119.66,0,0,1
B20457,27,12,1,3.0,0,0,No Deposit,Offline TA,Contract,130.51,0,0,0
B21183,229,1,1,2.0,0,2,No Deposit,Online Travel Agent,Transient,82.04,0,0,1
B20953,14,11,3,0.0,1,1,No Deposit,Direct,Transient,202.79,0,0,1
B20071,75,5,2,1.0,0,1,No Deposit,Offline TA,Transient,108.03,0,0,0
B20494,22,9,2,0.0,0,0,no deposit,Online Travel Agent,Transient-Party,104.95,1,0,0
B20099,203,6,3,0.0,1,0,Refundable,Groups,Transient,123.16,0,1,0
B20272,232,14,2,2.0,0,0,No Deposit,Offline TA,Transient,109.64,0,0,1
B20508,220,4,2,0.0,0,0,No Deposit,Online TA,Transient,69.14,1,0,1
B20363,59,11,3,1.0,0,2,No Deposit,corporate,Transient,,0,1,0
B20484,55,1,1,3.0,0,0,no deposit,DIRECT,Transient,107.92,0,0,0
B20083,65,5,2,0.0,0,0,No Deposit,Offline TA,Transient,,1,0,1
B20002,299,14,2,2.0,1,0,non refund,Online TA,Transient,101.38,0,0,1
B21252,50,5,1,3.0,1,0,Non Refund,Online TA,Group,89.78,1,0,0
B20411,111,4,4,0.0,0,0,Non Refund,Online TA,Transient,128.78,1,0,0
B20137,336,11,1,0.0,1,2,NO DEPOSIT,ONLINE TA,Transient,116.93,0,0,1
B20058,79,12,2,0.0,1,0,no deposit,online ta,Transient,84.09,0,0,0
B21217,46,1,1,2.0,1,1,No Deposit,offline ta,Transient,183.45,1,1,0
B20460,58,4,1,0.0,1,1,no deposit,groups,Contract,81.87,0,0,1
B20215,56,7,4,0.0,0,2,No Deposit,Direct,Transient,63.68,1,0,0
B20907,168,8,4,3.0,0,0,NO DEPOSIT,Offline Travel Agent,Transient-Party,57.08,2,1,0
B20119,221,14,4,3.0,0,0,Non Refund,corporate,Transient,111.35,2,0,0
B21015,209,8,2,3.0,0,2,No Deposit,Online TA,Transient-Party,144.13,3,0,0
B20496,131,6,4,0.0,1,1,No Deposit,Groups,Transient,87.8,0,0,1
B20724,67,13,2,1.0,0,2,No deposit,Direct,Transient,192.21,0,0,0
B20037,57,5,2,1.0,0,1,No Deposit,ONLINE TA,Transient-Party,97.55,1,0,0
B20543,27,12,1,0.0,0,1,REFUNDABLE,Groups,Transient-Party,75.46,1,0,0
B20248,102,11,4,0.0,0,0,No Deposit,Online TA,Transient,49.12,1,0,0
B20301,170,9,4,3.0,0,1,Non-Refund,Direct,Transient,66.69,2,0,0
B20070,90,10,1,0.0,0,0,No Deposit,Online Travel Agent,Transient-Party,157.77,0,0,1
B20391,166,7,2,0.0,0,3,No Deposit,Corporate,Transient-Party,185.84,1,0,0
B20182,179,8,2,0.0,0,1,No Deposit,Direct,Transient-Party,69.45,0,0,1
B20928,80,10,2,0.0,0,1,No Deposit,Online TA,Transient,96.42,1,0,0
B21138,121,1,1,0.0,0,0,No Deposit,Online TA,Group,101.2,0,0,1
B20786,196,4,4,0.0,3,3,No Deposit,Groups,Transient,123.07,0,0,1
B20986,31,12,1,0.0,2,0,Non Refund,Offline TA,Transient,163.94,0,0,0
B20066,56,2,2,3.0,0,0,No Deposit,Online TA,Transient,109.25,1,0,0
B20982,129,4,4,3.0,0,2,No Deposit,Online TA,Transient,183.41,0,0,0
B20525,199,2,2,0.0,0,0,Refundable,Online TA,Transient,133.12,2,0,0
B21098,70,6,2,2.0,2,0,No Deposit,Groups,Transient,147.83,0,0,1
B20917,125,7,3,3.0,0,0,non-refundable,Online TA,Transient,102.32,1,0,1
B20021,151,6,2,0.0,0,0,NO DEPOSIT,Online TA,Transient,32.54,0,0,1
B20101,13,4,2,2.0,0,0,Non-Refund,Online TA,Transient,131.67,0,0,0
B21204,226,12,3,1.0,0,0,No Deposit,Corporate,Transient-Party,67.68,0,1,1
B20172,16,9,2,0.0,1,1,refundable,corporate,Transient,121.07,2,0,0
B20915,26,11,3,0.0,0,1,NO DEPOSIT,Offline TA,Transient,132.69,1,0,0
B20696,243,13,1,0.0,0,0,No Deposit,direct,Transient,107.77,0,0,1
B20512,179,13,3,0.0,1,0,No Deposit,Groups,Transient,122.26,0,0,1
B20183,166,14,2,0.0,0,1,No Deposit,corporate,Transient,158.46,2,0,0
B20547,60,4,1,0.0,1,0,No Deposit,Online TA,Contract,46.44,1,0,1
B20268,211,10,2,0.0,0,0,No Deposit,DIRECT,Transient,104.91,1,1,0
B20727,122,1,2,0.0,0,3,No Deposit,Online TA,Transient,122.86,2,0,1
B20451,94,6,1,0.0,0,0,No Deposit,Offline TA,Transient,43.04,2,0,0
B21028,81,5,1,0.0,0,0,Non Refund,offline ta,Transient-Party,118.22,1,0,0
B20157,97,8,2,3.0,0,0,No deposit,Online TA,Transient,121.8,0,0,1
B21254,64,13,2,3.0,1,1,No Deposit,Offline TA,Transient,147.45,1,0,0
B20232,-26,13,2,0.0,0,0,NO DEPOSIT,DIRECT,Transient,35.95,2,0,0
B21042,54,10,2,0.0,0,1,no deposit,Online TA,Group,95.16,0,0,0
B20640,178,9,2,1.0,0,0,No Deposit,Online TA,Transient,157.1,2,1,0
B20665,69,1,4,0.0,1,1,Refundable,Offline TA,Transient,71.4,0,0,0
B20403,216,8,1,1.0,0,0,No Deposit,groups,Transient,180.14,0,0,1
B20328,79,5,4,0.0,1,1,Non Refund,Online TA,Contract,139.02,2,0,0
B20802,49,3,4,0.0,2,2,non refund,Offline TA,Transient-Party,94.95,1,0,0
B20931,39,11,2,0.0,1,1,non refund,Online TA,Group,146.75,2,0,1
B20470,133,13,1,0.0,0,0,NO DEPOSIT,Offline Travel Agent,Group,94.69,0,1,0
B21236,44,13,2,0.0,0,1,no deposit,Offline TA,Transient,78.79,2,0,0
B20201,134,7,4,0.0,1,0,Refundable,Online TA,Transient,85.61,0,0,0
B20265,111,10,3,3.0,0,0,No Deposit,ONLINE TA,Transient,122.65,0,1,0
B21136,87,1,2,0.0,1,1,No Deposit,Online TA,Transient,199.06,0,0,0
B20487,23,9,1,2.0,0,0,No deposit,Groups,Transient,83.51,0,1,1
B20851,233,5,2,2.0,1,1,No Deposit,online ta,Group,148.13,0,0,1
B20129,106,10,2,3.0,0,0,No Deposit,Corporate,Transient,28.0,3,0,0
B20240,63,8,4,0.0,0,1,No Deposit,Group,Transient-Party,155.99,0,0,0
B20799,104,8,3,,1,0,Refundable,offline ta,Transient,53.0,1,0,1
B20658,124,13,2,2.0,0,0,No Deposit,Online TA,Transient-Party,28.22,2,0,1
B20572,112,5,2,0.0,0,1,Refundable,DIRECT,Transient,108.57,1,0,0
B20287,106,12,1,0.0,0,1,no deposit,Direct,Transient,73.32,1,0,1
B20453,52,4,2,0.0,0,0,No deposit,Online Travel Agent,Group,121.36,0,0,0
B20126,73,9,3,0.0,0,1,No Deposit,Online TA,Transient,145.13,0,0,0
B20468,180,5,1,0.0,1,1,No Deposit,Groups,Transient,97.42,1,0,0
B20397,288,12,1,0.0,0,1,No Deposit,online ta,Transient,116.8,0,0,1
B21133,71,14,2,0.0,0,0,Refundable,Corporate,Transient,77.97,0,0,0
B20116,199,5,2,2.0,1,1,No Deposit,Online TA,Transient-Party,107.54,2,0,1
B20104,62,3,3,,0,0,NO DEPOSIT,Direct,Transient,127.59,0,0,0
B20490,130,6,4,0.0,0,0,No deposit,Group,Transient,173.67,0,0,1
B21223,29,11,2,2.0,2,1,No Deposit,Direct,Transient,175.92,0,0,1
B20529,17,2,2,0.0,0,0,Refundable,offline ta,Transient,136.17,0,0,1
B21285,297,1,2,2.0,0,0,no deposit,Offline TA,Transient-Party,120.11,0,0,1
B21027,252,13,2,0.0,0,1,No Deposit,Offline Travel Agent,Transient,67.22,2,0,0
B20738,113,12,4,2.0,0,0,Refundable,Offline TA,Transient,122.29,3,0,0
B20091,113,9,2,0.0,0,1,No Deposit,Online TA,Transient-Party,194.05,0,1,1
B20897,111,4,1,2.0,0,0,Non Refund,ONLINE TA,Contract,87.11,1,0,1
B20573,170,7,2,0.0,0,2,No Deposit,offline ta,Transient,108.32,0,0,0
B20719,307,6,2,1.0,0,1,No Deposit,Groups,Transient-Party,74.36,1,0,1
B20399,119,12,4,0.0,0,0,No Deposit,Direct,Transient,91.51,1,0,1
B20090,242,6,4,3.0,0,0,No Deposit,corporate,Transient,141.75,0,0,1
B21220,255,1,3,1.0,1,1,No Deposit,Online TA,Transient,136.82,0,1,1
B21261,226,5,2,1.0,1,0,Non Refund,online ta,Transient,75.46,0,0,1
B20488,122,11,4,0.0,0,0,No Deposit,Online Travel Agent,Transient,83.94,1,1,0
B20284,38,13,3,0.0,1,0,no deposit,Online TA,Transient-Party,158.92,1,0,0
B20109,131,11,2,2.0,1,0,No Deposit,Online TA,Transient,206.4,2,0,1
B21053,186,10,2,3.0,0,0,No Deposit,Direct,Contract,74.04,0,0,1
B20526,156,12,2,0.0,0,0,No Deposit,Corporate,Transient,90.96,1,0,0
B20708,30,2,4,0.0,1,1,NO DEPOSIT,Offline TA,Transient,105.52,1,0,1
B20819,40,8,2,2.0,0,3,No Deposit,Corporate,Transient,62.28,1,1,0
B20941,170,12,2,3.0,0,1,No Deposit,offline ta,Transient,83.5,0,0,0
B20115,92,6,1,1.0,0,0,NO DEPOSIT,Corporate,Transient,184.56,0,0,1
B20837,136,1,2,0.0,0,0,No Deposit,Online TA,Contract,98.98,2,0,1
B20739,46,3,1,0.0,0,0,Non Refund,Offline TA,Group,113.44,1,0,1
B21114,50,14,1,2.0,2,0,non-refundable,Online TA,Transient,144.36,0,0,0
B20402,50,4,2,1.0,0,1,Refundable,Online TA,Transient,155.59,0,0,0
B20589,90,5,2,0.0,2,0,Non Refund,Corporate,Transient-Party,52.87,1,0,1
B20223,49,14,3,0.0,1,0,Non-Refund,ONLINE TA,Transient,98.8,0,0,0
B20873,46,9,2,2.0,0,0,Non Refund,Online TA,Transient,58.63,0,0,0
B20213,167,6,4,0.0,1,0,No Deposit,Groups,Transient,155.44,0,0,1
B20379,17,1,2,3.0,0,1,No Deposit,Direct,Transient,62.14,2,0,0
B20060,192,10,2,3.0,0,1,No Deposit,Online Travel Agent,Transient,130.94,3,0,1
B20388,177,2,2,0.0,1,0,No Deposit,Online Travel Agent,Transient,123.0,1,0,0
B20778,435,6,2,3.0,0,0,non refund,Online TA,Transient-Party,101.58,0,0,0
B20991,67,3,2,1.0,1,2,No Deposit,online ta,Transient,65.81,1,0,1
B20077,55,10,1,3.0,2,0,Non Refund,Direct,Transient-Party,141.08,1,0,0
B20452,200,6,1,2.0,1,0,No Deposit,Direct,Transient,90.52,0,0,1
B20000,62,14,2,0.0,0,1,NO DEPOSIT,Offline TA,Transient,153.48,0,0,0
B20365,109,5,2,0.0,0,1,No Deposit,Direct,Transient,54.34,0,0,0
B20448,159,12,2,3.0,0,0,No Deposit,Direct,Transient,124.91,2,0,1
B21029,87,14,2,0.0,0,1,Non Refund,Online TA,Transient-Party,60.3,1,0,0
B20502,54,5,2,,0,2,REFUNDABLE,Corporate,Transient,71.33,1,0,0
B21082,50,6,2,1.0,0,0,No Deposit,Direct,Transient,88.76,1,0,0
B20654,48,5,1,1.0,1,0,No Deposit,Online TA,Transient,59.46,0,0,0
B20523,49,12,2,0.0,0,0,No Deposit,Direct,Transient,128.67,0,0,0
B20813,70,5,3,0.0,0,0,refundable,Groups,Transient,74.82,2,0,0
B20033,17,6,2,2.0,0,0,No Deposit,Groups,Transient-Party,97.94,0,0,1
B21289,59,8,2,,0,4,Non Refund,Direct,Transient,28.0,1,0,0
B20277,272,1,4,0.0,1,0,Refundable,Online TA,Transient,66.99,1,1,1
B20370,178,13,1,0.0,1,0,Non Refund,Online TA,Transient-Party,145.23,0,0,0
B20840,228,6,1,0.0,0,0,No deposit,Offline TA,Transient,114.39,0,0,1
B21089,97,11,2,0.0,1,0,No Deposit,Online TA,Transient,139.69,0,0,1
B20699,66,6,2,2.0,2,0,Non Refund,Offline Travel Agent,Transient,111.42,0,0,1
B20322,73,13,2,3.0,0,0,No Deposit,Offline Travel Agent,Group,97.25,1,0,0
B20717,67,14,2,2.0,0,1,No Deposit,Online TA,Transient,81.79,0,0,0
B20846,88,6,2,0.0,0,1,Non-Refund,Direct,Transient,39.11,0,0,0
B20577,171,5,2,2.0,0,2,Non Refund,Corporate,Transient,118.6,1,0,0
B20715,388,10,2,2.0,0,0,No Deposit,Offline TA,Contract,151.3,0,0,1
B20884,292,5,4,0.0,0,3,no deposit,Online Travel Agent,Transient,40.82,0,1,1
B21033,90,3,4,2.0,2,2,No Deposit,Direct,Contract,126.09,0,0,1
B21127,100,10,4,2.0,0,0,No Deposit,Online TA,Contract,28.0,0,0,1
B21208,124,3,2,0.0,0,0,Non Refund,Offline TA,Transient,108.84,1,0,0
B20857,51,2,2,0.0,0,0,Non Refund,DIRECT,Transient,127.4,1,0,0
B20305,74,9,2,0.0,0,1,No Deposit,DIRECT,Transient,81.95,1,0,0
B21170,318,1,3,0.0,0,0,No deposit,Direct,Transient,119.48,0,0,1
B21061,170,13,2,1.0,1,0,No Deposit,Groups,Transient,168.46,0,0,1
B21185,16,5,4,0.0,0,1,No Deposit,Group,Transient,87.89,1,0,1
B21241,72,13,1,0.0,1,1,no deposit,ONLINE TA,Transient,57.74,0,0,1
B20779,103,9,2,1.0,1,1,NO DEPOSIT,Online TA,Transient-Party,99.46,0,0,1
B20093,103,12,2,3.0,0,0,Non Refund,Direct,Transient,119.2,0,0,0
B20621,51,1,2,0.0,0,1,NO DEPOSIT,Corporate,Transient,80.44,0,1,0
B20988,249,5,4,2.0,0,0,No deposit,Online TA,Group,181.52,0,0,1
B20770,81,7,2,,0,2,No Deposit,Direct,Transient,43.73,1,0,0
B21038,4,4,2,0.0,0,1,Non Refund,Online TA,Transient,42.13,0,0,0
B21058,93,2,1,1.0,1,0,Refundable,Online TA,Transient,54.26,0,0,0
B20197,174,11,2,1.0,0,0,No Deposit,Online TA,Transient,154.12,0,0,1
B20631,48,4,1,0.0,0,0,No deposit,Online TA,Transient,123.26,0,0,1
B20987,143,8,4,0.0,0,0,No Deposit,Offline TA,Transient,77.9,1,0,1
B20128,117,14,2,0.0,2,0,No Deposit,Online TA,Transient,70.08,0,1,1
B20436,111,7,4,0.0,2,0,No deposit,Online TA,Transient,62.52,0,0,1
B20969,131,10,1,2.0,1,1,No Deposit,Online Travel Agent,Transient-Party,64.03,0,0,0
B20309,70,13,2,0.0,0,1,No Deposit,Corporate,Transient,105.67,0,0,0
B20281,70,13,2,0.0,2,0,No Deposit,direct,Transient,125.52,1,0,1
B20200,53,6,2,3.0,0,0,non refund,Online Travel Agent,Transient,91.54,0,0,0
B20664,206,11,2,0.0,0,2,Non Refund,online ta,Transient,108.63,2,0,0
B20619,304,2,2,3.0,0,2,Non Refund,DIRECT,Transient,123.11,0,0,0
B20869,149,3,2,0.0,0,3,No Deposit,Online TA,Transient,119.65,0,0,1
B20845,265,3,4,1.0,0,1,No Deposit,Online TA,Transient,67.13,2,0,1
B20625,91,5,2,2.0,0,0,No Deposit,Corporate,Contract,138.43,1,0,0
B20148,210,12,2,0.0,1,2,no deposit,ONLINE TA,Transient,28.0,0,0,1
B20960,53,1,4,3.0,1,2,REFUNDABLE,Online TA,Transient,67.73,1,0,0
B20327,163,9,2,2.0,1,0,No Deposit,Online TA,Contract,104.14,2,0,1
B21161,17,4,2,2.0,1,1,NO DEPOSIT,Online TA,Transient,147.94,0,0,0
B20065,51,10,4,0.0,1,1,No Deposit,Corporate,Transient,112.48,0,0,1
B20481,127,8,2,3.0,1,0,Non Refund,Online TA,Transient,86.24,1,0,0
B20862,-9,9,2,0.0,1,1,Non Refund,Corporate,Group,75.14,1,0,0
B20557,130,3,2,0.0,0,0,No Deposit,Online TA,Transient,82.36,0,0,1
B21056,58,3,2,0.0,0,2,No Deposit,Groups,Contract,138.6,0,0,1
B20271,180,4,2,2.0,0,0,No Deposit,Online TA,Transient,65.2,2,0,0
B20143,142,12,2,0.0,0,0,No Deposit,Online TA,Transient,58.84,1,0,1
B21200,93,7,2,0.0,0,2,No deposit,online ta,Transient,102.99,1,0,1
B20909,56,14,1,0.0,0,1,No Deposit,Online TA,Transient,83.84,0,0,1
B21259,108,1,3,0.0,0,1,no deposit,online ta,Contract,123.04,0,0,0
B20678,91,8,1,3.0,0,1,No Deposit,Corporate,Transient,128.08,0,0,0
B20743,85,13,1,3.0,1,3,Non Refund,Offline TA,Transient-Party,81.31,2,0,0
B20086,189,11,3,0.0,0,0,No Deposit,Online TA,Transient,41.16,1,0,1
B20164,119,10,2,3.0,0,1,Non Refund,Corporate,Transient,131.27,1,0,0
B20355,131,11,2,3.0,0,1,No deposit,Groups,Transient-Party,85.59,0,0,0
B20593,83,1,2,1.0,1,0,No Deposit,Direct,Transient-Party,103.69,1,0,1
B21137,45,10,2,0.0,0,1,No deposit,Corporate,Transient-Party,38.73,0,0,0
B21129,129,10,4,0.0,0,1,No Deposit,online ta,Transient,48.49,2,1,0
B20612,442,2,3,0.0,2,0,No Deposit,Online TA,Transient,86.76,0,0,1
B21240,206,13,1,1.0,0,0,Non Refund,Offline TA,Transient,171.95,0,0,0
B20185,179,7,1,1.0,0,1,no deposit,direct,Transient,113.63,2,0,0
B20193,32,1,4,1.0,0,1,Non Refund,Direct,Transient,86.97,2,0,0
B20349,51,9,2,1.0,2,1,Non Refund,Online TA,Group,148.05,0,0,1
B21189,80,8,4,2.0,1,0,Refundable,Groups,Transient,201.09,0,0,0
B21273,93,5,1,2.0,0,0,No Deposit,Online TA,Transient,105.8,0,0,0
B20343,140,5,4,0.0,2,0,No Deposit,Online TA,Group,144.87,1,0,1
B20108,126,5,1,3.0,2,2,No Deposit,Direct,Transient-Party,107.73,0,0,1
B20407,100,13,2,2.0,1,1,no deposit,Direct,Transient-Party,183.32,0,0,0
B20171,232,9,2,0.0,0,0,Non Refund,Offline TA,Contract,45.55,0,0,0
B20018,-15,12,2,1.0,1,2,No Deposit,Online TA,Transient,91.56,1,0,0
B21046,37,7,2,3.0,0,2,No Deposit,Online TA,Transient,112.83,2,0,0
B20155,22,9,2,1.0,1,0,No Deposit,Offline TA,Transient,42.2,0,0,1
B20492,40,9,2,0.0,0,0,No deposit,offline ta,Transient,94.17,0,0,0
B20361,275,7,2,,0,3,No Deposit,Direct,Transient,136.25,1,0,0
B20375,77,3,3,3.0,0,0,No Deposit,Corporate,Group,39.54,1,0,0
B20542,136,6,2,0.0,1,0,REFUNDABLE,groups,Transient,48.82,0,0,0
B20927,139,13,3,0.0,2,1,NO DEPOSIT,Offline TA,Transient,148.42,1,0,1
B21244,114,5,2,1.0,0,0,No Deposit,Offline TA,Transient-Party,219.97,0,0,1
B20084,33,3,4,3.0,1,0,No Deposit,corporate,Transient,43.87,0,0,0
B20575,28,13,3,1.0,1,0,No deposit,groups,Transient,92.42,0,0,0
B20980,95,10,1,3.0,0,0,non-refundable,Online TA,Transient,46.0,3,1,0
B21096,80,11,4,,0,0,No Deposit,Corporate,Transient,33.64,0,1,0
B21008,110,10,2,0.0,0,0,No deposit,DIRECT,Contract,99.8,1,0,0
B21115,294,3,2,1.0,1,0,No Deposit,Online TA,Transient,102.35,3,0,0
B20016,136,2,2,0.0,0,0,no deposit,Group,Transient,173.44,0,0,1
B20599,118,2,2,2.0,0,0,Refundable,online ta,Transient,151.44,0,0,0
B20672,142,7,4,3.0,1,0,No Deposit,Offline TA,Group,137.58,1,0,1
B20075,370,3,2,0.0,0,0,no deposit,Online TA,Transient,136.22,1,0,1
B20134,117,1,2,0.0,1,1,No Deposit,Offline TA,Transient,,0,0,1
B20001,105,6,4,3.0,3,0,Non Refund,Groups,Transient,115.3,0,0,1
B20978,89,14,1,0.0,0,1,No Deposit,Corporate,Transient,112.05,0,0,0
B20964,10,10,2,3.0,1,0,no deposit,Direct,Transient,137.49,0,0,0
B21187,122,9,3,1.0,1,2,Non Refund,Offline TA,Transient,165.27,0,0,1
B21154,162,6,2,0.0,0,0,No Deposit,Direct,Transient,84.64,1,0,0
B20319,47,6,2,2.0,0,0,No Deposit,Online TA,Transient-Party,59.85,1,0,0
B20707,37,3,2,1.0,1,0,Refundable,Online TA,Transient-Party,38.2,0,0,1
B20241,137,1,4,0.0,1,0,Non Refund,Direct,Transient-Party,119.5,0,0,0
B21104,91,8,4,0.0,0,0,Non Refund,Online TA,Transient,100.13,1,0,0
B20419,113,11,2,1.0,0,1,No deposit,Online TA,Transient,67.22,1,0,0
B20677,54,7,1,3.0,2,0,No Deposit,Direct,Transient,71.07,1,0,1
B20798,180,6,3,3.0,0,0,No Deposit,Online TA,Transient,80.21,0,0,0
B20794,47,13,1,0.0,0,2,Non Refund,online ta,Transient,32.82,0,0,0
B21276,50,14,3,0.0,0,1,No Deposit,Online TA,Transient,116.81,3,0,0
B21084,16,8,3,0.0,0,1,No Deposit,Direct,Transient,88.36,1,0,1
B20321,220,5,2,0.0,0,0,no deposit,Online TA,Transient,28.0,1,0,1
B20688,218,7,2,3.0,1,1,No Deposit,Online TA,Transient-Party,,1,0,1
B20803,61,6,2,2.0,0,2,No Deposit,Online TA,Transient-Party,28.0,0,0,0
B20465,115,5,4,2.0,0,3,No Deposit,Groups,Transient,185.84,3,0,0
B20663,31,11,1,0.0,0,0,non-refundable,Direct,Transient,39.22,0,0,0
B20877,116,12,2,0.0,1,1,No Deposit,Groups,Transient,71.08,0,0,1
B20886,115,4,1,,0,2,No Deposit,Groups,Transient,59.18,0,0,0
B20690,74,11,2,3.0,1,1,No Deposit,Offline TA,Transient,89.7,0,0,1
B20062,152,14,3,3.0,1,0,non-refundable,Online Travel Agent,Contract,119.58,0,0,0
B20694,161,14,1,0.0,1,0,No Deposit,Online Travel Agent,Transient,96.1,0,0,1
B20398,169,9,2,0.0,0,0,Non Refund,Offline TA,Transient,99.54,1,1,0
B20089,35,7,2,3.0,1,0,Non Refund,Online TA,Transient,87.57,1,1,0
B20579,112,11,2,0.0,1,0,refundable,direct,Transient,114.25,1,0,0
B20866,56,12,4,3.0,0,1,No Deposit,Direct,Transient,60.08,1,0,0
B20156,59,14,3,0.0,2,0,No Deposit,Offline TA,Transient,81.6,2,0,0
B20441,115,10,4,2.0,2,0,No Deposit,Offline TA,Transient,57.03,1,0,1
B20082,79,14,4,0.0,0,1,Refundable,Online TA,Transient,188.55,1,0,0
B20959,168,2,2,1.0,1,0,No Deposit,Offline TA,Transient,158.58,1,0,1
B20414,169,12,2,0.0,1,0,No deposit,Online TA,Contract,91.64,0,0,1
B20614,35,5,4,0.0,1,0,No Deposit,Offline TA,Transient,79.58,1,1,0
B20705,214,6,2,2.0,0,1,No deposit,direct,Contract,147.4,1,0,1
B21291,131,7,1,0.0,0,2,No Deposit,Direct,Transient-Party,105.28,1,0,0
B20385,154,2,4,1.0,0,0,Non Refund,Online TA,Transient,168.7,0,0,0
B20545,229,9,1,2.0,1,1,NO DEPOSIT,direct,Transient,112.7,0,0,1
B20194,148,5,2,0.0,1,2,No Deposit,Offline TA,Transient,86.8,1,0,1
B20251,107,3,2,1.0,0,2,No Deposit,Corporate,Contract,173.99,3,0,0
B20954,112,8,3,1.0,0,0,No Deposit,Online TA,Transient-Party,59.17,2,0,1
B20540,118,11,2,0.0,1,0,no deposit,corporate,Transient,181.38,0,0,0
B20901,35,6,3,1.0,0,0,No deposit,online ta,Transient,156.8,0,0,0
B20653,228,14,3,0.0,0,0,No Deposit,online ta,Transient,68.09,0,0,1
B21100,37,2,4,0.0,0,0,NO DEPOSIT,Online TA,Transient,112.29,3,0,0
B20535,204,12,2,2.0,0,0,Refundable,Direct,Transient,40.34,0,0,1
B20311,161,10,1,3.0,0,0,No Deposit,Online TA,Transient,77.87,0,0,1
B21105,111,6,2,0.0,0,1,No Deposit,Online TA,Transient,136.79,0,0,0
B21166,66,13,4,0.0,0,2,No Deposit,Online TA,Transient,86.85,1,0,0
B20473,60,10,1,3.0,0,0,No Deposit,Online TA,Contract,104.55,0,0,1
B20765,118,8,2,3.0,0,0,No Deposit,Groups,Transient,116.95,1,0,0
B21094,196,7,2,3.0,1,1,Non Refund,direct,Transient-Party,63.99,0,0,1
B20926,118,1,3,1.0,1,0,NO DEPOSIT,Corporate,Transient,106.45,1,0,1
B20417,129,7,2,1.0,1,0,No Deposit,Online TA,Transient,121.8,1,0,1
B21001,123,3,2,0.0,0,0,No deposit,Direct,Transient,121.02,1,0,1
B21280,74,13,2,0.0,0,0,No Deposit,Online TA,Transient,167.62,0,0,1
B21182,128,1,1,0.0,0,0,Refundable,Online TA,Transient,124.12,2,0,0
B20505,38,3,3,2.0,1,0,No Deposit,groups,Transient,60.12,4,0,1
B21178,206,9,3,0.0,1,0,No Deposit,DIRECT,Transient-Party,110.66,0,0,1
B20555,28,12,2,2.0,0,1,No Deposit,Online Travel Agent,Transient,47.54,0,0,0
B21191,130,3,2,0.0,0,0,No Deposit,Online TA,Transient,62.73,0,0,1
B20921,175,10,2,3.0,1,0,No Deposit,Corporate,Transient,90.81,0,0,0
B20608,116,14,4,1.0,0,0,Non Refund,Corporate,Transient-Party,100.21,0,0,0
B20549,37,11,2,2.0,1,0,REFUNDABLE,Online Travel Agent,Transient,147.47,0,0,0
B21145,62,4,2,0.0,0,1,No Deposit,Groups,Transient-Party,75.77,1,0,1
B20401,68,14,2,1.0,0,1,No Deposit,Online TA,Transient,166.18,0,0,1
B20948,272,9,2,1.0,1,1,No Deposit,ONLINE TA,Transient,145.89,0,0,1
B20351,119,14,2,0.0,0,0,NO DEPOSIT,Online TA,Transient,97.96,0,1,0
B21232,157,11,1,0.0,1,0,non refund,Direct,Transient,66.6,1,0,0
B20744,146,8,2,1.0,0,0,Non Refund,ONLINE TA,Transient,82.84,0,0,0
B20080,87,13,1,2.0,0,1,No Deposit,Online TA,Transient,112.98,0,0,1
B20345,124,9,2,0.0,1,0,No Deposit,Online TA,Transient-Party,86.83,1,1,1
B20504,56,5,2,0.0,0,1,No Deposit,ONLINE TA,Transient-Party,54.03,0,0,0
B20250,91,14,1,0.0,0,0,No Deposit,Online TA,Contract,51.09,1,0,0
B20308,105,5,2,3.0,2,0,No Deposit,Corporate,Transient,109.7,0,0,1
B20295,199,11,4,0.0,1,1,No Deposit,Online TA,Transient,216.32,0,1,1
B20641,19,4,2,1.0,0,0,No Deposit,Corporate,Transient,106.66,0,0,1
B20729,84,1,2,2.0,0,0,Non Refund,Online TA,Transient-Party,123.17,0,0,0
B21065,36,5,2,0.0,0,1,Non Refund,direct,Transient,87.78,1,0,0
B20180,85,1,4,2.0,1,1,No Deposit,ONLINE TA,Transient,181.31,3,0,0
B20326,59,12,3,0.0,0,1,REFUNDABLE,Online TA,Transient,94.55,0,0,0
B20999,126,14,1,0.0,0,1,no deposit,Online TA,Transient,130.56,0,0,0
B20946,97,13,1,1.0,0,1,No Deposit,Online TA,Transient,68.0,2,0,0
B20120,95,8,2,0.0,0,0,No Deposit,Groups,Transient,79.33,1,0,0
B20981,64,12,3,0.0,1,0,Non Refund,Online TA,Transient,99.4,1,0,0
B20900,39,1,3,,1,0,No Deposit,DIRECT,Transient-Party,106.79,1,0,0
B20521,105,12,2,1.0,0,2,Non Refund,groups,Transient,66.92,0,0,0
B20219,-22,13,4,0.0,1,0,No Deposit,Offline TA,Transient,125.35,3,0,0
B20267,93,12,2,3.0,0,1,Non Refund,Offline TA,Transient-Party,103.2,1,0,0
B20368,134,6,1,1.0,1,1,Non Refund,Direct,Transient,137.25,1,0,0
B20192,62,14,2,0.0,0,0,non-refundable,Corporate,Transient,28.0,0,0,0
B20290,351,8,3,0.0,0,0,Non-Refund,online ta,Group,45.16,1,0,0
B21142,83,4,3,3.0,0,1,No Deposit,Offline TA,Transient,112.46,1,0,1
B21203,207,5,4,0.0,0,0,No Deposit,Online TA,Transient,76.33,2,0,0
B20854,181,14,2,0.0,2,0,Non Refund,Offline Travel Agent,Transient,142.02,0,0,1
B20074,62,12,2,0.0,0,0,Non Refund,Online TA,Contract,134.62,1,1,0
B21167,297,3,1,0.0,1,1,Non Refund,Online Travel Agent,Transient,58.45,0,0,0
B20252,206,3,2,3.0,1,0,no deposit,Group,Transient,128.4,1,0,1
B20432,101,10,3,2.0,0,0,Refundable,ONLINE TA,Transient,146.93,0,0,0
B20659,30,9,2,1.0,1,0,Non Refund,Offline TA,Transient,48.71,0,0,0
B21233,131,1,2,3.0,0,0,No Deposit,Online Travel Agent,Transient,147.98,3,0,0
B20011,87,4,1,0.0,1,1,No Deposit,Offline Travel Agent,Transient-Party,99.32,2,0,0
B20564,157,12,1,1.0,0,0,Refundable,Online TA,Transient,98.38,0,0,0
B20871,20,3,2,3.0,1,1,No Deposit,Groups,Transient-Party,162.39,0,0,1
B20209,126,5,2,3.0,1,0,No deposit,Online TA,Transient,62.71,1,0,0
B20581,102,10,1,0.0,0,1,Non Refund,Online TA,Transient,51.46,2,0,0
B20590,34,9,4,1.0,1,0,Non-Refund,Direct,Transient,176.69,1,1,0
B20929,349,4,1,1.0,1,0,Non Refund,Online TA,Transient,188.15,1,0,0
B20179,42,13,2,0.0,0,2,no deposit,Offline TA,Transient,82.94,0,0,1
B20513,-10,6,2,0.0,0,1,No Deposit,online ta,Transient-Party,88.39,1,0,0
B20312,208,6,2,0.0,1,0,no deposit,Offline Travel Agent,Transient,94.11,2,0,1
B20440,27,13,4,1.0,2,0,No Deposit,Online TA,Group,101.02,1,0,1
B20160,181,8,2,0.0,0,0,No Deposit,Online TA,Transient,56.88,0,0,1
B20376,160,12,2,0.0,1,0,No Deposit,Offline TA,Transient-Party,141.52,1,0,1
B20205,130,2,2,0.0,1,0,No Deposit,corporate,Transient,67.5,2,0,1
B20288,170,3,4,,0,1,No deposit,Online TA,Transient,82.57,1,0,1
B20056,93,3,2,1.0,0,0,Refundable,Online TA,Transient,36.42,1,0,0
B20384,48,1,3,0.0,0,0,Non-Refund,Groups,Transient,102.81,0,0,1
B20971,50,7,2,1.0,1,1,No deposit,Offline TA,Transient,125.24,3,0,0
B20695,72,9,2,,2,0,No Deposit,Groups,Transient,64.04,0,0,1
B20731,145,1,3,0.0,0,0,No Deposit,Direct,Transient-Party,87.71,1,0,1
B20231,140,3,2,2.0,1,0,No Deposit,Direct,Transient,154.28,0,0,1
B21102,159,10,2,3.0,1,0,No Deposit,Online TA,Transient,151.68,0,0,1
B20849,104,7,2,0.0,0,1,No Deposit,online ta,Transient-Party,122.65,0,0,1
B20310,120,11,3,3.0,1,1,No Deposit,Online TA,Transient,150.43,1,0,0
B20237,135,11,4,1.0,0,2,no deposit,Direct,Transient-Party,115.25,0,0,1
B20236,208,13,4,0.0,1,0,No Deposit,Online TA,Transient,128.72,0,0,1
B20426,97,11,4,0.0,0,0,No Deposit,offline ta,Transient,163.72,1,0,1
B20716,124,8,4,0.0,2,1,No Deposit,Online TA,Transient-Party,128.77,1,0,0
B21173,403,8,1,2.0,0,1,No Deposit,Online TA,Transient-Party,97.02,1,0,1
B20175,51,9,2,0.0,0,0,No Deposit,Online TA,Transient,123.26,0,0,0
B20925,147,5,1,0.0,1,0,Non Refund,offline ta,Group,170.42,1,0,0
B20741,53,11,1,1.0,0,1,No Deposit,online ta,Transient,97.42,2,0,0
B20456,83,1,4,0.0,0,1,No Deposit,Corporate,Transient,53.0,0,0,0
B20905,142,2,2,0.0,1,0,REFUNDABLE,Offline TA,Contract,180.7,0,0,0
B21146,81,5,4,0.0,0,1,Non Refund,Online TA,Transient,94.57,1,0,0
B21250,48,5,2,1.0,0,0,Refundable,Corporate,Transient,119.29,0,0,0
B21272,75,10,2,0.0,2,0,No Deposit,Corporate,Contract,177.86,3,0,0
B20317,181,10,1,3.0,1,1,Non Refund,direct,Transient,82.18,0,0,0
B20075,370,3,2,0.0,0,0,no deposit,Online TA,Transient,136.22,1,0,1
B21283,33,1,2,3.0,0,0,No Deposit,Direct,Transient,37.89,1,0,0
B20879,207,9,2,0.0,0,1,refundable,Online TA,Contract,86.56,1,0,1
B20152,162,4,3,0.0,0,0,No Deposit,Online TA,Transient,77.12,2,0,1
B20558,19,14,2,1.0,0,0,No deposit,Groups,Transient,143.77,0,0,1
B21148,89,12,1,0.0,0,1,Non Refund,Online Travel Agent,Transient,174.37,2,1,0
B21195,85,6,3,0.0,2,0,No Deposit,Online TA,Transient,101.96,1,0,1
B20684,134,12,1,3.0,3,0,refundable,Online TA,Group,105.19,2,0,1
B21121,38,1,1,0.0,0,1,No Deposit,Direct,Transient,57.03,0,0,0
B21111,64,11,2,0.0,0,2,Non Refund,Corporate,Transient,109.76,1,0,0
B21193,159,2,2,,3,2,no deposit,direct,Transient,112.47,1,0,1
B20580,50,8,3,0.0,0,0,Refundable,Offline Travel Agent,Group,138.18,0,0,0
B21180,72,9,2,2.0,0,1,No deposit,direct,Transient,48.95,0,0,0
B20574,111,12,2,0.0,0,2,No Deposit,Online TA,Transient,103.24,0,0,1
B21141,119,3,4,3.0,0,0,No Deposit,corporate,Transient,163.0,0,0,1
B20264,68,1,1,3.0,0,0,No Deposit,offline ta,Transient,77.86,1,0,0
B20291,53,9,2,3.0,0,0,non refund,Online TA,Transient,121.43,1,1,0
B21128,54,13,2,0.0,0,0,Non Refund,Direct,Transient,77.91,1,1,0
B21097,118,4,2,2.0,1,0,No Deposit,Offline Travel Agent,Transient,152.75,2,1,0
B20710,73,3,2,0.0,0,0,Refundable,Corporate,Transient,169.69,1,0,0
B20022,114,4,2,0.0,0,1,non-refundable,Offline TA,Transient,142.44,3,0,0
B20874,354,7,2,1.0,0,1,No Deposit,Corporate,Transient,144.23,1,0,0
B20732,80,8,3,2.0,1,2,no deposit,Online TA,Transient,99.5,2,0,1
B21228,232,14,2,1.0,0,1,No Deposit,Groups,Transient,53.63,1,1,0
B20598,110,3,2,1.0,0,0,No Deposit,DIRECT,Contract,60.96,0,1,0
B20258,241,13,2,0.0,1,0,non refund,Online Travel Agent,Transient-Party,176.0,2,0,0
B20227,170,8,1,0.0,2,0,No Deposit,Offline TA,Transient-Party,141.07,2,0,1
B20316,133,1,2,0.0,2,0,No Deposit,Online Travel Agent,Transient,112.54,0,1,1
B20701,171,10,2,0.0,0,0,NO DEPOSIT,Direct,Transient,137.38,1,0,1
B20107,55,3,1,3.0,1,0,No Deposit,Direct,Transient,116.11,0,1,0
B21207,234,8,2,0.0,3,0,refundable,Offline Travel Agent,Transient,84.89,1,0,1
B20998,63,7,2,3.0,1,0,No Deposit,online ta,Transient,142.2,0,0,0
B20427,131,14,3,0.0,0,0,No Deposit,Online TA,Transient,136.95,0,0,0
B20085,90,14,3,3.0,0,0,No Deposit,DIRECT,Group,112.74,1,0,0
B20945,31,1,3,0.0,1,2,Non Refund,direct,Transient,183.91,1,0,0
B20810,134,14,4,3.0,1,0,Non Refund,Offline TA,Transient,56.89,0,1,0
B20592,-4,4,1,2.0,0,2,No deposit,Online TA,Transient,133.03,0,1,0
B20133,210,12,2,0.0,0,2,No Deposit,Direct,Transient,122.85,2,0,1
B20524,6,3,4,3.0,0,1,No Deposit,Offline TA,Transient-Party,127.89,1,0,1
B20030,57,8,2,0.0,0,0,Refundable,Group,Transient,150.87,0,0,1
B20010,104,13,2,0.0,1,1,Non Refund,Corporate,Transient,184.8,0,0,0
B20711,14,9,4,2.0,0,0,No Deposit,Offline TA,Transient-Party,124.41,1,0,1
B20438,79,2,3,0.0,1,0,No deposit,online ta,Transient,131.41,0,0,0
B20342,123,4,3,0.0,0,0,No Deposit,Online Travel Agent,Transient,53.8,0,0,1
B20776,322,7,2,0.0,1,0,Non Refund,Corporate,Transient-Party,48.2,0,1,0
B20458,139,5,3,1.0,0,3,Non Refund,Offline TA,Contract,76.72,0,0,0
B20922,106,10,1,0.0,1,1,Refundable,ONLINE TA,Transient,101.94,0,0,0
B20125,109,5,1,0.0,0,1,No Deposit,Corporate,Transient,146.79,0,1,0
B20257,77,2,3,1.0,1,1,No Deposit,Direct,Transient,123.66,0,0,0
B20997,383,3,4,0.0,1,0,Refundable,Direct,Transient,81.51,1,1,1
B20993,55,10,4,0.0,1,1,No Deposit,Online TA,Transient,162.04,0,0,0
B20313,51,5,4,0.0,0,1,Non Refund,Online TA,Transient,100.74,0,0,0
B20863,155,9,1,3.0,0,1,No Deposit,Online Travel Agent,Transient,161.49,0,0,0
B20827,140,4,1,0.0,0,0,No Deposit,Online TA,Transient,73.39,0,0,1
B20004,55,8,2,3.0,1,0,NO DEPOSIT,Groups,Transient,166.48,1,0,1
B20832,14,7,2,0.0,1,1,No Deposit,Offline TA,Transient,32.68,1,0,0
B20198,12,12,2,3.0,0,0,No deposit,Groups,Contract,152.96,1,0,0
B20409,112,13,2,0.0,0,0,Refundable,Online TA,Transient,93.64,0,0,0
B20174,43,11,4,3.0,0,1,no deposit,Online Travel Agent,Transient,131.83,2,0,1
B21269,14,7,3,,2,1,No Deposit,Direct,Group,112.78,1,0,1
B20880,77,13,2,2.0,0,2,Non Refund,Online TA,Transient,91.11,0,0,0
B20469,105,14,3,3.0,0,0,No Deposit,Corporate,Transient,142.75,2,0,0
B20202,32,9,2,3.0,0,0,No Deposit,Online TA,Transient,76.96,1,0,1
B20595,110,13,4,2.0,0,0,Non Refund,Direct,Group,112.04,0,0,0
B20177,134,11,1,3.0,1,0,No Deposit,Offline TA,Transient,46.46,0,0,1
B20275,49,3,2,0.0,2,0,No Deposit,offline ta,Transient-Party,55.39,1,0,1
B20790,93,1,3,0.0,0,1,Non Refund,Offline TA,Transient,93.53,1,0,0
B20412,319,5,3,2.0,0,0,No Deposit,direct,Transient,81.68,1,0,0
B20013,128,7,1,3.0,0,1,NO DEPOSIT,Online TA,Transient,51.56,2,0,1
B20483,118,2,2,0.0,2,0,No Deposit,Corporate,Transient,126.02,1,0,0
B21263,110,10,2,0.0,2,1,No Deposit,DIRECT,Transient,46.4,0,0,1
B21108,56,13,3,0.0,0,1,No Deposit,online ta,Transient,163.11,2,0,0
B20538,44,10,2,2.0,1,1,No Deposit,Online TA,Transient-Party,130.86,1,1,0
B20615,87,6,2,0.0,0,3,No Deposit,Online TA,Transient-Party,37.68,0,0,0
B20117,105,7,2,2.0,1,0,No Deposit,Offline TA,Transient,168.2,2,0,1
B20536,248,11,2,0.0,0,0,No Deposit,Online TA,Transient,44.76,1,1,0
B20602,18,6,4,1.0,0,1,Refundable,Online Travel Agent,Transient,50.42,3,0,0
B21040,135,8,2,0.0,1,2,No Deposit,Offline TA,Transient,195.47,0,0,1
B21016,309,3,2,0.0,1,2,No Deposit,Online Travel Agent,Transient,28.0,1,0,1
B20669,271,4,1,0.0,0,0,Refundable,Corporate,Transient,96.74,1,0,0
B20163,36,14,2,1.0,1,0,No Deposit,Corporate,Transient,87.43,1,0,0
B20111,57,10,3,0.0,0,1,No Deposit,ONLINE TA,Transient,170.79,1,0,1
B20344,174,12,3,3.0,2,1,Non Refund,Online TA,Transient,57.79,0,0,1
B21253,117,8,3,2.0,0,4,No Deposit,direct,Transient,129.17,1,0,0
B20848,46,14,2,0.0,0,0,No Deposit,Online Travel Agent,Contract,182.95,0,0,0
B20482,138,6,2,2.0,1,0,No Deposit,Online TA,Transient,113.51,0,0,1
B21152,32,7,1,0.0,1,3,Non Refund,Offline TA,Transient,,0,0,1
B20721,65,14,2,2.0,1,1,Non-Refund,Corporate,Transient-Party,112.45,1,0,0
B20130,383,6,1,3.0,1,0,NO DEPOSIT,Online TA,Transient-Party,141.77,1,0,1
B21117,251,14,4,0.0,0,0,No Deposit,Corporate,Transient,79.29,1,0,0
B21123,22,8,1,0.0,1,0,No Deposit,Groups,Transient,51.87,1,1,0
B20338,330,9,2,0.0,0,1,No Deposit,Direct,Transient,87.75,1,0,1
B20833,126,10,2,0.0,0,1,non refund,Groups,Transient,123.16,1,0,1
B20072,151,8,2,0.0,0,1,No Deposit,Online Travel Agent,Transient,156.04,2,0,1
B20958,78,14,1,0.0,1,0,NO DEPOSIT,ONLINE TA,Transient,71.52,1,0,0
B21163,196,3,3,2.0,0,2,no deposit,Groups,Transient,68.44,1,0,1
B20515,271,12,2,0.0,0,0,no deposit,Online TA,Transient,76.33,1,0,1
B21051,236,3,4,0.0,1,1,No Deposit,Groups,Transient,127.84,0,0,1
B20824,29,7,2,0.0,0,0,No Deposit,Online TA,Transient,63.84,1,0,0
B20012,34,3,2,0.0,1,2,No Deposit,Online TA,Transient,29.95,0,0,1
B20447,218,8,2,0.0,0,0,Non Refund,offline ta,Transient,71.31,1,0,0
B20733,108,7,4,2.0,0,0,Refundable,corporate,Transient,73.89,2,0,0
B20208,-6,12,2,0.0,2,0,Refundable,Groups,Transient,67.34,0,0,1
B20303,147,7,4,1.0,0,0,No Deposit,Corporate,Transient,143.01,0,1,0
B20576,28,1,3,3.0,3,0,Non Refund,Groups,Transient,52.99,0,0,1
B20620,71,1,4,0.0,0,0,NO DEPOSIT,Direct,Transient-Party,167.39,0,0,0
B20565,107,12,1,0.0,0,0,No Deposit,Online TA,Transient,127.62,0,0,1
B21194,64,4,2,2.0,1,2,No Deposit,Online TA,Transient,110.38,0,0,1
B20697,60,2,2,1.0,0,0,No Deposit,Offline TA,Transient,103.56,1,0,0
B20644,97,14,2,0.0,0,2,No Deposit,Online TA,Transient,108.59,2,1,0
B20340,32,6,4,0.0,0,0,No Deposit,Online TA,Contract,48.12,1,1,0
B20346,24,6,1,2.0,1,1,Non Refund,Online TA,Transient,85.92,1,0,0
B21144,45,13,2,2.0,1,0,Non Refund,Online TA,Transient,103.49,3,0,0
B20304,7,13,1,0.0,0,2,No Deposit,Direct,Group,106.29,0,0,0
B20036,20,7,1,0.0,2,0,non refund,online ta,Transient-Party,,1,0,0
B20042,71,11,2,1.0,0,0,No deposit,Online TA,Transient,90.41,2,0,0
B21196,241,14,2,1.0,0,0,No Deposit,ONLINE TA,Transient,139.34,1,0,0
B20814,99,1,1,0.0,0,0,Non Refund,Offline TA,Transient,46.01,1,0,0
B20885,173,3,3,1.0,0,0,No Deposit,Direct,Transient,165.13,1,0,0
B21072,82,10,3,2.0,1,0,Non Refund,Offline TA,Transient,71.67,0,0,0
B20459,78,1,2,3.0,2,1,No Deposit,Online TA,Transient,89.88,0,0,1
B20423,108,7,2,2.0,0,0,Non Refund,Online TA,Transient,109.97,0,0,0
B21295,164,5,3,2.0,1,0,no deposit,Online TA,Group,107.71,0,0,1
B20914,189,4,4,0.0,0,1,Refundable,ONLINE TA,Transient,203.72,0,0,1
B20294,272,10,2,1.0,2,1,no deposit,Online Travel Agent,Transient,109.12,2,0,1
B20585,115,13,1,2.0,0,0,No Deposit,Online TA,Transient,63.31,1,0,1
B20026,38,3,2,2.0,0,0,No Deposit,corporate,Transient,159.35,0,0,0
B20680,38,4,2,1.0,0,0,No deposit,Corporate,Transient,144.47,0,0,1
B20811,178,1,1,3.0,0,1,Refundable,Online TA,Transient,52.88,0,0,0
B20955,57,7,4,0.0,1,2,No Deposit,Direct,Transient,126.33,1,0,0
B20984,10,12,4,0.0,0,1,No Deposit,Corporate,Transient,177.3,1,0,0
B20510,113,6,3,3.0,0,0,No Deposit,Groups,Transient,99.45,0,0,0
B20843,51,7,3,1.0,0,1,Refundable,Online TA,Transient,122.29,2,0,0
B20353,113,5,2,3.0,1,0,No Deposit,Online TA,Transient,88.18,0,0,1
B20944,32,1,3,3.0,0,1,No Deposit,Groups,Transient,79.91,0,0,1
B20055,285,13,2,2.0,0,1,No Deposit,Offline TA,Contract,109.54,0,0,1
B20463,153,4,1,1.0,0,0,No Deposit,DIRECT,Transient,124.21,0,0,1
B21241,72,13,1,0.0,1,1,no deposit,ONLINE TA,Transient,57.74,0,0,1
B20216,50,9,1,3.0,0,0,No Deposit,Online TA,Transient,100.68,1,1,0
B20861,201,4,2,3.0,0,0,no deposit,Online TA,Transient-Party,57.4,0,0,1
B20040,96,1,4,0.0,0,0,no deposit,Offline TA,Transient,131.1,1,0,1
B20396,139,5,1,3.0,1,1,No Deposit,Online TA,Transient,108.84,1,0,0
B21271,262,5,2,0.0,1,0,NO DEPOSIT,Groups,Transient-Party,146.43,1,0,1
B20825,127,10,4,0.0,0,0,No Deposit,Online TA,Transient,90.0,1,0,1
B21079,111,11,2,0.0,1,2,No Deposit,Online TA,Transient,41.0,0,0,1
B21209,40,13,3,0.0,1,1,No Deposit,Online Travel Agent,Transient-Party,97.14,0,0,0
B21218,127,5,4,0.0,2,0,non-refundable,ONLINE TA,Transient,85.0,0,0,1
B20178,181,5,4,0.0,0,0,No Deposit,corporate,Transient,149.26,0,0,0
B20176,40,5,2,0.0,1,3,no deposit,Online TA,Transient,121.32,0,0,0
B20507,242,7,4,0.0,1,2,NO DEPOSIT,corporate,Transient,114.08,1,0,1
B20570,125,13,2,0.0,0,0,no deposit,Online TA,Transient,128.15,0,0,0
B21153,77,6,1,3.0,1,0,No Deposit,Online TA,Transient,114.73,2,0,1
B20300,290,3,2,0.0,1,0,Non Refund,direct,Transient,55.08,0,0,0
B21243,105,13,2,1.0,2,1,Refundable,Corporate,Transient,130.11,0,0,1
B20737,173,3,3,0.0,1,1,no deposit,Direct,Contract,28.0,0,0,1
B20639,16,13,1,3.0,0,1,NO DEPOSIT,Online TA,Contract,81.8,1,0,1
B20983,13,1,2,0.0,1,2,Non Refund,offline ta,Transient,145.41,1,1,0
B21090,236,12,2,0.0,1,0,No Deposit,Offline TA,Contract,221.19,0,0,0
B20943,25,2,3,2.0,0,0,NO DEPOSIT,Offline Travel Agent,Transient,195.94,0,1,0
B20518,178,9,4,0.0,1,1,No deposit,Online TA,Contract,53.44,0,0,1
B20852,232,7,1,0.0,0,0,Refundable,Offline TA,Transient-Party,114.24,1,0,1
B20913,162,11,1,0.0,1,1,Non Refund,Offline TA,Transient,215.66,1,0,0
B20228,53,5,3,3.0,1,1,Non Refund,Online TA,Contract,108.19,0,0,0
B21211,48,13,1,2.0,0,1,No Deposit,Online TA,Transient,29.38,1,0,0
B20882,233,12,4,0.0,0,0,No Deposit,online ta,Transient,28.0,0,0,1
B20029,104,6,2,0.0,0,0,Non Refund,Online TA,Transient,119.33,0,0,0
B20633,27,7,1,0.0,0,1,Non Refund,Online TA,Transient,69.97,0,1,0
B20656,392,1,2,2.0,0,0,No Deposit,Groups,Transient,61.57,0,0,0
B20561,110,10,1,0.0,1,1,No Deposit,Online TA,Transient,72.5,1,1,1
B21164,38,11,4,2.0,0,3,NO DEPOSIT,Offline Travel Agent,Transient,105.68,4,0,0
B21130,114,1,3,0.0,0,0,No Deposit,Offline TA,Transient,139.35,1,0,1
B20821,129,12,3,3.0,1,1,Refundable,Groups,Transient,81.98,0,0,1
B20203,56,1,2,0.0,0,0,No Deposit,Online TA,Transient-Party,75.33,1,0,0
B20444,195,7,1,0.0,0,0,no deposit,Offline TA,Transient,127.95,0,0,0
B20371,82,13,3,2.0,1,1,Non Refund,Corporate,Group,156.06,1,0,0
B20032,33,14,2,,2,0,Non Refund,online ta,Transient,144.04,0,0,0
B21198,110,1,1,2.0,0,1,No Deposit,Online TA,Transient-Party,119.56,0,0,0
B20834,44,13,2,1.0,0,1,NO DEPOSIT,ONLINE TA,Contract,183.68,3,0,1
B20668,275,11,2,0.0,0,1,No Deposit,Online TA,Transient,91.87,0,0,1
B21012,173,10,4,1.0,0,1,No Deposit,Direct,Transient,88.64,4,0,0
B20334,226,11,4,1.0,0,1,No Deposit,Online TA,Transient,117.29,1,0,1
B20382,29,10,2,0.0,0,0,No Deposit,Direct,Contract,103.56,0,0,1
B21064,10,12,2,3.0,2,0,No Deposit,Online TA,Transient-Party,29.56,0,0,1
B20952,145,8,2,2.0,2,0,No Deposit,Groups,Transient,150.65,0,0,1
B20372,105,4,1,2.0,1,0,No Deposit,Offline TA,Transient-Party,168.03,0,0,1
B21002,207,6,2,2.0,1,1,No Deposit,Online TA,Transient,129.88,1,0,1
B20761,52,13,4,2.0,0,0,No Deposit,corporate,Transient-Party,100.94,1,0,0
B20003,74,2,2,3.0,1,1,Non Refund,offline ta,Transient,84.05,1,0,0
B20773,102,4,2,0.0,1,0,REFUNDABLE,Direct,Transient,32.02,1,0,0
B20702,13,5,2,0.0,0,0,No Deposit,Online TA,Transient,70.29,0,0,0
B20642,109,10,2,0.0,0,3,No Deposit,Offline TA,Transient,143.32,0,0,0
B20429,129,3,4,1.0,1,1,No Deposit,Groups,Transient,158.64,1,1,0
B21026,362,5,4,0.0,0,0,No deposit,Online TA,Transient,76.65,1,0,1
B21230,312,14,2,3.0,0,0,No Deposit,Direct,Transient-Party,80.17,0,0,1
B20445,94,6,4,0.0,0,0,No Deposit,Offline TA,Transient,54.18,1,0,0
B20041,91,13,2,2.0,1,0,No Deposit,corporate,Group,134.0,0,0,1
B20222,102,7,2,0.0,0,1,No Deposit,Corporate,Transient,170.4,2,1,0
B21213,186,8,1,0.0,0,0,Refundable,Online TA,Transient,103.65,0,0,0
B20996,76,8,4,2.0,1,0,No Deposit,online ta,Transient-Party,97.44,1,0,0
B20990,121,8,1,,0,0,No Deposit,Online TA,Transient,94.52,2,0,0
B20113,85,8,1,0.0,2,1,No Deposit,Online TA,Contract,130.82,0,0,1
B20048,160,13,2,0.0,0,1,non-refundable,Online Travel Agent,Transient,116.6,1,1,0
B20289,185,1,2,0.0,0,0,No Deposit,online ta,Transient,28.0,0,0,1
B20076,142,3,2,0.0,0,1,non-refundable,Online Travel Agent,Transient-Party,46.21,0,0,0
B20206,84,13,3,0.0,0,0,No Deposit,ONLINE TA,Transient,68.7,2,0,0
B20842,11,2,2,0.0,0,0,No Deposit,Direct,Transient,112.52,3,0,0
B20123,19,4,1,0.0,0,0,No Deposit,Online TA,Transient,56.25,0,0,0
B21139,77,6,3,0.0,1,3,No Deposit,Offline Travel Agent,Transient,88.78,0,0,1
B20386,45,9,2,3.0,2,0,No Deposit,Corporate,Transient,35.62,0,0,0
B20225,97,6,2,,1,1,NO DEPOSIT,Online TA,Transient,130.93,0,0,1
B20966,84,6,2,1.0,0,0,No Deposit,Offline TA,Transient,62.37,1,0,0
B20632,203,14,3,0.0,0,1,Non Refund,Online TA,Transient,99.56,2,0,0
B21078,159,7,4,0.0,2,0,No Deposit,Online TA,Transient,74.31,1,0,1
B20796,144,4,4,1.0,1,0,No Deposit,Online TA,Transient,149.62,0,0,1
B20221,183,9,4,0.0,1,0,No Deposit,Direct,Transient-Party,91.93,0,0,0
B20683,275,1,3,1.0,0,2,No Deposit,direct,Transient,131.98,0,0,0
B21173,403,8,1,2.0,0,1,No Deposit,Online TA,Transient-Party,97.02,1,0,1
B21156,183,7,1,0.0,2,0,No Deposit,Direct,Transient,102.24,0,0,0
B20617,193,9,3,0.0,0,2,Non-Refund,Online TA,Transient,133.07,1,0,0
B21158,86,5,2,3.0,0,1,Refundable,Online TA,Transient,132.76,2,0,0
B20816,156,2,2,3.0,0,0,No Deposit,Offline TA,Transient,132.62,1,0,1
B21010,68,10,2,1.0,0,2,Non Refund,Groups,Transient-Party,128.91,1,0,0
B21242,224,2,1,2.0,0,0,No Deposit,corporate,Transient,121.86,0,0,1
B20161,291,14,3,0.0,0,2,Refundable,Direct,Transient,141.73,0,0,0
B20692,88,5,2,3.0,1,0,Refundable,Online TA,Group,54.1,0,0,0
B20673,306,2,2,0.0,1,0,No Deposit,groups,Transient,134.78,1,0,1
B20749,111,8,2,0.0,0,0,No deposit,Direct,Transient,87.27,2,0,0
B20853,26,5,1,0.0,1,0,Non Refund,Direct,Transient,118.88,0,0,0
B20408,202,11,2,1.0,0,0,No Deposit,Groups,Transient,142.82,0,0,1
B20629,61,8,1,3.0,1,0,NO DEPOSIT,Online TA,Contract,120.96,1,0,1
B21047,137,11,3,0.0,1,2,No Deposit,Offline Travel Agent,Transient,115.09,1,0,0
B20325,95,14,4,0.0,0,2,No Deposit,Online TA,Transient,114.16,1,0,0
B21066,119,2,2,3.0,2,1,Refundable,Online TA,Transient,117.34,0,0,1
B20006,132,13,2,0.0,0,0,non-refundable,corporate,Transient,44.18,0,0,0
B20671,173,12,2,0.0,0,2,No Deposit,corporate,Group,75.95,1,0,0
B20930,70,4,3,0.0,0,1,Non Refund,Online TA,Transient,103.55,0,0,0
B20752,216,3,3,0.0,0,0,No Deposit,Direct,Transient,65.26,1,0,1
B20646,59,5,2,,0,1,Refundable,Direct,Transient,168.52,1,0,0
B20667,118,4,2,0.0,0,1,no deposit,Group,Contract,124.68,0,0,1
B20139,78,4,2,0.0,2,0,No Deposit,Online TA,Transient,208.72,1,0,1
B21043,71,13,1,1.0,1,0,no deposit,ONLINE TA,Transient-Party,140.93,2,0,0
B20818,84,4,2,0.0,1,0,No Deposit,Online TA,Transient,74.19,2,0,1
B20572,112,5,2,0.0,0,1,Refundable,DIRECT,Transient,108.57,1,0,0
B20352,119,6,2,2.0,0,0,No Deposit,Online TA,Transient,159.4,0,0,0
B21212,8,1,2,1.0,1,0,No Deposit,Groups,Transient-Party,137.06,1,0,1
B20165,54,14,2,1.0,0,2,No Deposit,corporate,Transient,115.34,0,0,0
B20214,45,9,3,3.0,0,4,NO DEPOSIT,Online TA,Transient,104.7,1,1,0
B20899,33,5,2,1.0,1,2,No Deposit,Online TA,Transient,143.1,1,0,1
B20297,41,11,2,0.0,0,0,No Deposit,Offline TA,Transient-Party,53.48,0,0,0
B20394,82,14,3,0.0,0,2,No Deposit,Corporate,Transient,,0,0,0
B20131,240,12,1,3.0,0,0,Refundable,Online TA,Contract,112.0,0,0,1
B20314,119,3,2,0.0,1,0,no deposit,Online TA,Transient,83.26,1,0,1
B20138,120,12,1,1.0,1,0,Non Refund,direct,Transient,158.73,2,0,0
B21031,389,2,1,1.0,1,1,NO DEPOSIT,Online TA,Transient,54.76,3,0,1
B20341,102,5,2,0.0,0,1,No Deposit,Online TA,Transient-Party,67.98,1,0,1
B20416,148,14,3,3.0,1,0,No deposit,Online TA,Transient,133.61,0,0,1
B21168,106,4,4,0.0,1,0,no deposit,Offline TA,Transient,82.56,1,0,1
B20038,71,14,2,0.0,1,1,No deposit,Corporate,Transient-Party,87.8,1,1,0
B20249,103,9,2,2.0,0,1,No Deposit,Online TA,Transient,106.15,0,0,1
B20835,90,12,2,3.0,1,0,NO DEPOSIT,Offline Travel Agent,Transient,191.11,1,0,0
B20053,103,7,1,3.0,0,1,No Deposit,Online TA,Transient,67.02,1,0,0
B20706,89,2,2,0.0,1,1,Non Refund,Direct,Transient-Party,190.19,0,0,0
B20136,50,7,2,2.0,0,1,No Deposit,Direct,Transient,154.83,1,0,0
B21197,161,1,2,0.0,1,1,No Deposit,Online TA,Transient-Party,48.58,1,0,1
B21135,116,12,2,3.0,1,0,No Deposit,Groups,Transient,112.33,1,0,1
B21206,224,14,4,0.0,1,2,no deposit,Direct,Transient-Party,122.72,1,0,1
B20793,297,7,2,1.0,0,0,Refundable,Online TA,Transient,172.85,1,0,1
B20035,116,9,1,1.0,0,2,No Deposit,Offline TA,Transient,88.3,1,0,0
B21266,41,6,2,2.0,2,1,No Deposit,Online TA,Transient-Party,68.35,1,0,1
B20657,21,4,2,1.0,3,1,No Deposit,Direct,Transient,87.88,1,0,0
B20378,228,9,2,0.0,1,1,No Deposit,Online TA,Contract,102.01,1,1,1
B20449,33,5,2,0.0,1,0,No Deposit,Online TA,Transient-Party,28.0,4,0,0
B20578,132,5,2,3.0,0,0,Refundable,Direct,Transient,154.09,0,1,0
B20940,235,9,4,1.0,1,1,No Deposit,Direct,Transient-Party,95.46,0,0,1
B21095,65,12,1,0.0,0,0,Refundable,Online TA,Transient,52.12,0,0,1
B20878,117,7,2,0.0,0,0,No Deposit,Groups,Transient,105.38,2,0,0
B20052,79,9,2,0.0,1,0,No Deposit,Online TA,Contract,40.8,0,0,1
B20377,210,14,2,3.0,0,0,No Deposit,Corporate,Contract,110.72,3,0,0
B20210,230,4,2,0.0,0,0,No Deposit,Offline TA,Transient,66.92,1,0,1
B20992,51,9,1,1.0,0,0,Non Refund,Online Travel Agent,Contract,79.49,1,0,0
B20302,16,4,2,3.0,0,0,No Deposit,Online TA,Transient,73.4,0,0,0
B21282,233,12,1,2.0,1,0,no deposit,Online TA,Transient,110.13,0,0,1
B20246,234,12,4,1.0,0,0,Non Refund,Groups,Transient,76.27,3,0,0
B21279,35,10,2,3.0,0,1,No Deposit,Corporate,Transient,199.59,0,0,0
B20425,105,4,2,0.0,0,2,refundable,ONLINE TA,Transient,71.73,0,0,0
B21118,32,11,1,0.0,0,0,no deposit,online ta,Transient,119.52,0,0,1
B20028,30,2,4,0.0,0,0,NO DEPOSIT,Online TA,Transient,83.05,1,0,0
B21221,25,11,4,0.0,0,2,No deposit,Offline TA,Contract,28.0,1,0,0
B20777,44,3,2,2.0,2,0,No deposit,Direct,Transient,106.64,0,0,1
B21049,80,14,4,1.0,0,1,Non Refund,Direct,Transient,28.0,0,0,0
B20244,71,5,2,3.0,0,0,No Deposit,Online Travel Agent,Transient,139.47,1,1,1
B20103,374,12,2,1.0,1,0,No Deposit,Online TA,Transient,89.36,0,0,1
B20276,52,2,2,3.0,0,0,Non Refund,corporate,Transient,209.35,0,0,0
B20393,107,7,3,0.0,0,2,No Deposit,Direct,Transient,102.62,0,0,1
B20110,144,5,4,0.0,0,0,Non Refund,Online Travel Agent,Transient,174.46,0,0,1
B20920,364,3,2,0.0,0,1,No Deposit,Group,Transient,71.71,0,0,1
B20159,125,3,2,0.0,1,2,No Deposit,Groups,Transient,105.54,0,0,1
B20747,108,6,2,2.0,0,1,No Deposit,Corporate,Transient,114.23,1,0,0
B20893,103,14,1,0.0,0,2,No Deposit,ONLINE TA,Transient,90.98,0,0,0
B20112,69,3,2,2.0,0,0,Non-Refund,ONLINE TA,Transient,83.89,2,0,1
B20932,27,8,2,1.0,1,4,No Deposit,Offline TA,Transient,162.51,1,0,0
B20660,49,7,2,0.0,1,3,No Deposit,Online TA,Group,71.82,1,0,0
B21215,205,7,2,0.0,1,2,No Deposit,Online TA,Transient,96.11,2,0,1
B21054,157,7,2,2.0,2,0,NO DEPOSIT,Offline TA,Transient-Party,213.68,0,0,1
B20329,34,14,2,0.0,0,2,No Deposit,Corporate,Transient,152.47,0,0,1
B20262,44,9,4,2.0,0,1,Non Refund,Online TA,Transient,76.99,0,0,0
B20735,121,3,3,3.0,1,1,Non Refund,Online TA,Transient,63.23,0,0,1
B20775,85,2,4,1.0,1,0,No Deposit,Direct,Transient-Party,68.06,2,0,1
B20133,210,12,2,0.0,0,2,No Deposit,Direct,Transient,122.85,2,0,1
B20637,203,12,2,2.0,0,1,Refundable,offline ta,Transient,154.03,1,0,0
B20685,43,2,1,1.0,0,2,No Deposit,Direct,Transient,81.69,1,1,0
B21052,275,10,4,1.0,0,0,non-refundable,Online Travel Agent,Transient-Party,36.63,0,0,1
B20167,79,4,4,0.0,0,2,No deposit,Direct,Transient,94.14,0,0,1
B21210,89,6,4,2.0,0,0,no deposit,Online TA,Transient-Party,123.36,0,0,1
B21109,62,12,2,0.0,0,1,No Deposit,Online Travel Agent,Contract,132.43,2,0,0
B20860,204,13,2,0.0,0,0,No Deposit,ONLINE TA,Transient-Party,189.29,0,0,0
B20154,114,2,2,3.0,0,1,no deposit,Direct,Transient,155.13,1,0,0
B20050,201,7,2,3.0,0,1,NO DEPOSIT,Online TA,Transient,130.19,1,0,1
B20024,396,3,2,1.0,1,1,no deposit,ONLINE TA,Transient,106.53,2,0,1
B20806,140,3,2,0.0,1,0,No Deposit,corporate,Transient-Party,157.01,0,0,0
B21222,52,9,2,1.0,0,2,No Deposit,Online TA,Transient,93.02,4,0,0
B20443,49,11,1,3.0,1,2,No deposit,online ta,Transient,64.61,1,0,1
B20755,47,11,4,0.0,3,1,No deposit,Online Travel Agent,Transient,69.82,1,0,1
B20736,355,3,1,3.0,0,0,No Deposit,Groups,Transient,39.05,1,0,1
B20150,273,7,2,2.0,1,0,REFUNDABLE,Corporate,Transient,69.06,1,0,0
B20553,16,8,1,2.0,1,0,Non Refund,groups,Transient,150.49,0,0,0
B21131,107,8,1,1.0,1,0,No Deposit,Online TA,Transient,122.26,2,0,0
B20094,59,5,3,2.0,1,1,No Deposit,Online TA,Transient,41.54,0,0,1
B21171,120,13,4,0.0,1,1,No deposit,online ta,Transient,95.21,0,0,1
B20217,192,7,1,0.0,0,0,No Deposit,Group,Transient,58.04,1,0,0
B20645,4,5,1,0.0,1,0,Non Refund,Offline TA,Transient,94.86,0,0,0
B20381,80,9,2,2.0,1,1,No Deposit,Online TA,Transient-Party,73.48,0,0,1
B20023,68,8,2,,0,1,No Deposit,DIRECT,Transient,184.37,0,0,0
B20780,149,14,4,0.0,0,1,Refundable,direct,Transient,98.41,2,0,0
B20864,372,8,3,0.0,0,1,Refundable,Online TA,Transient,190.47,1,0,0
B20292,140,3,1,1.0,0,0,No Deposit,ONLINE TA,Transient,112.21,1,0,1
B20712,337,3,3,0.0,0,2,Non Refund,Corporate,Transient,127.15,0,0,0
B20173,105,6,2,1.0,0,1,No Deposit,Online TA,Transient,,0,0,0
B20100,189,4,2,0.0,0,0,No Deposit,Online TA,Transient-Party,96.83,0,0,1
B20025,68,5,1,3.0,0,0,No deposit,Online TA,Transient,119.73,0,0,0
B20603,164,11,2,0.0,0,2,No Deposit,corporate,Transient,148.54,0,0,0
B20339,78,11,2,0.0,0,0,No Deposit,Online TA,Transient,41.34,0,0,1
B20783,79,4,1,3.0,1,1,non-refundable,Online TA,Transient,109.05,1,0,0
B20961,74,7,2,2.0,0,0,No Deposit,offline ta,Transient-Party,189.15,1,0,0
B21036,55,12,3,0.0,0,0,No Deposit,ONLINE TA,Transient,28.0,1,0,0
B20489,87,3,2,0.0,0,2,No Deposit,Groups,Transient,139.82,2,0,0
B21076,60,14,4,3.0,0,0,Refundable,DIRECT,Transient,152.0,0,0,0
B20734,253,3,2,0.0,1,2,Refundable,Direct,Transient,64.9,0,0,0
B20726,118,7,2,0.0,0,1,no deposit,ONLINE TA,Group,68.84,0,0,1
B20700,41,4,2,3.0,0,0,No Deposit,Online Travel Agent,Transient,,1,0,0
B20354,129,6,4,0.0,0,2,NO DEPOSIT,Online TA,Transient,80.46,0,0,1
B20957,169,14,4,0.0,1,0,No Deposit,Offline Travel Agent,Group,83.15,0,0,1
B20750,34,2,2,,1,1,Refundable,Online TA,Transient,74.35,0,0,1
B21292,21,13,3,0.0,1,0,Non Refund,Online TA,Transient,80.42,1,0,0
B21086,233,11,2,0.0,0,1,No Deposit,offline ta,Transient,59.21,0,0,1
B20588,21,5,1,0.0,1,0,refundable,offline ta,Transient,89.3,0,0,1
B20242,35,9,4,1.0,0,2,Non Refund,direct,Transient-Party,151.5,0,0,0
B20168,46,11,2,0.0,0,0,Non-Refund,Offline TA,Transient,87.94,0,0,0
B20073,337,5,4,1.0,0,1,No Deposit,Groups,Transient,147.48,0,0,1
B20559,100,10,4,0.0,1,1,No Deposit,Groups,Transient,38.62,1,0,0
B21140,17,9,2,1.0,1,0,No Deposit,Online TA,Transient,72.33,0,1,0
B21293,89,7,3,3.0,0,0,no deposit,Online TA,Transient,159.61,0,0,0
B20859,280,8,2,0.0,1,0,No deposit,ONLINE TA,Transient,74.58,0,0,1
B20118,66,8,2,3.0,0,0,No Deposit,Groups,Transient,166.83,0,0,0
B20782,168,7,2,3.0,2,0,No Deposit,Online TA,Transient,116.2,0,0,1
B20114,24,14,2,0.0,1,1,NO DEPOSIT,Online TA,Transient-Party,142.38,2,0,0
B20520,183,3,2,2.0,0,1,Non Refund,Offline Travel Agent,Transient,126.19,2,0,0
B20713,111,7,3,1.0,0,0,No Deposit,Offline Travel Agent,Group,127.24,2,0,0
B20005,65,4,2,0.0,0,3,no deposit,online ta,Transient,166.91,0,0,0
B20475,109,13,1,0.0,0,0,No Deposit,Online TA,Transient,60.77,2,0,0
B20254,108,7,4,0.0,2,1,No Deposit,Groups,Transient,99.52,0,0,1
B20967,146,12,2,0.0,1,0,Non Refund,online ta,Transient,102.67,2,1,0
B20881,204,9,1,1.0,0,0,No Deposit,Online TA,Transient-Party,117.2,0,0,1
B20069,248,9,3,3.0,0,0,No Deposit,Groups,Transient-Party,89.3,1,0,1
B20014,236,10,2,0.0,0,0,No Deposit,Online TA,Transient,91.66,2,0,1
B20711,14,9,4,2.0,0,0,No Deposit,Offline TA,Transient-Party,124.41,1,0,1
B21020,192,8,2,0.0,0,1,No Deposit,Online TA,Transient,126.68,0,0,1
B20369,94,1,4,1.0,1,0,No Deposit,Direct,Group,152.83,1,1,1
B20078,104,3,2,0.0,1,0,Non Refund,Online Travel Agent,Transient,61.68,0,0,1
B21238,129,12,3,0.0,0,2,No Deposit,Online TA,Transient,152.54,2,0,0
B21007,185,1,2,0.0,0,0,No Deposit,online ta,Transient,177.84,0,0,1
B20870,107,1,2,2.0,0,0,No Deposit,Online TA,Transient,148.45,0,0,0
B20479,60,10,2,0.0,0,1,No Deposit,Corporate,Transient,117.75,1,0,0
B20516,368,13,2,0.0,1,0,Refundable,Groups,Transient,52.24,0,0,1
B21201,7,14,2,0.0,1,0,REFUNDABLE,corporate,Transient-Party,32.2,0,0,0
B20652,61,8,2,1.0,0,1,Non Refund,Online TA,Transient,100.02,1,0,0
B20054,55,6,4,0.0,0,0,Refundable,Direct,Transient,154.97,0,0,0
B20467,100,10,3,0.0,0,1,NO DEPOSIT,Online TA,Transient,89.47,1,1,0
B20266,48,6,2,2.0,0,1,NO DEPOSIT,Direct,Transient,99.99,0,0,0
B21174,115,6,2,2.0,0,0,No deposit,Direct,Transient,117.38,2,0,1
B20239,120,3,2,0.0,1,1,No Deposit,ONLINE TA,Transient,79.41,0,0,1
B20583,90,6,2,1.0,0,1,No Deposit,Online TA,Transient,133.56,0,0,1
B20766,91,10,1,3.0,0,0,No Deposit,Offline TA,Transient,120.57,2,0,0
B20514,213,3,3,0.0,2,2,Non Refund,Offline TA,Transient-Party,53.01,1,0,0
B20537,85,10,3,1.0,0,0,Non Refund,online ta,Transient,105.44,0,0,0
B21246,162,10,2,1.0,0,0,no deposit,Online TA,Transient,115.29,0,0,1
B20728,132,7,2,0.0,0,0,No Deposit,Offline TA,Transient,90.74,0,0,1
B21249,123,12,1,0.0,0,2,No Deposit,Online TA,Transient-Party,66.35,1,0,0
B20059,108,10,2,0.0,0,0,No Deposit,Online TA,Contract,104.29,0,0,0
B20503,30,1,2,2.0,0,1,NO DEPOSIT,Online TA,Transient,156.23,1,0,0
B20995,249,14,2,0.0,0,0,No Deposit,direct,Transient,87.72,0,0,0
B20166,16,1,4,1.0,1,1,Non Refund,Groups,Transient-Party,130.36,2,1,0
B21092,100,3,1,2.0,1,1,Non Refund,Direct,Transient-Party,176.93,0,0,0
B20815,58,3,2,2.0,0,2,no deposit,Online TA,Transient,88.93,0,0,1
B20331,248,6,1,3.0,0,1,No deposit,corporate,Transient,167.2,0,0,0
B21226,167,7,3,1.0,0,1,no deposit,Online Travel Agent,Transient,110.66,1,0,1
B20500,50,10,1,1.0,0,1,No Deposit,ONLINE TA,Transient,118.81,1,0,0
B20887,16,1,1,0.0,0,1,No Deposit,Offline TA,Transient-Party,75.55,0,1,0
B20949,192,10,3,0.0,1,0,no deposit,Online Travel Agent,Transient-Party,72.29,0,0,1
B20247,170,4,4,0.0,2,0,No deposit,Groups,Transient,81.6,2,1,1
B20373,88,13,2,1.0,0,1,refundable,Direct,Transient,43.57,0,0,0
B21034,107,9,2,3.0,0,2,Non Refund,DIRECT,Transient,76.17,0,0,0
B20472,126,5,2,3.0,1,1,Refundable,Corporate,Transient,94.41,0,0,1
B20499,146,10,2,0.0,0,0,No Deposit,Corporate,Transient,125.6,2,0,0
B21037,123,1,2,1.0,1,1,Non Refund,Online TA,Transient,116.58,0,0,1
B21169,18,13,2,2.0,0,0,No deposit,Online TA,Transient,151.61,1,1,0
B20636,265,7,1,2.0,2,0,No Deposit,Online TA,Transient,80.1,1,0,1
B20616,169,6,4,0.0,1,0,No Deposit,Online TA,Transient,126.52,0,1,1
B20563,43,4,1,0.0,0,0,no deposit,Direct,Transient,117.88,1,0,0
B20135,87,13,1,3.0,0,1,no deposit,Groups,Transient-Party,139.29,0,1,0
B20307,146,10,2,2.0,0,0,no deposit,Online TA,Transient-Party,113.5,0,0,1
B20560,189,3,2,0.0,0,0,No Deposit,Groups,Transient-Party,31.04,0,0,1
B21134,278,12,3,0.0,1,0,No Deposit,Online TA,Transient,125.85,1,0,1
B20720,20,11,4,0.0,0,0,No Deposit,Group,Transient,60.45,0,0,1
B20566,106,7,3,1.0,1,0,Non Refund,Online TA,Transient-Party,166.89,0,0,0
B20501,31,8,2,0.0,0,0,No Deposit,Direct,Transient,74.03,0,0,0
B20627,47,8,2,1.0,0,1,Non Refund,Online Travel Agent,Transient,119.58,0,0,0
B20234,5,4,2,0.0,0,0,Refundable,Corporate,Contract,30.44,1,0,0
B20626,47,4,1,0.0,2,0,Non Refund,Online TA,Transient,111.64,1,0,0
B21116,81,4,4,,0,1,No Deposit,Offline TA,Transient,98.78,2,0,1
B20430,72,14,2,0.0,0,0,Non Refund,Online TA,Transient,28.0,2,0,1
B21205,34,12,2,1.0,1,0,refundable,Offline Travel Agent,Transient,140.68,1,0,0
B20899,33,5,2,1.0,1,2,No Deposit,Online TA,Transient,143.1,1,0,1
B21181,37,12,2,1.0,0,0,NO DEPOSIT,ONLINE TA,Transient,139.49,0,0,1
B21132,32,12,2,0.0,0,1,Non Refund,direct,Transient-Party,109.27,0,0,0
B20191,77,10,2,0.0,0,0,REFUNDABLE,Direct,Transient,93.44,2,0,0
B21014,42,3,2,0.0,3,0,Non Refund,Online TA,Transient,139.51,0,0,1
B20151,34,7,4,0.0,0,0,Non Refund,Online Travel Agent,Transient,28.0,0,0,0
B20691,66,11,2,0.0,0,0,Non Refund,Offline TA,Transient,64.15,1,0,0
B20435,69,8,4,0.0,1,0,No Deposit,Offline TA,Transient,91.87,1,0,1
B20836,42,7,1,1.0,1,0,no deposit,Direct,Transient-Party,88.9,2,0,1
B21237,62,8,1,0.0,1,1,Non Refund,Direct,Transient,93.74,1,0,0
B20666,156,2,2,3.0,3,0,non refund,Online TA,Transient,138.54,1,0,1
B21248,317,14,2,2.0,0,0,No Deposit,Online TA,Transient,120.33,0,0,1
B20256,60,9,2,1.0,0,1,Non Refund,Online TA,Transient-Party,63.68,0,0,0
B21297,57,11,3,0.0,1,1,non-refundable,Direct,Transient,174.75,0,0,0
B20278,97,4,2,1.0,1,0,No deposit,Online TA,Transient,80.38,0,0,1
B21067,57,5,2,0.0,1,2,No deposit,Online TA,Transient,114.8,0,0,0
B20184,113,5,2,0.0,1,1,No deposit,Corporate,Transient-Party,58.76,1,1,0
B20687,146,14,1,1.0,2,0,non refund,Offline TA,Transient,32.89,1,0,1
B20541,156,11,1,3.0,0,1,No Deposit,Direct,Transient,84.33,0,0,1
B20638,59,8,2,0.0,0,1,No Deposit,Online TA,Transient,104.37,0,0,0
B20569,27,5,2,2.0,0,0,No Deposit,Online TA,Transient,71.58,0,0,0
B20582,77,13,1,2.0,0,2,no deposit,Online Travel Agent,Transient,67.06,0,0,1
B20933,27,9,3,1.0,1,1,Refundable,Offline TA,Contract,72.94,1,1,1
B20383,79,7,1,0.0,0,0,REFUNDABLE,Direct,Transient-Party,59.39,0,0,0
B20145,217,4,2,1.0,0,0,Refundable,Groups,Transient,87.07,0,0,0
B20336,150,5,2,3.0,2,0,No deposit,direct,Transient-Party,43.37,1,0,1
B21245,27,12,2,3.0,2,0,No Deposit,Groups,Transient,28.0,1,0,1
B20533,13,11,2,0.0,0,0,No Deposit,Direct,Transient,84.85,0,0,0
B20404,77,11,2,3.0,1,3,Refundable,Online TA,Group,129.23,0,0,1
B21063,76,7,3,0.0,0,0,Non Refund,Online Travel Agent,Transient,136.13,1,0,0
B20742,83,14,2,2.0,1,0,No Deposit,Online TA,Transient,95.96,2,0,1
B20196,33,14,2,2.0,0,0,No Deposit,Online TA,Transient,109.93,1,0,0
B20463,153,4,1,1.0,0,0,No Deposit,DIRECT,Transient,124.21,0,0,1
B20495,132,1,2,0.0,1,0,No Deposit,Online TA,Transient,125.08,1,0,1
B20591,102,7,4,1.0,1,2,No Deposit,Corporate,Transient,118.12,2,0,1
B20936,216,1,2,2.0,0,0,Non Refund,offline ta,Transient,55.3,0,0,0
B20979,248,6,1,3.0,0,1,Non Refund,Online TA,Transient-Party,67.31,0,0,0
B20380,198,7,2,3.0,0,0,Non Refund,Online TA,Transient,68.39,1,0,0
B20027,275,6,4,0.0,2,0,No Deposit,groups,Contract,166.81,1,0,1
B20395,44,3,3,0.0,0,0,No deposit,Offline TA,Group,99.86,1,0,1
B20320,103,12,1,0.0,2,0,No Deposit,Online TA,Transient,68.1,2,0,0
B20147,83,8,2,0.0,0,1,No Deposit,Online Travel Agent,Transient,157.35,0,1,0
B20797,150,8,3,2.0,1,1,Refundable,ONLINE TA,Transient,102.47,1,1,0
B20623,87,2,4,2.0,1,2,no deposit,Corporate,Transient,121.91,1,0,0
B20238,129,14,2,2.0,1,1,Refundable,Offline TA,Transient-Party,80.86,0,0,1
B21009,43,14,2,3.0,0,0,Non Refund,Online TA,Contract,151.09,1,0,0
B20910,81,6,4,1.0,0,1,Non Refund,Offline TA,Transient,150.25,1,0,0
B20895,23,13,2,2.0,0,1,No deposit,Online TA,Transient,147.9,1,0,0
B21155,60,13,2,,1,0,No Deposit,Offline TA,Group,96.36,0,0,0
B20106,14,14,2,2.0,0,0,No Deposit,groups,Transient,172.67,3,0,0
B20350,68,6,4,0.0,0,0,NO DEPOSIT,Corporate,Transient,40.59,1,0,0
B20650,41,7,2,2.0,0,0,Non Refund,Groups,Transient,100.32,1,1,0
B20389,121,1,2,0.0,0,0,no deposit,Online TA,Transient,124.92,2,1,1
B21004,157,6,3,1.0,3,0,No Deposit,direct,Transient,132.06,0,0,1
B20554,30,3,4,0.0,0,0,No Deposit,groups,Transient,151.79,0,0,1
B21247,53,10,2,0.0,0,2,No Deposit,Offline Travel Agent,Transient,90.89,0,0,0
B20170,313,4,2,0.0,0,0,No Deposit,Online TA,Transient-Party,79.51,0,0,1
B21081,86,3,2,0.0,1,0,no deposit,Groups,Transient,146.65,0,1,0
B20306,254,9,3,0.0,1,0,No Deposit,Groups,Transient,134.13,0,0,1
B20415,95,1,2,0.0,0,2,No deposit,Online TA,Transient,57.71,0,0,1
B21288,68,7,2,0.0,1,0,NO DEPOSIT,Online TA,Transient,184.04,1,0,1
B21120,123,7,3,0.0,1,0,No Deposit,Online TA,Transient,180.93,0,0,1
B20428,115,14,3,1.0,0,2,Non Refund,Direct,Transient,55.53,0,1,0
B20186,108,12,4,1.0,2,0,No Deposit,Direct,Transient,28.0,0,0,1
B21005,226,13,4,2.0,1,1,Non Refund,ONLINE TA,Transient,89.36,1,0,0
B20908,261,12,4,,1,2,Refundable,online ta,Contract,110.61,0,0,1
B20269,84,6,4,3.0,0,0,No Deposit,Online TA,Transient,116.63,2,0,0
B20867,72,1,1,3.0,0,0,No Deposit,Groups,Contract,74.2,0,0,0
B20630,273,8,3,0.0,1,0,No Deposit,Online TA,Transient,83.13,2,0,1
B20950,128,13,2,0.0,0,1,No Deposit,corporate,Transient,138.01,0,0,1
B20162,58,12,1,3.0,0,0,No Deposit,Groups,Transient,78.3,0,0,1
B20413,74,4,3,0.0,0,1,no deposit,Groups,Transient,99.07,0,0,0
B20095,130,14,3,0.0,0,0,No Deposit,groups,Transient,156.56,0,0,1
B20098,147,5,2,0.0,0,0,Refundable,Direct,Transient,91.88,1,0,1
B21030,99,12,2,3.0,0,0,No Deposit,Online Travel Agent,Transient,66.35,0,0,1
B20876,28,3,4,0.0,3,0,No Deposit,Direct,Transient,104.34,0,0,1
B20817,223,10,2,3.0,0,1,No Deposit,Online TA,Transient,158.51,0,0,1
B20822,121,6,4,2.0,0,0,No Deposit,Corporate,Transient,80.21,0,0,0
B20207,123,12,2,,0,0,Refundable,Online TA,Transient,160.8,0,0,1
B20974,91,14,4,2.0,0,0,No Deposit,offline ta,Transient,156.05,0,0,0
B20686,44,8,2,0.0,1,1,No Deposit,Online TA,Transient,,1,1,0
B20872,76,11,3,3.0,0,0,No Deposit,Direct,Transient,102.78,3,0,0
B20245,111,6,3,3.0,0,1,no deposit,Online TA,Transient,120.06,0,0,1
B20229,239,13,1,0.0,0,0,No Deposit,Online TA,Transient-Party,70.26,0,0,1
B20906,146,4,2,1.0,0,1,No Deposit,Direct,Transient,111.83,1,0,1
B20008,109,3,2,3.0,1,0,no deposit,Online TA,Transient,108.84,0,0,1
B20896,117,14,2,1.0,0,1,No deposit,Direct,Transient,90.82,2,0,0
B21227,87,13,1,3.0,0,1,Refundable,Online TA,Transient,63.02,2,0,0
B21255,56,7,2,0.0,1,2,Non Refund,online ta,Transient-Party,118.51,1,0,1
B20865,21,10,3,0.0,1,0,No Deposit,Direct,Transient,39.8,0,0,0
B21125,45,14,2,0.0,0,1,no deposit,Groups,Transient,134.64,2,0,0
B20791,41,11,2,0.0,0,0,No deposit,Online TA,Transient,76.6,0,0,1
B21022,60,13,4,0.0,0,2,no deposit,Online TA,Transient,66.71,0,0,1
B20189,252,11,2,0.0,1,1,No deposit,Corporate,Transient-Party,150.67,0,1,1
B20260,324,11,1,0.0,0,0,No Deposit,Offline TA,Transient-Party,49.85,1,1,1
B20144,56,3,3,3.0,1,1,Non Refund,Online TA,Transient-Party,145.23,1,0,0
B20828,23,14,2,0.0,1,1,No Deposit,Online TA,Contract,142.36,0,0,1
B20698,75,2,2,1.0,0,0,Non-Refund,Online TA,Transient,129.3,0,0,0
B20919,114,5,1,0.0,0,0,No Deposit,Corporate,Transient,142.2,0,0,1
B20370,178,13,1,0.0,1,0,Non Refund,Online TA,Transient-Party,145.23,0,0,0
B20937,135,7,4,0.0,0,1,Non Refund,Direct,Transient,69.28,0,1,0
B21035,187,4,1,3.0,1,0,No Deposit,corporate,Transient,42.7,2,1,1
B21190,167,7,2,0.0,1,1,No Deposit,Direct,Transient,194.44,0,1,0
B20890,106,7,1,2.0,0,0,No Deposit,ONLINE TA,Transient,172.19,2,0,0
B20594,94,1,2,0.0,0,1,Non Refund,Direct,Transient-Party,143.95,1,0,0
B20531,73,8,2,3.0,0,1,Non Refund,Offline TA,Transient,141.72,0,0,0
B20894,16,1,4,0.0,0,3,non-refundable,Offline TA,Transient,66.37,1,0,0
B21286,75,9,3,0.0,1,1,No Deposit,DIRECT,Transient,155.35,2,0,1
B20057,39,11,1,0.0,1,0,No deposit,Offline TA,Transient-Party,112.14,0,0,1
B21057,69,5,2,3.0,1,1,Non Refund,Online TA,Contract,78.35,0,0,1
B20282,188,11,1,0.0,0,0,No Deposit,online ta,Transient,55.3,0,0,1
B20934,14,4,2,0.0,0,1,NO DEPOSIT,Online TA,Transient-Party,130.04,0,1,0
B20362,53,11,3,0.0,2,1,Non Refund,corporate,Transient,144.96,0,0,0
B20243,55,14,2,1.0,0,0,NO DEPOSIT,Direct,Transient,145.4,1,0,0
B20092,48,8,2,0.0,1,0,No Deposit,Direct,Contract,101.64,2,1,0
B20337,49,3,1,1.0,1,0,No Deposit,Group,Transient,143.55,1,0,1
B21013,314,1,4,1.0,0,0,No Deposit,Online Travel Agent,Transient,112.74,3,0,1
B20947,74,11,2,0.0,1,0,No Deposit,Online TA,Transient-Party,88.38,1,0,0
B21109,62,12,2,0.0,0,1,No Deposit,Online Travel Agent,Contract,132.43,2,0,0
B20190,-12,10,1,0.0,0,1,Non Refund,Online TA,Transient,67.82,2,0,0
B20039,44,13,2,3.0,0,1,No Deposit,Offline TA,Transient,,1,0,0
B20975,77,14,3,3.0,2,0,Non Refund,Online TA,Transient,119.99,0,0,0
B20634,215,9,4,,2,1,Non-Refund,Direct,Transient-Party,163.81,0,0,1
B20764,266,5,2,0.0,0,0,No Deposit,Online TA,Transient-Party,86.37,0,0,1
B20723,113,13,2,1.0,2,0,Non Refund,Direct,Transient,41.72,2,0,0
B20063,242,7,3,3.0,0,0,No Deposit,online ta,Transient,120.12,2,0,0
B20233,82,5,1,2.0,0,2,No Deposit,online ta,Transient-Party,33.71,2,0,0
B20676,111,14,2,1.0,2,0,no deposit,Groups,Transient-Party,126.92,0,0,1
B20105,97,10,4,0.0,0,1,No Deposit,Offline TA,Transient,85.94,0,0,1
B20753,144,10,2,0.0,0,1,No Deposit,Online TA,Transient-Party,76.53,2,0,1
B20902,17,2,4,0.0,0,1,No Deposit,Online Travel Agent,Transient-Party,133.81,0,0,0
B20253,116,9,1,3.0,0,0,No Deposit,offline ta,Transient,28.0,0,0,1
B20422,72,4,4,0.0,1,0,No Deposit,Corporate,Transient-Party,100.36,3,0,0
B20774,125,2,2,,1,1,NO DEPOSIT,Direct,Transient,127.89,2,0,1
B20858,72,14,1,3.0,0,0,no deposit,Online TA,Transient,131.15,1,0,0
B20924,131,10,2,1.0,1,0,Non Refund,direct,Transient,64.36,2,0,0
B20079,35,14,3,0.0,0,0,No Deposit,corporate,Contract,54.99,1,0,0
B20989,9,1,3,0.0,0,0,non refund,Online Travel Agent,Transient,91.57,0,0,0
B21106,106,5,2,0.0,2,0,Non Refund,Online TA,Transient,119.49,0,0,0
B20497,54,5,2,1.0,0,0,no deposit,Online TA,Transient,84.53,0,0,1
B21268,130,13,2,0.0,0,0,Non Refund,Online TA,Transient,190.33,2,0,1
B20087,271,14,1,1.0,0,1,No Deposit,Corporate,Transient-Party,82.89,2,0,0
B20064,103,2,2,,2,0,No Deposit,Online TA,Transient,111.82,2,0,0
B20605,73,14,1,2.0,1,0,no deposit,Offline TA,Transient-Party,101.25,0,0,0
B20274,72,9,3,0.0,1,0,No Deposit,Online Travel Agent,Transient,61.0,1,0,1
B21171,120,13,4,0.0,1,1,No deposit,online ta,Transient,95.21,0,0,1
B21179,114,9,1,2.0,1,0,No Deposit,Groups,Transient-Party,115.17,0,0,1
B20153,49,3,2,1.0,0,0,No Deposit,Online TA,Group,95.78,1,0,0
B20613,91,6,2,0.0,1,2,No Deposit,Online TA,Transient,108.0,0,0,1
B20410,78,3,4,0.0,0,0,no deposit,Online TA,Transient-Party,194.54,1,0,0
B20830,90,12,4,0.0,0,0,No deposit,DIRECT,Transient,131.03,0,0,1
B20912,155,7,1,0.0,3,0,No deposit,Online Travel Agent,Transient,46.85,0,0,1
B20517,104,10,2,0.0,1,2,No Deposit,corporate,Transient,152.04,0,0,1
B20044,78,13,2,0.0,0,2,NO DEPOSIT,Groups,Transient,148.05,0,0,1
B20390,179,10,2,3.0,0,1,Refundable,Online TA,Transient,112.97,1,0,0
B20220,92,1,1,0.0,2,0,No Deposit,ONLINE TA,Transient-Party,77.73,1,0,1
B20140,31,14,1,2.0,0,2,No Deposit,Direct,Transient-Party,115.21,0,0,0
B20357,64,1,2,1.0,0,0,Refundable,Online TA,Transient,116.37,1,0,0
B20722,31,2,2,0.0,0,1,Non Refund,Online TA,Transient,118.8,0,0,0
B20261,116,8,4,0.0,1,0,No Deposit,direct,Transient,139.8,0,1,0
B20898,266,9,2,,0,0,No Deposit,Corporate,Group,122.48,2,0,1
B21103,156,10,3,0.0,1,0,Non Refund,Offline TA,Transient,95.74,0,0,0
B20195,54,4,2,0.0,0,0,No Deposit,Online TA,Transient-Party,94.96,0,0,1
B20115,92,6,1,1.0,0,0,NO DEPOSIT,Corporate,Transient,184.56,0,0,1
B21075,19,14,4,1.0,0,3,Non Refund,Online TA,Transient,51.81,0,0,0
B21073,58,10,4,0.0,2,1,Non-Refund,Corporate,Transient,132.47,1,0,0
B20718,68,10,1,0.0,0,2,No Deposit,Online TA,Transient,105.86,1,0,1
B21277,140,5,4,0.0,0,0,non refund,ONLINE TA,Transient,28.0,3,0,0
B21177,239,3,2,0.0,0,0,No Deposit,Direct,Contract,91.37,1,0,1
B20358,217,2,4,0.0,2,0,No Deposit,Offline Travel Agent,Transient,183.94,0,0,1
B21060,42,2,1,0.0,0,0,No Deposit,Direct,Transient,101.23,0,0,1
B21019,129,12,2,3.0,0,1,No deposit,Offline TA,Transient,96.75,0,0,1
B21000,161,7,2,0.0,0,0,Non Refund,Online Travel Agent,Transient,92.36,2,0,0
B20935,66,4,2,0.0,0,1,Non Refund,Online TA,Transient,102.03,0,0,1
B20754,163,13,1,0.0,1,2,No Deposit,Offline TA,Transient,61.14,2,0,0
B20420,429,4,3,0.0,1,1,No Deposit,Online TA,Transient,75.07,1,1,1
B20149,102,2,2,2.0,1,1,No Deposit,Online TA,Transient,138.86,0,0,1
B20009,31,4,4,1.0,0,0,No Deposit,offline ta,Transient,124.92,2,0,0
B21069,101,9,2,0.0,0,0,No Deposit,offline ta,Transient-Party,103.91,1,0,0
B21119,118,10,3,0.0,0,0,No Deposit,Corporate,Transient,119.94,0,0,0
B21258,304,3,3,2.0,0,2,No Deposit,Direct,Transient,28.0,0,0,1
B20534,95,5,2,2.0,0,1,No Deposit,DIRECT,Transient,154.29,0,0,0
B20548,248,3,2,3.0,1,0,Non Refund,Corporate,Transient,189.52,0,0,0
B20298,326,5,2,0.0,0,0,NO DEPOSIT,Direct,Transient,94.04,0,0,0
B20976,65,10,3,0.0,0,0,No Deposit,Online TA,Transient,74.48,0,0,0
B20122,168,3,2,3.0,1,2,no deposit,Online TA,Transient-Party,124.68,0,0,1
B21159,71,14,2,3.0,0,1,No Deposit,Direct,Transient,98.43,0,1,0
B21216,108,1,2,0.0,0,1,NO DEPOSIT,Online TA,Transient,126.44,0,0,0
B20709,187,7,2,3.0,0,0,No Deposit,Online TA,Transient,111.22,0,0,1
B21199,184,3,3,1.0,1,0,Non Refund,Online TA,Transient,84.69,0,0,1
B20769,54,6,4,1.0,0,1,No Deposit,Online TA,Transient,85.51,3,0,0
B20088,40,1,1,1.0,0,0,No Deposit,offline ta,Transient,77.2,1,1,0
B21260,137,9,2,1.0,1,0,No Deposit,Online TA,Group,117.23,2,0,1
B21032,86,3,4,2.0,1,1,Non Refund,Online Travel Agent,Transient-Party,152.57,1,0,0
B20097,65,4,3,0.0,0,1,No Deposit,Online TA,Transient-Party,170.47,1,0,1
B21296,98,3,2,3.0,1,0,no deposit,Groups,Transient,77.83,1,0,1
B20348,84,13,2,1.0,0,0,Non Refund,Direct,Contract,137.45,0,0,0
B20509,94,12,3,0.0,0,1,No Deposit,Direct,Transient,129.01,0,0,1
B20211,279,10,1,0.0,2,2,No Deposit,Offline Travel Agent,Transient,116.07,2,0,1
B20703,103,6,2,2.0,2,0,Non Refund,Online TA,Transient,92.84,3,0,0
B20746,71,5,2,3.0,1,0,No Deposit,ONLINE TA,Transient,158.82,1,0,1
B21045,131,13,2,2.0,2,1,No Deposit,Direct,Transient,104.25,0,0,1
B20939,151,14,2,1.0,1,0,no deposit,Groups,Group,135.87,0,0,1
B21267,139,9,4,3.0,0,0,No Deposit,online ta,Transient,128.59,0,1,1
B20336,150,5,2,3.0,2,0,No deposit,direct,Transient-Party,43.37,1,0,1
B21214,62,3,3,1.0,1,1,Refundable,Online TA,Transient,34.97,0,0,0
B20478,63,13,3,0.0,0,0,No Deposit,offline ta,Contract,92.77,0,0,1
B20491,285,9,1,0.0,1,1,No deposit,Online TA,Transient,153.59,2,0,1
B20841,71,9,1,2.0,1,0,No Deposit,online ta,Transient,47.19,1,0,1
B21070,89,12,4,1.0,0,1,Refundable,Online TA,Group,50.01,3,0,1
B20364,191,9,3,2.0,0,0,No Deposit,Direct,Transient,93.89,1,0,0
B20296,120,14,1,3.0,0,2,No deposit,groups,Transient-Party,130.8,0,0,1
B20049,128,14,2,0.0,0,0,No Deposit,Direct,Transient,165.79,0,0,0
B20224,297,7,1,0.0,0,2,non-refundable,Groups,Transient,132.07,1,0,0
B20850,54,11,4,0.0,1,0,Non Refund,Corporate,Transient,165.29,0,0,0
B20647,70,8,2,2.0,0,0,No Deposit,Online TA,Transient-Party,129.26,1,0,0
B20562,114,1,1,2.0,0,0,No Deposit,Corporate,Transient,92.14,1,0,1
B20622,203,5,4,0.0,0,0,no deposit,Online TA,Contract,84.36,0,0,0
B21127,100,10,4,2.0,0,0,No Deposit,Online TA,Contract,28.0,0,0,1
B21087,19,12,3,2.0,0,1,No Deposit,Online TA,Transient,100.98,1,0,0
B20804,84,6,2,1.0,0,0,Refundable,Online Travel Agent,Transient,77.21,0,0,0
B20604,108,1,2,0.0,0,1,No Deposit,Corporate,Transient,184.1,1,0,1
B20442,312,12,3,0.0,1,0,No Deposit,direct,Contract,63.72,0,0,1
B21239,70,1,4,0.0,0,0,REFUNDABLE,Direct,Transient-Party,88.18,1,0,0
B21024,9,3,2,0.0,1,2,No deposit,ONLINE TA,Transient,114.57,0,0,1
B20539,11,8,3,1.0,0,2,refundable,Offline TA,Contract,57.56,0,0,0
B20767,132,3,3,0.0,1,1,No Deposit,Direct,Transient,196.62,0,0,1
B20762,29,13,2,0.0,1,1,No Deposit,Online TA,Group,89.87,1,0,0
B20868,124,5,1,0.0,0,0,No Deposit,Online TA,Transient,89.26,0,0,0
B20689,315,10,3,3.0,2,0,No Deposit,Groups,Transient,145.89,0,0,1
B20187,98,6,3,0.0,0,0,No Deposit,Offline Travel Agent,Transient,59.34,2,1,0
B20406,32,8,4,3.0,0,1,No Deposit,Offline TA,Transient,105.7,0,0,1
B21011,61,1,4,2.0,0,0,No Deposit,Online TA,Transient,111.21,0,0,0
B21172,179,14,2,0.0,0,0,No Deposit,Offline TA,Transient,97.34,0,0,1
B20751,117,13,2,2.0,0,0,No Deposit,Groups,Transient,133.39,2,0,1
B21050,165,13,2,0.0,0,0,No Deposit,ONLINE TA,Transient-Party,119.51,0,0,1
B20461,191,1,1,3.0,1,2,no deposit,Offline TA,Transient,142.1,1,0,1
B20670,53,6,4,1.0,1,0,No Deposit,Corporate,Transient-Party,116.24,0,0,0
B20655,91,14,2,0.0,1,0,No Deposit,Offline TA,Transient,61.57,1,0,0
B20785,57,9,2,0.0,0,0,NO DEPOSIT,Online TA,Transient,83.96,0,0,0
B21083,234,10,2,0.0,0,0,No Deposit,Direct,Transient-Party,59.4,2,1,1
B20714,205,1,2,2.0,0,0,No Deposit,Corporate,Transient,122.0,0,0,0
B20424,23,7,2,3.0,0,0,REFUNDABLE,Groups,Transient-Party,152.5,1,0,0
B20043,199,2,2,3.0,0,0,NO DEPOSIT,Online TA,Transient,105.84,2,0,1
B20661,68,5,4,2.0,0,0,No Deposit,Direct,Transient,76.38,2,0,0
B20635,299,1,2,3.0,0,0,No Deposit,Corporate,Transient,154.12,0,0,1
B20528,99,9,1,1.0,2,1,no deposit,Online TA,Transient,28.0,0,0,1
B20987,143,8,4,0.0,0,0,No Deposit,Offline TA,Transient,77.9,1,0,1
B20218,123,14,3,0.0,1,1,NO DEPOSIT,offline ta,Transient,132.12,0,0,1
B20820,58,14,2,1.0,1,1,No Deposit,Offline TA,Transient,50.75,1,0,1
B20443,49,11,1,3.0,1,2,No deposit,online ta,Transient,64.61,1,0,1
B21275,398,9,2,0.0,0,3,Non Refund,Online TA,Transient,61.58,0,0,0
B20855,124,11,1,2.0,0,0,No Deposit,Offline TA,Transient,65.91,1,1,1
B20609,92,12,4,1.0,0,3,Refundable,direct,Transient,79.68,0,0,0
B20485,83,2,3,2.0,0,0,No Deposit,DIRECT,Transient,111.75,0,0,0
B21149,74,6,2,2.0,0,0,Non Refund,offline ta,Transient,167.26,1,0,0
B21017,44,1,2,1.0,3,1,No deposit,Corporate,Transient,157.55,0,0,1
B21085,49,10,1,0.0,1,1,No Deposit,Online TA,Transient,79.76,1,0,1
B20081,215,11,2,0.0,1,2,No Deposit,Offline TA,Transient,167.87,1,0,1
B20324,73,13,3,2.0,0,1,No Deposit,Offline TA,Transient,28.0,0,0,1
B21080,72,11,2,2.0,0,1,No Deposit,online ta,Transient,100.6,0,0,1
B20019,361,12,1,3.0,1,1,NO DEPOSIT,Offline Travel Agent,Transient,170.93,0,0,1
B20454,52,7,2,0.0,1,0,No Deposit,direct,Transient,87.18,1,0,1
B21110,158,7,4,3.0,0,1,No Deposit,Online TA,Transient,99.57,0,0,1
B20838,208,7,2,3.0,0,0,No Deposit,ONLINE TA,Transient,122.56,2,0,1
B20758,161,11,3,3.0,1,0,No Deposit,Offline TA,Transient,94.42,1,0,0
B20034,79,3,2,3.0,0,1,No Deposit,Offline TA,Transient,140.13,0,0,1
B20808,131,3,4,0.0,1,0,no deposit,corporate,Transient,107.66,2,0,1
B21162,121,10,4,0.0,0,0,No deposit,corporate,Transient,122.71,2,0,0
B20904,112,1,2,0.0,0,0,non refund,Online TA,Transient,123.2,1,0,0
B20800,52,5,2,3.0,0,1,No Deposit,online ta,Transient,222.43,2,0,0
B20096,60,14,3,0.0,1,0,NO DEPOSIT,Online TA,Transient,83.66,0,0,1
B21107,165,8,1,1.0,0,1,No deposit,Online TA,Transient,96.41,0,0,0
B20446,132,6,4,0.0,0,1,No Deposit,Online TA,Transient,89.99,1,0,1
B20474,66,9,1,0.0,1,0,NO DEPOSIT,Offline TA,Transient-Party,118.64,1,0,1
B20366,78,12,2,0.0,0,0,Non Refund,Direct,Transient,86.48,2,0,0
B21278,34,5,4,2.0,0,0,no deposit,Direct,Transient,28.0,0,0,0
B20760,80,13,1,2.0,0,0,Refundable,Online TA,Transient,75.36,3,0,0
B20918,27,13,4,3.0,2,1,No Deposit,corporate,Transient,148.0,1,0,0
B20759,48,2,1,0.0,1,2,No Deposit,Direct,Transient,84.74,0,0,0
B20392,10,4,2,0.0,0,1,No Deposit,Online TA,Transient,192.99,1,0,1
B20506,343,10,3,0.0,0,0,Non Refund,Offline Travel Agent,Transient,130.2,1,0,0
B20434,203,12,1,0.0,1,0,No Deposit,Online TA,Transient-Party,75.06,1,0,1
B20648,135,5,1,0.0,0,0,No Deposit,DIRECT,Transient,78.42,1,0,0
B20942,126,14,2,1.0,0,1,No Deposit,Direct,Transient,151.09,2,0,0
B21231,114,14,3,2.0,1,2,No Deposit,Direct,Transient,86.54,2,1,0
B20065,51,10,4,0.0,1,1,No Deposit,Corporate,Transient,112.48,0,0,1
B20132,97,2,2,,0,1,No Deposit,Groups,Contract,132.34,1,0,1
B21074,242,8,4,0.0,0,0,refundable,online ta,Transient,95.51,0,0,1
B20972,21,6,2,3.0,0,0,Refundable,Online TA,Contract,148.88,0,1,0
B21262,90,2,2,1.0,1,1,No Deposit,Corporate,Transient,61.87,0,0,0
B20450,108,6,2,1.0,1,0,No Deposit,Direct,Transient,159.05,0,0,1
B20031,114,6,2,0.0,0,0,Refundable,Offline Travel Agent,Transient,197.51,1,0,1
B20121,105,3,4,0.0,0,0,Non Refund,Direct,Transient,28.0,0,0,0
B21235,113,6,1,0.0,0,0,no deposit,Direct,Transient,125.05,0,0,0
B21112,240,4,3,3.0,1,1,non refund,Corporate,Transient,104.23,1,1,0
B20255,108,8,3,0.0,0,2,No Deposit,Online TA,Transient,123.02,0,0,0
B20892,60,6,2,0.0,1,1,Refundable,Online TA,Transient,157.58,0,0,0
B20359,41,14,4,0.0,1,2,Refundable,Online TA,Transient,134.1,0,0,1
B20051,203,7,3,0.0,0,0,no deposit,corporate,Transient,,1,0,0
B20875,75,8,1,3.0,0,1,Non Refund,Groups,Transient,119.26,0,0,1
B20938,82,11,4,2.0,0,1,No Deposit,Online TA,Contract,159.27,0,0,0
B20772,142,9,2,0.0,0,1,No Deposit,Offline TA,Transient,143.97,0,1,0
B21126,211,9,2,1.0,1,1,No deposit,Online TA,Transient,70.78,0,0,0
B21219,180,13,3,0.0,0,0,REFUNDABLE,Online TA,Transient,192.88,1,0,0
B20679,139,6,2,3.0,0,0,No Deposit,Direct,Transient,115.74,0,0,0
B20805,85,1,2,1.0,0,0,No Deposit,Online TA,Transient,126.68,0,0,0
B20124,18,3,2,1.0,0,1,NO DEPOSIT,corporate,Transient,121.29,1,1,0
B20404,77,11,2,3.0,1,3,Refundable,Online TA,Group,129.23,0,0,1
B20730,85,7,2,2.0,0,1,No Deposit,Direct,Transient,76.0,0,0,1
B20831,102,7,1,3.0,0,0,No Deposit,corporate,Transient,106.61,0,0,0
B21071,137,9,3,2.0,0,0,No Deposit,DIRECT,Transient,75.99,1,0,1
B20725,183,13,3,0.0,0,1,No Deposit,Offline TA,Transient,48.36,0,0,1
B20587,26,13,2,2.0,1,0,No deposit,Direct,Transient-Party,196.28,0,0,1
B20607,100,10,2,2.0,1,1,No deposit,ONLINE TA,Transient,120.27,0,0,1
B20433,193,4,4,2.0,0,1,Non Refund,corporate,Transient,73.59,1,0,0
B20674,86,4,2,0.0,0,0,Non Refund,Online TA,Transient,71.49,2,0,0
B21287,218,10,4,3.0,0,2,Refundable,Online TA,Transient,28.0,0,0,0
B20360,79,8,3,,0,0,no deposit,direct,Transient,109.64,1,0,0
B21099,187,9,2,0.0,0,0,No deposit,Direct,Transient-Party,79.62,0,1,1
B20466,127,12,2,0.0,1,0,Non Refund,Online TA,Transient-Party,104.62,2,0,0
B20299,55,12,1,0.0,0,0,no deposit,corporate,Transient-Party,,1,0,0
B20493,181,7,1,1.0,0,0,no deposit,Online TA,Transient,84.35,0,0,1
B20527,295,6,3,1.0,1,0,Non Refund,corporate,Transient-Party,113.31,1,0,0
B21192,114,5,2,3.0,1,0,no deposit,groups,Transient,83.55,0,0,1
