station_id,year,season,rainfall_inches
STN_MIDWEST,1961,Spring,12.102
STN_MIDWEST,1929,Autumn,1.555
STN_ATLANTIC,2006,Autumn,6.018
STN_ATLANTIC,1946,Summer,1.454
STN_ATLANTIC,1936,Winter,2.016
STN_MIDWEST,1984,Winter,5.399
STN_PACIFIC,1968,Winter,3.669
STN_PACIFIC,1946,Summer,1.852
STN_ATLANTIC,1930,Autumn,3.492
STN_ATLANTIC,2024,Spring,3.63
STN_MIDWEST,1951,Summer,3.5
STN_PACIFIC,1979,Winter,7.681
STN_PACIFIC,1939,Winter,1.678
STN_ATLANTIC,1988,Summer,2.712
STN_PACIFIC,1941,Winter,0.838
STN_ATLANTIC,1927,Spring,3.522
STN_ATLANTIC,1934,Summer,5.373
STN_MIDWEST,1987,Spring,6.066
STN_ATLANTIC,1987,Autumn,1.296
STN_MIDWEST,2013,Winter,3.992
STN_PACIFIC,1986,Winter,6.672
STN_PACIFIC,2009,Autumn,2.113
STN_ATLANTIC,1933,Autumn,14.022
STN_ATLANTIC,1948,Autumn,4.497
STN_MIDWEST,1956,Winter,0.54
STN_MIDWEST,1927,Autumn,2.961
STN_PACIFIC,1957,Summer,2.686
STN_PACIFIC,1967,Autumn,3.168
STN_ATLANTIC,1936,Summer,7.543
STN_ATLANTIC,2017,Summer,4.579
STN_MIDWEST,2009,Spring,1.42
STN_ATLANTIC,2022,Summer,4.004
STN_MIDWEST,2021,Summer,5.84
STN_PACIFIC,1956,Autumn,0.707
STN_PACIFIC,1944,Winter,1.994
STN_ATLANTIC,1991,Autumn,5.065
STN_MIDWEST,1992,Spring,8.996
STN_ATLANTIC,1941,Spring,1.372
STN_ATLANTIC,2005,Winter,5.415
STN_MIDWEST,1943,Summer,7.593
STN_ATLANTIC,1928,Spring,2.344
STN_MIDWEST,2017,Winter,5.715
STN_MIDWEST,1941,Autumn,2.709
STN_ATLANTIC,1988,Autumn,3.299
STN_MIDWEST,1946,Autumn,4.237
STN_PACIFIC,1990,Summer,7.082
STN_PACIFIC,1966,Summer,10.554
STN_PACIFIC,2000,Winter,2.564
STN_PACIFIC,1969,Spring,1.748
STN_ATLANTIC,1935,Autumn,6.92
STN_PACIFIC,1977,Summer,5.443
STN_PACIFIC,1984,Summer,4.517
STN_PACIFIC,1953,Spring,5.963
STN_PACIFIC,1944,Autumn,2.739
STN_ATLANTIC,1929,Autumn,4.547
STN_PACIFIC,1949,Spring,7.906
STN_MIDWEST,1958,Winter,2.361
STN_MIDWEST,1936,Winter,5.729
STN_ATLANTIC,1952,Spring,2.957
STN_ATLANTIC,2022,Spring,6.756
STN_ATLANTIC,1930,Winter,7.509
STN_PACIFIC,1943,Spring,3.359
STN_ATLANTIC,1936,Autumn,4.157
STN_PACIFIC,1949,Winter,2.108
STN_ATLANTIC,1937,Winter,4.785
STN_MIDWEST,2005,Winter,1.337
STN_MIDWEST,2000,Autumn,4.745
STN_PACIFIC,1927,Spring,5.22
STN_ATLANTIC,1948,Summer,4.019
STN_MIDWEST,1932,Summer,2.232
STN_PACIFIC,2024,Autumn,7.423
STN_MIDWEST,2014,Autumn,2.218
STN_ATLANTIC,1969,Spring,8.186
STN_PACIFIC,1996,Summer,3.959
STN_MIDWEST,2020,Winter,10.642
STN_ATLANTIC,2020,Autumn,6.163
STN_PACIFIC,1925,Summer,2.296
STN_MIDWEST,1927,Winter,5.219
STN_MIDWEST,1989,Winter,5.855
STN_PACIFIC,1939,Spring,4.201
STN_ATLANTIC,1974,Autumn,3.586
STN_PACIFIC,1944,Winter,7.668
STN_MIDWEST,1927,Autumn,2.084
STN_MIDWEST,1985,Summer,3.887
STN_MIDWEST,1939,Summer,19.096
STN_ATLANTIC,1983,Autumn,3.957
STN_MIDWEST,1978,Winter,3.887
STN_MIDWEST,1984,Winter,1.418
STN_PACIFIC,1961,Summer,7.437
STN_MIDWEST,1945,Winter,6.885
STN_PACIFIC,1947,Winter,2.977
STN_MIDWEST,2023,Summer,7.616
STN_PACIFIC,1942,Spring,2.782
STN_PACIFIC,1941,Summer,2.948
STN_PACIFIC,1955,Autumn,3.927
STN_PACIFIC,1988,Spring,2.238
STN_ATLANTIC,1972,Autumn,2.506
STN_MIDWEST,1950,Spring,5.451
STN_ATLANTIC,1946,Spring,1.404
STN_MIDWEST,1969,Summer,3.952
STN_PACIFIC,1960,Summer,5.314
STN_MIDWEST,1988,Autumn,4.939
STN_PACIFIC,1959,Summer,7.416
STN_MIDWEST,1999,Spring,1.546
STN_PACIFIC,2015,Summer,0.971
STN_MIDWEST,2022,Autumn,2.447
STN_MIDWEST,2006,Spring,9.149
STN_MIDWEST,1951,Autumn,3.272
STN_PACIFIC,1992,Winter,5.501
STN_MIDWEST,1941,Summer,5.318
STN_PACIFIC,1994,Spring,2.384
STN_ATLANTIC,1935,Autumn,1.559
STN_MIDWEST,1929,Summer,2.667
STN_PACIFIC,1982,Summer,4.678
STN_PACIFIC,2006,Autumn,11.635
STN_PACIFIC,1981,Spring,3.8
STN_ATLANTIC,2013,Autumn,4.058
STN_PACIFIC,1998,Summer,2.186
STN_ATLANTIC,2004,Autumn,3.891
STN_ATLANTIC,1998,Winter,1.352
STN_PACIFIC,1998,Summer,2.674
STN_MIDWEST,2024,Spring,1.566
STN_ATLANTIC,2009,Winter,3.961
STN_PACIFIC,1938,Autumn,3.274
STN_ATLANTIC,1996,Spring,2.444
STN_PACIFIC,1925,Winter,2.034
STN_PACIFIC,1940,Autumn,2.962
STN_ATLANTIC,1950,Winter,2.535
STN_PACIFIC,1973,Summer,4.425
STN_ATLANTIC,1966,Spring,6.511
STN_PACIFIC,1994,Winter,5.102
STN_MIDWEST,1990,Summer,5.434
STN_MIDWEST,1977,Autumn,0.501
STN_ATLANTIC,1933,Summer,3.605
STN_ATLANTIC,1993,Autumn,4.048
STN_ATLANTIC,1964,Spring,5.928
STN_ATLANTIC,1980,Summer,6.264
STN_MIDWEST,1929,Summer,7.334
STN_ATLANTIC,1980,Autumn,2.569
STN_PACIFIC,1996,Winter,2.765
STN_PACIFIC,1929,Autumn,0.43
STN_ATLANTIC,1993,Winter,1.7
STN_PACIFIC,1976,Autumn,4.482
STN_ATLANTIC,2005,Spring,4.096
STN_PACIFIC,1997,Winter,4.369
STN_PACIFIC,2022,Summer,4.329
STN_ATLANTIC,1957,Winter,1.293
STN_ATLANTIC,1946,Autumn,6.398
STN_MIDWEST,2009,Autumn,3.251
STN_ATLANTIC,1939,Winter,4.041
STN_MIDWEST,1989,Summer,5.448
STN_ATLANTIC,1995,Spring,9.494
STN_PACIFIC,1947,Summer,5.301
STN_MIDWEST,1930,Winter,2.176
STN_PACIFIC,2008,Autumn,10.704
STN_ATLANTIC,1982,Summer,3.651
STN_ATLANTIC,1950,Autumn,3.746
STN_ATLANTIC,1936,Autumn,7.465
STN_ATLANTIC,2001,Summer,1.571
STN_MIDWEST,2001,Winter,4.851
STN_MIDWEST,1926,Summer,5.738
STN_ATLANTIC,1956,Spring,3.421
STN_PACIFIC,1974,Autumn,5.708
STN_MIDWEST,2019,Autumn,9.291
STN_PACIFIC,1985,Winter,1.109
STN_ATLANTIC,1935,Autumn,2.128
STN_MIDWEST,2025,Autumn,0.677
STN_MIDWEST,1992,Autumn,1.52
STN_MIDWEST,1958,Summer,3.085
STN_PACIFIC,2004,Autumn,2.752
STN_ATLANTIC,2019,Summer,2.532
STN_ATLANTIC,2013,Winter,7.419
STN_MIDWEST,1932,Spring,7.555
STN_MIDWEST,1932,Autumn,8.53
STN_ATLANTIC,2022,Spring,3.94
STN_PACIFIC,1939,Summer,12.356
STN_MIDWEST,1929,Winter,0.45
STN_PACIFIC,1943,Winter,4.94
STN_PACIFIC,1998,Summer,4.588
STN_ATLANTIC,1933,Spring,4.809
STN_ATLANTIC,1981,Autumn,4.934
STN_PACIFIC,1978,Summer,2.876
STN_PACIFIC,1953,Summer,5.387
STN_ATLANTIC,2025,Summer,7.194
STN_MIDWEST,1943,Summer,0.965
STN_PACIFIC,2001,Summer,4.428
STN_MIDWEST,1970,Winter,0.59
STN_PACIFIC,2004,Summer,6.471
STN_ATLANTIC,1986,Winter,4.249
STN_MIDWEST,2018,Spring,3.757
STN_ATLANTIC,1984,Autumn,0.462
STN_PACIFIC,1929,Winter,2.619
STN_ATLANTIC,1957,Autumn,2.838
STN_MIDWEST,2007,Autumn,6.365
STN_ATLANTIC,1979,Autumn,3.105
STN_MIDWEST,1943,Winter,3.314
STN_ATLANTIC,1941,Winter,6.125
STN_ATLANTIC,2012,Winter,10.844
STN_MIDWEST,2016,Spring,3.537
STN_MIDWEST,1966,Winter,8.14
STN_MIDWEST,2025,Spring,9.259
STN_PACIFIC,1946,Winter,1.403
STN_ATLANTIC,1963,Winter,2.182
STN_MIDWEST,2004,Autumn,13.823
STN_PACIFIC,2023,Summer,6.252
STN_PACIFIC,1951,Autumn,1.756
STN_MIDWEST,2000,Winter,8.494
STN_MIDWEST,1970,Summer,9.897
STN_MIDWEST,1952,Summer,4.043
STN_PACIFIC,1976,Spring,5.787
STN_PACIFIC,1989,Summer,4.724
STN_ATLANTIC,1963,Spring,7.87
STN_PACIFIC,1942,Autumn,2.108
STN_MIDWEST,2011,Spring,2.712
STN_ATLANTIC,1946,Winter,6.344
STN_ATLANTIC,1992,Summer,6.408
STN_ATLANTIC,1935,Winter,6.334
STN_ATLANTIC,2006,Summer,5.16
STN_MIDWEST,1988,Summer,7.169
STN_ATLANTIC,1995,Autumn,8.593
STN_MIDWEST,2009,Spring,7.97
STN_PACIFIC,1981,Autumn,2.938
STN_MIDWEST,1959,Spring,3.43
STN_ATLANTIC,1961,Autumn,4.409
STN_PACIFIC,1974,Autumn,2.247
STN_PACIFIC,1954,Summer,3.01
STN_PACIFIC,1941,Autumn,4.046
STN_ATLANTIC,1957,Autumn,3.058
STN_MIDWEST,1940,Spring,2.369
STN_MIDWEST,1939,Autumn,3.342
STN_ATLANTIC,1937,Summer,9.822
STN_ATLANTIC,1927,Autumn,10.284
STN_PACIFIC,1948,Winter,2.1
STN_MIDWEST,1947,Winter,1.238
STN_ATLANTIC,1983,Spring,3.922
STN_ATLANTIC,1979,Spring,1.614
STN_MIDWEST,1989,Winter,2.102
STN_PACIFIC,1956,Autumn,5.133
STN_PACIFIC,2021,Autumn,2.773
STN_PACIFIC,1984,Spring,8.439
STN_MIDWEST,1954,Summer,2.524
STN_ATLANTIC,1990,Autumn,4.837
STN_ATLANTIC,1942,Winter,10.235
STN_ATLANTIC,1983,Summer,2.765
STN_ATLANTIC,1977,Summer,1.397
STN_MIDWEST,1988,Autumn,1.939
STN_PACIFIC,1954,Summer,9.365
STN_PACIFIC,1942,Spring,2.386
STN_PACIFIC,1929,Summer,1.628
STN_PACIFIC,1993,Spring,6.263
STN_ATLANTIC,1932,Autumn,1.586
STN_ATLANTIC,1933,Summer,4.154
STN_MIDWEST,1956,Winter,1.421
STN_PACIFIC,1938,Winter,3.141
STN_ATLANTIC,1937,Spring,7.445
STN_ATLANTIC,1942,Spring,2.665
STN_ATLANTIC,1992,Autumn,1.456
STN_PACIFIC,1946,Summer,3.768
STN_ATLANTIC,1944,Spring,5.291
STN_PACIFIC,1939,Spring,3.458
STN_PACIFIC,1931,Autumn,10.464
STN_MIDWEST,2001,Summer,2.015
STN_MIDWEST,2022,Summer,2.902
STN_PACIFIC,1954,Spring,3.313
STN_PACIFIC,1929,Summer,4.499
STN_PACIFIC,1925,Summer,1.953
STN_ATLANTIC,1984,Summer,2.729
STN_ATLANTIC,1955,Winter,2.625
STN_ATLANTIC,1944,Summer,1.883
STN_MIDWEST,2007,Winter,3.302
STN_PACIFIC,1988,Summer,5.238
STN_ATLANTIC,1988,Summer,1.334
STN_ATLANTIC,1953,Summer,3.639
STN_MIDWEST,1934,Spring,4.045
STN_MIDWEST,1953,Spring,3.992
STN_PACIFIC,1955,Winter,12.064
STN_PACIFIC,1999,Summer,4.073
STN_ATLANTIC,2011,Winter,3.108
STN_ATLANTIC,1954,Summer,2.397
STN_ATLANTIC,1949,Autumn,2.643
STN_ATLANTIC,2004,Winter,2.112
STN_ATLANTIC,1982,Spring,2.454
STN_MIDWEST,1981,Autumn,2.815
STN_PACIFIC,2011,Spring,3.242
STN_MIDWEST,1987,Autumn,4.91
STN_PACIFIC,2021,Autumn,2.286
STN_PACIFIC,1961,Autumn,2.301
STN_PACIFIC,1982,Winter,3.886
STN_MIDWEST,1952,Winter,3.891
STN_ATLANTIC,1951,Spring,2.582
STN_PACIFIC,1994,Winter,1.43
STN_PACIFIC,1961,Spring,6.096
STN_MIDWEST,1930,Summer,4.639
STN_MIDWEST,2013,Spring,3.637
STN_ATLANTIC,2001,Spring,5.555
STN_ATLANTIC,1986,Winter,1.092
STN_PACIFIC,2021,Spring,0.926
STN_MIDWEST,1957,Winter,0.84
STN_ATLANTIC,2013,Spring,3.482
STN_ATLANTIC,2002,Summer,5.157
STN_ATLANTIC,1964,Winter,3.42
STN_MIDWEST,1965,Winter,1.082
STN_MIDWEST,1966,Summer,5.161
STN_MIDWEST,1933,Winter,2.296
STN_MIDWEST,1942,Spring,6.428
STN_MIDWEST,1939,Autumn,11.69
STN_PACIFIC,1928,Winter,1.132
STN_PACIFIC,1958,Autumn,1.797
STN_MIDWEST,1986,Spring,2.988
STN_PACIFIC,1962,Summer,3.728
STN_MIDWEST,2005,Winter,6.032
STN_PACIFIC,1995,Autumn,3.379
STN_PACIFIC,2020,Summer,1.735
STN_ATLANTIC,1947,Summer,4.409
STN_MIDWEST,1944,Winter,1.813
STN_PACIFIC,1980,Autumn,2.41
STN_PACIFIC,1977,Winter,6.401
STN_ATLANTIC,1926,Spring,2.259
STN_PACIFIC,1945,Summer,1.849
STN_ATLANTIC,2000,Autumn,2.505
STN_PACIFIC,1966,Winter,4.772
STN_ATLANTIC,1981,Summer,0.88
STN_ATLANTIC,1973,Winter,4.388
STN_MIDWEST,2015,Autumn,3.328
STN_MIDWEST,1934,Spring,2.278
STN_PACIFIC,1996,Spring,3.351
STN_MIDWEST,1985,Spring,3.1
STN_MIDWEST,1945,Winter,2.938
STN_MIDWEST,1984,Summer,3.263
STN_PACIFIC,2010,Spring,3.171
STN_PACIFIC,1937,Spring,2.039
STN_MIDWEST,1972,Spring,2.599
STN_MIDWEST,1964,Spring,4.263
STN_PACIFIC,1987,Autumn,1.331
STN_MIDWEST,2000,Autumn,3.686
STN_ATLANTIC,2005,Summer,1.487
STN_PACIFIC,1933,Autumn,3.555
STN_PACIFIC,1981,Autumn,1.275
STN_ATLANTIC,1975,Autumn,2.158
STN_MIDWEST,1964,Winter,3.921
STN_ATLANTIC,2000,Autumn,3.009
STN_MIDWEST,1997,Winter,3.322
STN_MIDWEST,1988,Winter,1.88
STN_PACIFIC,2018,Autumn,5.365
STN_PACIFIC,1994,Winter,3.056
STN_MIDWEST,1988,Spring,2.816
STN_ATLANTIC,1949,Summer,3.409
STN_PACIFIC,1952,Autumn,0.81
STN_MIDWEST,1934,Autumn,3.078
STN_PACIFIC,1952,Summer,3.476
STN_PACIFIC,2017,Autumn,2.111
STN_PACIFIC,1960,Autumn,5.731
STN_ATLANTIC,1935,Summer,1.245
STN_ATLANTIC,1945,Winter,5.359
STN_MIDWEST,1950,Spring,6.819
STN_ATLANTIC,1942,Winter,4.525
STN_MIDWEST,1992,Spring,2.211
STN_MIDWEST,1965,Summer,3.754
STN_PACIFIC,1939,Winter,1.86
STN_PACIFIC,1947,Winter,8.973
STN_ATLANTIC,1965,Spring,2.944
STN_MIDWEST,1930,Spring,1.906
STN_MIDWEST,1995,Spring,0.562
STN_PACIFIC,1984,Spring,3.299
STN_PACIFIC,2003,Autumn,6.143
STN_PACIFIC,1976,Summer,4.429
STN_ATLANTIC,1933,Spring,5.72
STN_MIDWEST,1954,Winter,9.677
STN_MIDWEST,1968,Winter,3.38
STN_MIDWEST,1986,Winter,2.967
STN_PACIFIC,1967,Spring,10.633
STN_ATLANTIC,1952,Summer,3.785
STN_ATLANTIC,2018,Autumn,1.391
STN_PACIFIC,1932,Spring,2.208
STN_ATLANTIC,2023,Spring,10.35
STN_ATLANTIC,1975,Autumn,4.16
STN_MIDWEST,2023,Summer,6.197
STN_PACIFIC,2014,Spring,1.731
STN_PACIFIC,1954,Winter,6.18
STN_PACIFIC,2023,Winter,2.806
STN_PACIFIC,1935,Spring,6.325
STN_MIDWEST,1944,Summer,8.539
STN_ATLANTIC,1955,Winter,2.152
STN_ATLANTIC,1958,Winter,5.179
STN_MIDWEST,1936,Autumn,3.931
STN_ATLANTIC,1972,Summer,2.582
STN_PACIFIC,1952,Spring,2.287
STN_MIDWEST,1991,Autumn,3.785
STN_MIDWEST,1987,Autumn,1.958
STN_PACIFIC,1972,Autumn,3.213
STN_PACIFIC,1966,Summer,5.403
STN_PACIFIC,1976,Summer,1.321
STN_ATLANTIC,1929,Summer,1.812
STN_PACIFIC,2001,Spring,2.155
STN_MIDWEST,1936,Summer,4.489
STN_ATLANTIC,1983,Autumn,5.809
STN_ATLANTIC,1989,Winter,3.721
STN_MIDWEST,1976,Spring,5.226
STN_ATLANTIC,1967,Spring,4.281
STN_PACIFIC,2007,Spring,9.026
STN_PACIFIC,2017,Autumn,1.639
STN_PACIFIC,1987,Summer,1.593
STN_PACIFIC,1974,Autumn,0.548
STN_ATLANTIC,1963,Winter,1.302
STN_MIDWEST,1966,Summer,2.162
STN_ATLANTIC,2013,Winter,3.597
STN_MIDWEST,2004,Spring,3.605
STN_MIDWEST,1941,Spring,4.497
STN_PACIFIC,2016,Autumn,3.386
STN_ATLANTIC,1967,Summer,3.531
STN_PACIFIC,1973,Spring,4.495
STN_ATLANTIC,1929,Autumn,8.315
STN_ATLANTIC,1925,Winter,6.904
STN_PACIFIC,1991,Autumn,1.441
STN_ATLANTIC,1948,Summer,9.944
STN_PACIFIC,1953,Summer,10.671
STN_MIDWEST,1939,Summer,1.441
STN_PACIFIC,1928,Spring,2.93
STN_ATLANTIC,1968,Autumn,3.998
STN_ATLANTIC,1989,Winter,4.898
STN_MIDWEST,2003,Summer,1.799
STN_MIDWEST,2012,Autumn,1.142
STN_MIDWEST,1955,Spring,6.715
STN_PACIFIC,1944,Winter,5.324
STN_PACIFIC,1934,Winter,3.457
STN_ATLANTIC,1935,Winter,2.995
STN_MIDWEST,2006,Spring,5.74
STN_MIDWEST,2022,Summer,1.589
STN_PACIFIC,1952,Spring,4.345
STN_ATLANTIC,1962,Winter,5.388
STN_MIDWEST,2004,Autumn,3.372
STN_PACIFIC,1948,Winter,1.787
STN_PACIFIC,1963,Autumn,1.888
STN_MIDWEST,1975,Spring,2.693
STN_MIDWEST,2000,Spring,3.387
STN_ATLANTIC,1974,Spring,0.622
STN_MIDWEST,1931,Autumn,1.881
STN_PACIFIC,2024,Spring,5.674
STN_MIDWEST,2005,Summer,4.096
STN_MIDWEST,1992,Winter,1.227
STN_ATLANTIC,1977,Summer,4.239
STN_PACIFIC,1961,Autumn,6.297
STN_MIDWEST,2021,Spring,4.905
STN_PACIFIC,2007,Winter,8.311
STN_ATLANTIC,1978,Spring,1.03
STN_PACIFIC,2014,Spring,2.344
STN_MIDWEST,1979,Winter,4.583
STN_MIDWEST,1999,Winter,2.617
STN_ATLANTIC,1955,Summer,3.329
STN_ATLANTIC,1989,Summer,8.587
STN_ATLANTIC,2024,Summer,6.89
STN_PACIFIC,2017,Summer,4.86
STN_PACIFIC,2013,Summer,3.755
STN_PACIFIC,1983,Autumn,4.929
STN_PACIFIC,1971,Autumn,5.443
STN_ATLANTIC,1973,Spring,2.645
STN_PACIFIC,1942,Spring,5.914
STN_PACIFIC,1927,Summer,4.506
STN_PACIFIC,1942,Spring,4.458
STN_PACIFIC,1982,Autumn,3.489
STN_ATLANTIC,1995,Autumn,4.877
STN_ATLANTIC,2016,Spring,6.306
STN_MIDWEST,2005,Summer,1.911
STN_MIDWEST,1949,Autumn,9.649
STN_PACIFIC,1942,Winter,6.609
STN_PACIFIC,1976,Winter,1.725
STN_ATLANTIC,1967,Spring,5.875
STN_MIDWEST,1991,Summer,3.135
STN_PACIFIC,2013,Spring,1.553
STN_MIDWEST,1931,Summer,2.376
STN_MIDWEST,1998,Summer,2.485
STN_MIDWEST,1968,Winter,5.108
STN_ATLANTIC,1968,Autumn,3.466
STN_PACIFIC,1975,Autumn,4.478
STN_PACIFIC,2007,Spring,5.674
STN_ATLANTIC,2003,Spring,4.86
STN_ATLANTIC,2009,Summer,5.734
STN_ATLANTIC,1945,Autumn,2.238
STN_MIDWEST,1961,Summer,2.95
STN_MIDWEST,1952,Winter,1.985
STN_PACIFIC,1956,Winter,3.064
STN_PACIFIC,1981,Summer,2.057
STN_MIDWEST,1965,Summer,2.49
STN_MIDWEST,1978,Summer,2.272
STN_ATLANTIC,1951,Summer,3.855
STN_MIDWEST,2011,Summer,7.606
STN_PACIFIC,1998,Winter,0.986
STN_PACIFIC,1964,Winter,2.783
STN_ATLANTIC,1965,Winter,5.334
STN_ATLANTIC,1994,Spring,2.535
STN_PACIFIC,1948,Winter,6.331
STN_MIDWEST,1942,Autumn,1.968
STN_MIDWEST,1998,Autumn,2.828
STN_PACIFIC,1980,Summer,2.674
STN_MIDWEST,1939,Winter,2.311
STN_MIDWEST,2022,Summer,3.017
STN_PACIFIC,1996,Summer,6.397
STN_PACIFIC,1959,Autumn,3.854
STN_ATLANTIC,1951,Autumn,8.507
STN_PACIFIC,2013,Summer,1.801
STN_ATLANTIC,1927,Autumn,7.227
STN_ATLANTIC,1945,Summer,0.674
STN_MIDWEST,1963,Summer,5.373
STN_PACIFIC,1956,Summer,9.107
STN_MIDWEST,1974,Spring,8.778
STN_PACIFIC,2009,Autumn,2.326
STN_PACIFIC,1933,Autumn,5.819
STN_MIDWEST,1974,Winter,6.856
STN_ATLANTIC,1925,Autumn,5.194
STN_PACIFIC,1928,Winter,2.606
STN_ATLANTIC,1928,Summer,2.111
STN_MIDWEST,2014,Spring,3.171
STN_MIDWEST,1958,Summer,5.657
STN_PACIFIC,1951,Summer,2.777
STN_MIDWEST,1939,Summer,3.205
STN_PACIFIC,1956,Winter,3.251
STN_PACIFIC,1965,Spring,4.913
STN_PACIFIC,1995,Summer,3.557
STN_PACIFIC,1985,Winter,2.352
STN_PACIFIC,1987,Summer,2.302
STN_MIDWEST,1985,Spring,7.434
STN_PACIFIC,1938,Summer,5.831
STN_ATLANTIC,1947,Summer,4.892
STN_PACIFIC,1989,Autumn,3.896
STN_PACIFIC,1956,Winter,0.969
STN_PACIFIC,1965,Spring,6.922
STN_MIDWEST,1950,Winter,2.374
STN_ATLANTIC,1972,Autumn,2.512
STN_ATLANTIC,1997,Summer,5.458
STN_ATLANTIC,1940,Spring,6.93
STN_MIDWEST,1955,Spring,3.602
STN_MIDWEST,1990,Winter,4.492
STN_PACIFIC,1956,Summer,1.097
STN_MIDWEST,1934,Autumn,3.814
STN_ATLANTIC,1949,Summer,3.13
STN_ATLANTIC,2006,Winter,4.623
STN_MIDWEST,2022,Spring,4.092
STN_MIDWEST,2017,Spring,1.844
STN_ATLANTIC,1969,Summer,5.844
STN_ATLANTIC,1948,Summer,5.013
STN_ATLANTIC,1927,Summer,2.92
STN_ATLANTIC,1986,Summer,1.36
STN_ATLANTIC,2003,Autumn,8.595
STN_MIDWEST,1991,Autumn,3.597
STN_MIDWEST,1979,Autumn,4.614
STN_PACIFIC,2019,Autumn,2.282
STN_PACIFIC,1934,Winter,5.134
STN_PACIFIC,1979,Spring,3.863
STN_MIDWEST,1946,Spring,4.205
STN_PACIFIC,1938,Winter,1.753
STN_PACIFIC,1997,Winter,3.956
STN_MIDWEST,2006,Autumn,1.718
STN_ATLANTIC,1932,Summer,4.938
STN_MIDWEST,1939,Spring,5.057
STN_MIDWEST,1939,Winter,3.897
STN_ATLANTIC,1976,Summer,3.581
STN_PACIFIC,1994,Autumn,4.475
STN_MIDWEST,1978,Winter,2.035
STN_MIDWEST,2000,Spring,10.068
STN_ATLANTIC,1966,Spring,2.752
STN_MIDWEST,1943,Spring,4.918
STN_PACIFIC,1964,Winter,6.066
STN_ATLANTIC,1993,Spring,3.071
STN_MIDWEST,1951,Autumn,5.666
STN_PACIFIC,1998,Spring,7.572
STN_PACIFIC,1967,Autumn,4.636
STN_MIDWEST,1976,Spring,2.156
STN_PACIFIC,1970,Autumn,1.978
STN_ATLANTIC,1938,Winter,9.729
STN_PACIFIC,1988,Autumn,2.581
STN_ATLANTIC,1985,Winter,5.349
STN_ATLANTIC,2022,Summer,9.53
STN_ATLANTIC,1982,Autumn,3.136
STN_MIDWEST,1973,Winter,2.29
STN_PACIFIC,2003,Summer,3.32
STN_MIDWEST,1953,Spring,4.212
STN_MIDWEST,1950,Summer,4.852
STN_ATLANTIC,1951,Autumn,1.395
STN_MIDWEST,1991,Summer,2.298
STN_PACIFIC,1991,Spring,3.57
STN_MIDWEST,1959,Summer,4.731
STN_MIDWEST,1984,Autumn,5.384
STN_ATLANTIC,1985,Autumn,6.348
STN_ATLANTIC,2023,Winter,2.055
STN_MIDWEST,1994,Spring,3.641
STN_ATLANTIC,2002,Spring,3.616
STN_MIDWEST,2014,Summer,5.838
STN_PACIFIC,1927,Spring,5.794
STN_PACIFIC,1957,Autumn,1.988
STN_ATLANTIC,1966,Summer,1.576
STN_PACIFIC,1937,Winter,2.864
STN_PACIFIC,1953,Summer,1.466
STN_MIDWEST,1933,Summer,2.155
STN_ATLANTIC,1956,Winter,7.102
STN_PACIFIC,1946,Summer,1.185
STN_ATLANTIC,2010,Spring,1.252
STN_ATLANTIC,1982,Summer,1.566
STN_ATLANTIC,1981,Summer,6.036
STN_PACIFIC,2022,Summer,4.416
STN_ATLANTIC,1934,Autumn,0.642
STN_ATLANTIC,1949,Autumn,0.98
STN_MIDWEST,1986,Spring,2.046
STN_MIDWEST,1987,Winter,1.049
STN_MIDWEST,2000,Autumn,1.278
STN_MIDWEST,1927,Autumn,5.472
STN_ATLANTIC,2007,Spring,2.723
STN_MIDWEST,2021,Spring,4.896
STN_MIDWEST,1971,Winter,0.183
STN_PACIFIC,1979,Summer,3.43
STN_MIDWEST,1950,Summer,0.674
STN_MIDWEST,1937,Winter,2.133
STN_PACIFIC,1931,Winter,1.334
STN_ATLANTIC,1958,Winter,2.168
STN_ATLANTIC,1946,Spring,1.998
STN_PACIFIC,2008,Summer,3.998
STN_PACIFIC,1947,Winter,2.711
STN_ATLANTIC,1972,Winter,2.881
STN_MIDWEST,1938,Summer,2.66
STN_PACIFIC,2018,Summer,1.277
STN_PACIFIC,2011,Spring,5.228
STN_PACIFIC,1976,Autumn,3.203
STN_ATLANTIC,2007,Autumn,1.691
STN_ATLANTIC,1963,Spring,2.323
STN_ATLANTIC,1965,Spring,6.924
STN_ATLANTIC,1960,Summer,1.986
STN_ATLANTIC,1930,Spring,2.512
STN_MIDWEST,1947,Spring,5.258
STN_MIDWEST,1934,Winter,2.993
STN_ATLANTIC,2023,Spring,3.096
STN_ATLANTIC,2009,Spring,3.897
STN_ATLANTIC,2020,Winter,5.313
STN_PACIFIC,1984,Summer,1.126
STN_PACIFIC,1954,Summer,6.845
STN_ATLANTIC,2021,Spring,5.144
STN_ATLANTIC,1994,Spring,1.491
STN_PACIFIC,1929,Autumn,2.913
STN_PACIFIC,2003,Winter,2.148
STN_PACIFIC,1981,Autumn,1.871
STN_PACIFIC,1967,Spring,9.214
STN_PACIFIC,1976,Autumn,6.158
STN_ATLANTIC,2013,Autumn,4.0
STN_ATLANTIC,2001,Summer,1.73
STN_PACIFIC,1930,Winter,6.39
STN_ATLANTIC,2025,Summer,2.322
STN_PACIFIC,1926,Summer,2.474
STN_PACIFIC,1941,Autumn,2.08
STN_PACIFIC,2012,Winter,3.237
STN_ATLANTIC,1936,Spring,5.024
STN_ATLANTIC,1968,Winter,5.566
STN_ATLANTIC,1978,Summer,3.145
STN_ATLANTIC,2002,Autumn,6.651
STN_MIDWEST,1931,Spring,2.852
STN_PACIFIC,2014,Summer,2.175
STN_PACIFIC,1956,Autumn,3.456
STN_ATLANTIC,1953,Summer,5.035
STN_ATLANTIC,1970,Autumn,5.577
STN_MIDWEST,1997,Winter,3.475
STN_PACIFIC,2002,Summer,3.651
STN_PACIFIC,1977,Winter,9.826
STN_ATLANTIC,2005,Winter,6.223
STN_ATLANTIC,1949,Autumn,2.79
STN_MIDWEST,1977,Spring,1.28
STN_PACIFIC,2018,Winter,1.883
STN_MIDWEST,1953,Summer,2.973
STN_PACIFIC,2017,Summer,1.438
STN_ATLANTIC,2006,Autumn,4.996
STN_MIDWEST,2019,Winter,2.254
STN_ATLANTIC,2007,Spring,4.682
STN_PACIFIC,2005,Spring,3.389
STN_PACIFIC,1930,Summer,1.954
STN_MIDWEST,2000,Autumn,2.471
STN_ATLANTIC,1962,Winter,4.618
STN_PACIFIC,1927,Summer,3.428
STN_PACIFIC,1959,Autumn,2.993
STN_MIDWEST,1979,Spring,4.817
STN_MIDWEST,1971,Summer,3.447
STN_ATLANTIC,1957,Autumn,5.831
STN_MIDWEST,2017,Spring,4.862
STN_PACIFIC,1927,Autumn,2.422
STN_ATLANTIC,1993,Summer,0.912
STN_ATLANTIC,1983,Winter,2.042
STN_ATLANTIC,2002,Autumn,7.663
STN_PACIFIC,2024,Winter,4.227
STN_MIDWEST,2016,Summer,2.191
STN_ATLANTIC,2020,Spring,0.806
STN_PACIFIC,1942,Autumn,0.962
STN_MIDWEST,2001,Spring,1.201
STN_ATLANTIC,1990,Winter,3.278
STN_MIDWEST,1949,Winter,4.61
STN_MIDWEST,1944,Spring,1.648
STN_MIDWEST,1995,Summer,3.814
STN_PACIFIC,1999,Winter,3.458
STN_ATLANTIC,1993,Summer,3.464
STN_ATLANTIC,1953,Spring,2.55
STN_ATLANTIC,1942,Summer,1.542
STN_PACIFIC,1996,Winter,1.47
STN_MIDWEST,1951,Spring,4.615
STN_PACIFIC,1966,Summer,7.758
STN_ATLANTIC,1990,Summer,3.65
STN_MIDWEST,2023,Autumn,4.238
STN_PACIFIC,1950,Winter,5.608
STN_PACIFIC,1947,Autumn,4.967
STN_PACIFIC,1929,Summer,4.18
STN_PACIFIC,2004,Winter,7.412
STN_MIDWEST,1935,Spring,5.646
STN_PACIFIC,1943,Spring,1.309
STN_MIDWEST,2004,Spring,2.821
STN_PACIFIC,2020,Summer,1.815
STN_ATLANTIC,1936,Summer,5.129
STN_PACIFIC,1926,Spring,0.84
STN_PACIFIC,1967,Autumn,6.377
STN_ATLANTIC,1946,Autumn,2.426
STN_MIDWEST,1950,Winter,4.013
STN_PACIFIC,1957,Winter,5.719
STN_PACIFIC,1948,Spring,4.006
STN_ATLANTIC,1993,Summer,1.616
STN_MIDWEST,1945,Summer,5.853
STN_ATLANTIC,1970,Winter,4.048
STN_PACIFIC,1942,Spring,4.541
STN_MIDWEST,1929,Winter,1.415
STN_PACIFIC,1932,Autumn,6.433
STN_ATLANTIC,2009,Spring,2.714
STN_PACIFIC,1981,Spring,0.433
STN_ATLANTIC,1929,Spring,4.948
STN_ATLANTIC,1937,Autumn,1.79
STN_MIDWEST,2007,Spring,2.852
STN_ATLANTIC,2017,Winter,2.748
STN_MIDWEST,1990,Autumn,2.601
STN_MIDWEST,1961,Summer,1.733
STN_MIDWEST,2014,Winter,4.913
STN_MIDWEST,1953,Winter,5.205
STN_MIDWEST,1993,Winter,3.132
STN_ATLANTIC,1956,Autumn,3.194
STN_ATLANTIC,1972,Winter,4.819
STN_MIDWEST,1926,Autumn,3.046
STN_ATLANTIC,1993,Spring,6.568
STN_MIDWEST,2021,Summer,3.521
STN_ATLANTIC,1975,Spring,8.417
STN_MIDWEST,1959,Winter,2.388
STN_PACIFIC,2007,Autumn,3.643
STN_PACIFIC,1939,Autumn,2.085
STN_MIDWEST,2023,Spring,5.29
STN_ATLANTIC,1996,Winter,2.573
STN_MIDWEST,1989,Summer,3.535
STN_ATLANTIC,1962,Autumn,7.748
STN_MIDWEST,2010,Autumn,3.038
STN_MIDWEST,1941,Winter,3.509
STN_ATLANTIC,2004,Autumn,4.106
STN_ATLANTIC,1969,Winter,1.584
STN_MIDWEST,1925,Winter,4.243
STN_PACIFIC,1927,Summer,4.309
STN_PACIFIC,1994,Winter,3.532
STN_PACIFIC,1976,Spring,5.313
STN_PACIFIC,1977,Summer,1.642
STN_PACIFIC,1927,Winter,2.331
STN_ATLANTIC,2018,Winter,1.915
STN_PACIFIC,1971,Summer,3.367
STN_ATLANTIC,1999,Autumn,4.19
STN_PACIFIC,2015,Summer,1.963
STN_ATLANTIC,2010,Autumn,6.946
STN_PACIFIC,1930,Summer,2.308
STN_PACIFIC,1970,Summer,4.74
STN_ATLANTIC,2019,Spring,1.573
STN_ATLANTIC,1985,Summer,3.754
STN_MIDWEST,1967,Spring,7.405
STN_PACIFIC,1980,Winter,4.008
STN_PACIFIC,1994,Autumn,3.85
STN_ATLANTIC,1944,Autumn,6.034
STN_ATLANTIC,1971,Spring,4.268
STN_PACIFIC,1978,Autumn,2.937
STN_PACIFIC,1965,Autumn,4.286
STN_ATLANTIC,1999,Summer,2.21
STN_ATLANTIC,1990,Spring,1.084
STN_PACIFIC,1955,Autumn,2.981
STN_ATLANTIC,1988,Winter,2.632
STN_ATLANTIC,2014,Spring,7.89
STN_PACIFIC,2015,Summer,4.52
STN_MIDWEST,1982,Winter,5.828
STN_ATLANTIC,1979,Autumn,2.667
STN_MIDWEST,1970,Autumn,7.156
STN_ATLANTIC,2019,Spring,3.903
STN_MIDWEST,1948,Autumn,3.874
STN_ATLANTIC,2001,Spring,2.767
STN_MIDWEST,2013,Autumn,5.812
STN_MIDWEST,1961,Winter,2.809
STN_ATLANTIC,1965,Summer,2.117
STN_MIDWEST,1949,Winter,2.623
STN_PACIFIC,1953,Summer,4.221
STN_PACIFIC,1955,Spring,2.296
STN_PACIFIC,1926,Autumn,7.167
STN_MIDWEST,1936,Winter,9.53
STN_ATLANTIC,1929,Autumn,9.868
STN_MIDWEST,1985,Spring,2.254
STN_ATLANTIC,2015,Summer,1.833
STN_MIDWEST,1980,Winter,2.12
STN_ATLANTIC,2022,Summer,1.066
STN_MIDWEST,2002,Summer,3.618
STN_MIDWEST,1995,Spring,3.146
STN_PACIFIC,1961,Summer,5.718
STN_MIDWEST,1960,Spring,2.558
STN_PACIFIC,1998,Summer,5.288
STN_ATLANTIC,1953,Summer,1.088
STN_ATLANTIC,2004,Winter,5.879
STN_PACIFIC,1962,Spring,2.049
STN_MIDWEST,2009,Autumn,1.683
STN_ATLANTIC,1965,Autumn,2.7
STN_MIDWEST,1957,Autumn,6.55
STN_MIDWEST,2017,Winter,3.453
STN_MIDWEST,2005,Winter,4.038
STN_ATLANTIC,1937,Summer,7.055
STN_ATLANTIC,1930,Summer,3.18
STN_MIDWEST,1990,Autumn,6.301
STN_PACIFIC,1932,Summer,2.29
STN_PACIFIC,1988,Summer,5.201
STN_PACIFIC,2020,Winter,1.331
STN_MIDWEST,2024,Autumn,2.749
STN_PACIFIC,1933,Spring,3.773
STN_ATLANTIC,1947,Autumn,2.887
STN_PACIFIC,1995,Winter,0.808
STN_PACIFIC,2019,Autumn,3.963
STN_MIDWEST,1945,Spring,4.759
STN_ATLANTIC,1925,Summer,4.137
STN_ATLANTIC,1970,Autumn,5.381
STN_PACIFIC,1986,Winter,1.863
STN_MIDWEST,1926,Winter,1.296
STN_MIDWEST,1999,Autumn,10.0
STN_PACIFIC,2025,Summer,2.072
STN_ATLANTIC,2006,Summer,2.827
STN_ATLANTIC,1968,Winter,9.13
STN_ATLANTIC,2012,Winter,3.87
STN_MIDWEST,2007,Spring,6.072
STN_PACIFIC,1929,Summer,1.866
STN_MIDWEST,2017,Autumn,1.343
STN_ATLANTIC,1963,Winter,1.715
STN_MIDWEST,1990,Winter,5.342
STN_ATLANTIC,2005,Winter,3.113
STN_PACIFIC,1969,Winter,10.011
STN_ATLANTIC,1999,Summer,5.26
STN_PACIFIC,2025,Winter,1.889
STN_MIDWEST,1937,Summer,2.771
STN_MIDWEST,2017,Spring,1.693
STN_MIDWEST,1956,Spring,5.453
STN_ATLANTIC,1967,Autumn,5.411
STN_PACIFIC,1932,Winter,6.329
STN_MIDWEST,1998,Autumn,3.078
STN_MIDWEST,2013,Summer,1.914
STN_PACIFIC,1983,Autumn,5.282
STN_ATLANTIC,1935,Autumn,1.841
STN_MIDWEST,1952,Winter,2.216
STN_ATLANTIC,2021,Summer,4.053
STN_ATLANTIC,1963,Summer,4.921
STN_ATLANTIC,1950,Winter,6.032
STN_MIDWEST,1996,Summer,7.958
STN_MIDWEST,1950,Spring,8.935
STN_PACIFIC,1956,Winter,6.835
STN_PACIFIC,1970,Winter,4.797
STN_ATLANTIC,1952,Winter,1.298
STN_MIDWEST,1931,Spring,5.165
STN_ATLANTIC,1959,Summer,2.197
STN_PACIFIC,1990,Spring,4.372
STN_ATLANTIC,1946,Spring,1.91
STN_ATLANTIC,1946,Spring,4.993
STN_MIDWEST,1927,Autumn,4.326
STN_ATLANTIC,1970,Summer,6.707
STN_ATLANTIC,1974,Summer,4.526
STN_MIDWEST,1932,Winter,5.158
STN_MIDWEST,1928,Winter,6.064
STN_PACIFIC,1939,Autumn,2.35
STN_MIDWEST,1968,Spring,4.996
STN_ATLANTIC,1963,Winter,3.078
STN_PACIFIC,2000,Summer,4.273
STN_PACIFIC,1953,Winter,5.688
STN_PACIFIC,1997,Spring,1.236
STN_PACIFIC,1986,Autumn,2.299
STN_ATLANTIC,2008,Spring,2.185
STN_ATLANTIC,1958,Winter,3.206
STN_ATLANTIC,1950,Autumn,2.429
STN_ATLANTIC,2009,Autumn,5.788
STN_PACIFIC,2011,Spring,1.814
STN_ATLANTIC,1942,Winter,1.382
STN_PACIFIC,1987,Spring,4.807
STN_MIDWEST,1976,Winter,8.256
STN_ATLANTIC,1978,Winter,8.942
STN_MIDWEST,2012,Summer,3.584
STN_MIDWEST,1966,Autumn,3.055
STN_ATLANTIC,2017,Winter,2.043
STN_PACIFIC,1978,Spring,1.578
STN_MIDWEST,1976,Spring,1.549
STN_ATLANTIC,1937,Summer,1.434
STN_MIDWEST,1956,Summer,3.56
STN_MIDWEST,2007,Summer,3.319
STN_ATLANTIC,2005,Autumn,7.125
STN_MIDWEST,1990,Summer,2.809
STN_PACIFIC,2006,Autumn,8.138
STN_PACIFIC,1982,Summer,6.921
STN_MIDWEST,1963,Autumn,2.106
STN_MIDWEST,1951,Winter,4.014
STN_ATLANTIC,2002,Summer,3.388
STN_PACIFIC,1978,Autumn,6.073
STN_MIDWEST,2003,Winter,1.2
STN_PACIFIC,1996,Summer,1.253
STN_MIDWEST,1997,Winter,2.991
STN_ATLANTIC,2009,Summer,4.956
STN_ATLANTIC,1967,Spring,0.689
STN_PACIFIC,2023,Autumn,9.199
STN_PACIFIC,1976,Spring,2.877
STN_MIDWEST,1938,Autumn,1.337
STN_MIDWEST,2015,Spring,1.727
STN_MIDWEST,1932,Summer,4.735
STN_PACIFIC,1959,Spring,2.386
STN_ATLANTIC,1942,Summer,4.897
STN_ATLANTIC,1979,Autumn,3.55
STN_PACIFIC,2002,Summer,10.206
STN_ATLANTIC,1976,Spring,2.121
STN_PACIFIC,1996,Winter,5.781
STN_MIDWEST,1973,Autumn,4.306
STN_PACIFIC,1932,Winter,1.309
STN_ATLANTIC,1961,Winter,2.262
STN_PACIFIC,1990,Winter,3.41
STN_PACIFIC,2005,Winter,5.241
STN_PACIFIC,2001,Winter,8.769
STN_PACIFIC,2002,Spring,3.494
STN_ATLANTIC,1965,Summer,0.973
STN_MIDWEST,1997,Summer,0.971
STN_ATLANTIC,1951,Winter,2.383
STN_ATLANTIC,1944,Spring,5.989
STN_MIDWEST,1962,Winter,3.73
STN_ATLANTIC,1936,Winter,2.702
STN_MIDWEST,1966,Autumn,6.164
STN_MIDWEST,2010,Spring,6.02
STN_PACIFIC,2025,Winter,3.196
STN_ATLANTIC,1974,Summer,3.806
STN_MIDWEST,1955,Autumn,2.275
STN_ATLANTIC,2001,Winter,8.395
STN_ATLANTIC,1989,Winter,8.414
STN_MIDWEST,1977,Winter,3.292
STN_PACIFIC,1964,Spring,2.574
STN_MIDWEST,1997,Winter,4.519
STN_PACIFIC,1963,Summer,4.687
STN_MIDWEST,1934,Autumn,4.718
STN_MIDWEST,1953,Spring,2.517
STN_PACIFIC,1964,Autumn,5.952
STN_PACIFIC,1954,Summer,2.42
STN_ATLANTIC,1926,Winter,3.171
STN_MIDWEST,2006,Spring,2.027
STN_ATLANTIC,1952,Winter,9.21
STN_ATLANTIC,1971,Spring,1.918
STN_PACIFIC,1956,Winter,2.174
STN_PACIFIC,2012,Summer,6.733
STN_ATLANTIC,2002,Summer,7.895
STN_PACIFIC,2013,Winter,4.371
STN_MIDWEST,2013,Summer,1.417
STN_PACIFIC,1956,Winter,3.761
STN_PACIFIC,1951,Spring,1.329
STN_MIDWEST,1978,Summer,5.588
STN_PACIFIC,2020,Spring,2.802
STN_ATLANTIC,1980,Winter,1.989
STN_ATLANTIC,1955,Spring,4.251
STN_ATLANTIC,1948,Autumn,8.335
STN_PACIFIC,1959,Winter,6.827
STN_PACIFIC,1954,Summer,1.961
STN_PACIFIC,2021,Summer,3.229
STN_ATLANTIC,1979,Autumn,0.803
STN_PACIFIC,1988,Winter,7.416
STN_MIDWEST,1957,Winter,2.736
STN_PACIFIC,1970,Winter,1.357
STN_ATLANTIC,2015,Winter,4.751
STN_MIDWEST,2021,Spring,5.958
STN_MIDWEST,1957,Winter,2.482
STN_ATLANTIC,1992,Spring,2.206
STN_MIDWEST,1988,Spring,2.71
STN_MIDWEST,1954,Summer,3.695
STN_MIDWEST,2003,Winter,3.9
STN_MIDWEST,1953,Spring,3.623
STN_MIDWEST,1986,Winter,6.974
STN_PACIFIC,2016,Autumn,2.443
STN_ATLANTIC,2020,Spring,2.132
STN_ATLANTIC,2024,Summer,2.087
STN_PACIFIC,1954,Winter,6.843
STN_PACIFIC,1936,Summer,8.583
STN_ATLANTIC,1991,Spring,3.908
STN_ATLANTIC,1939,Spring,6.122
STN_PACIFIC,1934,Summer,4.499
STN_PACIFIC,2010,Winter,9.288
STN_MIDWEST,1985,Spring,3.914
STN_PACIFIC,1947,Autumn,2.453
STN_PACIFIC,1935,Summer,2.214
STN_MIDWEST,1940,Spring,5.544
STN_MIDWEST,1973,Winter,4.536
STN_ATLANTIC,2004,Spring,7.927
STN_ATLANTIC,1938,Winter,5.091
STN_PACIFIC,1930,Winter,4.843
STN_MIDWEST,1966,Spring,1.184
STN_MIDWEST,1941,Autumn,4.154
STN_ATLANTIC,2019,Winter,7.708
STN_ATLANTIC,1966,Summer,3.525
STN_PACIFIC,1934,Winter,1.667
STN_MIDWEST,1970,Winter,1.948
STN_ATLANTIC,2008,Autumn,3.764
STN_PACIFIC,1973,Winter,7.361
