track_id,track_name,artist,genre,danceability,energy,loudness,tempo,valence,duration_ms,key,mode,popularity
TRK00063,Silent Summer,Foxglove,pop,0.89,0.707,-21.31,143.448,0.436,215091,0.0,Major,10.0
TRK00677,Velvet Gravity,The Paper Kites,rock,0.532,0.808,-16.58,117.839,0.274,280893,4.0,Major,20.0
TRK00140,Broken Waves,Northbound,r&b,0.722,0.368,-38.31,136.771,0.476,210682,7.0,Major,38.0
TRK00053,Silent Machine,Ember Road,r&b,0.728,0.159,-40.0,99.454,0.291,169086,3.0,Minor,9.0
TRK00825,Hollow Daylight,The Paper Kites,classical,0.804,0.35,-40.0,122.003,0.572,256837,7.0,Major,9.0
TRK00870,Echo Static,The Wandering,hip-hop,0.842,0.345,-40.0,115.711,0.579,98347,7.0,Major,64.0
TRK00693,Wild Lights,Marble Sky,r&b,0.938,0.376,-40.0,98.532,0.463,136626,11.0,Major,22.0
TRK00829,Sunset Compass,Bright Harbor,rock,0.678,0.737,-20.43,74.659,0.32,272227,0.0,Minor,48.0
TRK00098,Velvet Mirror,Violet Hour,electronic,0.71,0.517,-31.07,146.902,0.179,219985,7.0,Major,52.0
TRK00399,Silent Anthem,Ember Road,country,0.137,0.086,-40.0,121.47,1.0,120769,10.0,Minor,16.0
TRK00621,Sapphire Anthem,The Paper Kites,country,0.387,0.111,-40.0,142.214,0.732,221866,4.0,Minor,46.0
TRK00666,Echo Ghosts,Atlas & Ivy,pop,0.359,0.81,-15.8,148.562,0.636,208859,11.0,Minor,20.0
TRK00499,Crimson Waves,The Paper Kites,hip-hop,0.594,0.535,-32.91,126.846,0.277,230139,0.0,Major,41.0
TRK00168,Midnight Daylight,Marble Sky,rock,0.697,0.807,-11.93,91.311,0.403,163140,6.0,Minor,59.0
TRK00264,Echo Shadows,Northbound,electronic,0.542,0.923,-9.84,169.546,0.652,136987,3.0,Major,5.0
TRK00544,Cosmic Rivers,Atlas & Ivy,jazz,0.353,0.32,-38.3,,0.465,360687,4.0,Major,24.0
TRK00242,Velvet Summer,Violet Hour,jazz,0.433,0.901,-10.55,88.76,0.387,167470,8.0,Major,10.0
TRK00060,Hollow Lights,Saint Avenue,r&b,0.685,0.43,-38.15,98.062,0.416,144748,5.0,Minor,12.0
TRK00707,Broken Dreams,Hollow Coves,r&b,0.343,0.306,-40.0,122.638,0.793,255433,8.0,Minor,
TRK00484,Sapphire Horizon,Violet Hour,country,0.465,0.438,-37.28,139.216,0.238,124678,10.0,Minor,28.0
TRK00209,Echo Lights,Hollow Coves,hip-hop,0.65,0.488,-31.12,133.187,0.255,251172,2.0,Major,5.0
TRK00620,Midnight Static,The Quiet Year,jazz,0.137,0.155,-40.0,117.738,0.174,175716,4.0,Min,7.0
TRK00326,Neon Summer,Bright Harbor,pop,0.742,0.737,-18.33,92.769,0.415,220105,6.0,Minor,24.0
TRK00204,Restless Lights,Hollow Coves,pop,0.618,0.814,-16.2,90.38,0.493,217122,4.0,Major,34.0
TRK00642,Burning Daylight,Northbound,rock,0.687,0.785,-19.72,129.48,0.322,258777,1.0,Major,44.0
TRK00587,Wild Horizon,Hollow Coves,pop ,0.901,0.853,-11.98,121.687,0.519,166911,,Major,49.0
TRK00651,Midnight Anthem,Glass Animals Jr,Hip-Hop,0.709,0.448,-38.4,134.206,0.47,275846,9.0,Major,20.0
TRK00330,Wild Mirror,Atlas & Ivy,pop,0.869,0.658,-25.61,,1.0,200709,2.0,Major,15.0
TRK00600,Golden Rivers,Foxglove,electronic,0.759,0.889,-9.91,124.429,0.302,188342,11.0,Minor,43.0
TRK00024,Sunset Daylight,The Wandering,pop,0.589,0.844,-15.92,123.97,0.54,163133,6.0,Major,
TRK00327,Paper Gravity,Lunar Tide,country,0.512,0.63,-22.8,133.66,0.694,166060,6.0,M,17.0
TRK00372,Broken Thunder,Foxglove,rock,0.456,0.752,-20.85,97.47,0.382,150729,1.0,Major,4.0
TRK00714,Silent Waves,Bright Harbor,pop,0.763,0.632,-25.49,115.41,0.854,168966,10.0,Minor,56.0
TRK00685,Electric Mirror,Violet Hour,jazz,0.711,0.559,-22.72,126.171,0.321,214841,0.0,Minor,27.0
TRK00831,Paper Compass,Violet Hour,rock,0.609,0.506,-30.22,145.229,0.475,138621,0.0,Major,12.0
TRK00775,Midnight Gravity,The Wandering,classical,0.49,0.18,-40.0,87.823,0.366,305721,3.0,minor,65.0
TRK00480,Sunset Machine,The Wandering,electronic,0.776,0.523,-34.35,70.517,0.613,150903,8.0,Major,18.0
TRK00657,Lonely Anthem,The Paper Kites,rock,0.153,0.465,-35.92,100.634,0.317,176380,3.0,Major,11.0
TRK00125,Silent Shadows,The Wandering,pop,0.59,0.782,-16.96,148.952,0.701,214815,5.0,Major,12.0
TRK00668,Sunset Compass,The Paper Kites,r&b,0.794,0.545,-28.48,110.784,0.761,304247,6.0,Major,49.0
TRK00228,Sapphire Hearts,The Quiet Year,electronic,0.921,0.555,-29.27,101.5,0.581,213319,6.0,Minor,54.0
TRK00205,Frozen Thunder,Glass Animals Jr,rock,0.195,0.717,-15.13,105.468,0.661,236186,0.0,Minor,10.0
TRK00542,Paper Static,The Quiet Year,jazz,0.363,0.321,-40.0,110.177,0.302,149129,5.0,major,
TRK00778,Frozen Lights,Hollow Coves,electronic,0.685,0.607,-26.4,64.081,0.471,212076,0.0,Major,46.0
TRK00470,Wild Anthem,Hollow Coves,jazz,0.425,0.545,-29.26,128.145,0.549,167910,2.0,Major,26.0
TRK00734,Silent Shadows,Foxglove,r&b,0.604,0.578,-28.49,91.991,0.476,208620,0.0,Major,38.0
TRK00505,Sapphire Summer,Slow Tide,electronic,0.531,0.84,-18.27,98.308,0.423,324353,8.0,Minor,25.0
TRK00602,Wild Machine,Cassette Club,pop,0.68,0.686,-24.45,89.4,0.733,326001,8.0,Major,24.0
TRK00742,Distant Anthem,Violet Hour,jazz,0.289,0.4,-40.0,109.572,0.704,202799,5.0,Major,22.0
TRK00538,Distant Waves,Ember Road,pop,0.705,0.743,-17.99,0.0,0.488,188871,9.0,Major,12.0
TRK00826,Broken Rivers,Ember Road,rock,0.188,0.706,-23.77,132.364,0.672,240329,7.0,Major,19.0
TRK00110,Silent Thunder,The Wandering,hip hop,0.8,0.282,-40.0,121.57,0.748,233222,6.0,Major,25.0
TRK00598,Cosmic Static,Lunar Tide,rock,0.573,0.842,-15.09,150.954,0.284,155866,3.0,M,16.0
TRK00740,Sunset Avenue,The Paper Kites,r&b,0.603,0.045,-40.0,132.788,0.316,205059,11.0,Major,9.0
TRK00531,Silent Daylight,The Wandering,electronic,0.753,0.943,-11.71,95.01,0.261,112987,8.0,Major,
TRK00013,Lonely Dreams,Violet Hour,classical,0.259,0.204,-40.0,114.327,0.545,154947,9.0,Major,40.0
TRK00473,Velvet Rivers,Slow Tide,pop,0.903,0.681,-22.83,113.274,0.995,181267,9.0,Major,
TRK00839,Neon Lights,Lunar Tide,hip-hop,0.763,0.641,-25.21,130.794,0.35,211020,5.0,Minor,
TRK00094,Sunset Parade,The Paper Kites,jazz,0.348,0.43,-37.09,129.409,0.209,301406,5.0,Major,32.0
TRK00892,Crimson Waves,Marble Sky,hiphop,0.61,0.546,-28.59,0.0,0.058,299590,0.0,Minor,16.0
TRK00865,Lonely Summer,Lunar Tide,rock,0.239,0.875,-9.5,138.358,0.299,107043,1.0,major,15.0
TRK00026,Silent Anthem,Ember Road,rock,0.686,0.657,-23.07,108.31,0.579,197584,0.0,Minor,21.0
TRK00525,Hollow Anthem,Hollow Coves,rock,0.517,0.895,-9.57,80.76,0.58,210493,7.0,Minor,26.0
TRK00046,Wild Daylight,Hollow Coves,r&b,0.57,0.317,-40.0,86.233,0.686,168429,9.0,Minor,
TRK00128,Sunset Compass,Hollow Coves,pop,0.73,0.827,-18.8,119.983,0.518,218202,0.0,Major,31.0
TRK00850,Velvet Rivers,Cassette Club,hip-hop,0.723,0.52,-35.82,98.572,0.321,216988,9.0,Major,17.0
TRK00660,Golden Ghosts,Bright Harbor,rock,0.141,0.742,-18.11,117.606,0.362,163735,4.0,Major,34.0
TRK00716,Golden Ghosts,Glass Animals Jr,pop,0.642,0.584,-27.78,0.0,0.971,254628,7.0,Major,16.0
TRK00408,Sunset Daylight,Cassette Club,classical,0.199,0.128,-40.0,108.432,0.486,226263,11.0,Minor,30.0
TRK00731,Velvet Gravity,The Paper Kites,rock,0.383,0.415,-36.4,95.712,0.344,194959,4.0,Minor,
TRK00146,Frozen Gravity,Hollow Coves,hip-hop,0.613,0.392,-37.14,97.981,0.247,175260,8.0,Major,4.0
TRK00057,Burning Thunder,Ember Road,jazz,0.294,0.444,-29.86,153.534,0.703,160200,10.0,Major,
TRK00466,Lonely Daylight,Bright Harbor,rock,0.572,0.793,-14.47,109.179,0.711,247238,1.0,Major,57.0
TRK00597,Echo Anthem,Foxglove,country,0.313,0.374,-38.46,103.951,0.916,277596,2.0,Minor,25.0
TRK00580,Cosmic Anthem,Northbound,rock,0.199,0.583,-28.42,135.518,0.569,255269,8.0,Major,6.0
TRK00844,Cosmic Garden,Glass Animals Jr,POP,0.351,0.548,-27.3,130.302,0.741,159374,0.0,Major,15.0
TRK00498,Cosmic Machine,Slow Tide,country,0.473,0.198,-40.0,143.654,0.913,153904,5.0,Major,28.0
TRK00061,Neon Dreams,Bright Harbor,rock,0.217,0.732,-23.32,129.949,0.833,169201,2.0,Major,20.0
TRK00547,Burning Horizon,Bright Harbor,jazz,0.536,0.568,-33.02,112.126,0.379,209893,4.0,Minor,68.0
TRK00835,Frozen Gravity,Bright Harbor,hip hop,0.704,0.296,-40.0,103.746,0.168,171077,9.0,Major,8.0
TRK00733,Velvet Mirror,The Wandering,classical,0.438,0.292,-40.0,135.183,0.179,144809,6.0,Major,15.0
TRK00669,Velvet Garden,Slow Tide,rock,0.223,0.653,-24.04,96.795,0.318,149598,1.0,Major,48.0
TRK00569,Electric Summer,Ember Road,classical,0.265,0.108,-40.0,62.327,0.712,265890,4.0,Major,24.0
TRK00875,Lonely Avenue,Foxglove,pop,0.461,0.755,-14.48,94.417,0.867,198885,9.0,Major,36.0
TRK00896,Sunset Lights,Foxglove,r&b,0.653,0.525,-30.14,144.886,0.413,269234,1.0,Minor,53.0
TRK00846,Golden Rivers,Northbound,pop,0.507,0.71,-22.97,84.913,0.647,181394,11.0,Major,
TRK00459,Midnight Thunder,The Wandering,pop,0.526,0.752,-19.82,131.688,0.95,122834,5.0,Minor,30.0
TRK00812,Midnight Gravity,Lunar Tide,r&b,0.737,0.631,-27.93,105.219,0.64,379757,5.0,Major,64.0
TRK00750,Lonely Shadows,Glass Animals Jr,pop,0.662,0.676,-23.33,98.787,0.572,260561,10.0,Major,43.0
TRK00455,Hollow Shadows,Ember Road,rock,0.401,0.585,-27.74,69.45,0.676,242476,3.0,minor,67.0
TRK00872,Paper Mirror,Bright Harbor,hip-hop,0.705,0.358,-40.0,139.708,0.508,217400,9.0,Major,8.0
TRK00109,Golden Machine,The Wandering,country,0.678,0.377,-36.91,83.435,0.742,177416,7.0,Minor,22.0
TRK00034,Sunset Anthem,Violet Hour,pop,0.535,0.401,-40.0,79.592,0.499,201751,11.0,Major,11.0
TRK00414,Silent Compass,Lunar Tide,rock,0.495,0.635,-25.05,76.672,0.655,147246,10.0,Major,22.0
TRK00336,Velvet Daylight,Lunar Tide,pop,0.728,0.542,-35.72,144.864,0.65,296926,6.0,Major,8.0
TRK00442,Paper Gravity,Glass Animals Jr,pop,0.731,0.761,-23.06,95.5,0.83,134731,1.0,Minor,
TRK00837,Silent Machine,The Paper Kites,electronic,0.718,0.665,-16.07,134.289,0.297,319639,7.0,Major,18.0
TRK00586,Broken Parade,Hollow Coves,pop,0.846,0.799,-16.1,85.332,0.635,324622,9.0,Minor,13.0
TRK00663,Golden Summer,Glass Animals Jr,rock,0.319,0.886,-9.32,148.163,0.486,173033,10.0,Minor,52.0
TRK00099,Burning Lights,Hollow Coves,rock,0.253,0.661,-24.55,77.002,0.614,266522,,Major,35.0
TRK00814,Echo Shadows,Ember Road,electronic,0.624,0.722,-22.41,128.731,0.74,148666,7.0,Major,31.0
TRK00508,Electric Compass,Bright Harbor,electronic,0.803,0.694,-26.92,106.892,0.466,125878,1.0,Maj,38.0
TRK00600,Golden Rivers,Foxglove,electronic,0.759,0.889,-9.91,124.429,0.302,188342,11.0,Minor,
TRK00108,Echo Daylight,The Paper Kites,hip-hop,0.826,0.526,-29.41,119.988,0.468,278378,11.0,Major,8.0
TRK00454,Sapphire Garden,The Quiet Year,electronic,0.667,0.494,-38.39,104.418,0.129,235591,4.0,Major,55.0
TRK00148,Cosmic Shadows,Foxglove,electronic,0.526,0.661,-21.43,148.201,0.412,132846,3.0,Maj,48.0
TRK00492,Echo Static,Glass Animals Jr,hip-hop,0.738,0.359,-36.31,99.546,0.351,194319,8.0,Major,22.0
TRK00595,Velvet Anthem,Atlas & Ivy,classical,0.439,0.255,-40.0,91.599,0.632,97419,8.0,Major,48.0
TRK00684,Restless Garden,Lunar Tide,electronic,0.523,0.797,-13.26,113.105,0.783,169069,1.0,Major,4.0
TRK00673,Midnight Hearts,The Wandering,hip-hop,0.698,0.411,-35.8,77.711,0.691,215638,2.0,Minor,21.0
TRK00426,Frozen Dreams,Cassette Club,rock,0.505,0.535,-24.74,108.616,0.54,199982,7.0,Minor,35.0
TRK00528,Hollow Mirror,The Paper Kites,hip-hop,0.476,0.538,-31.19,111.463,0.621,180886,11.0,Major,
TRK00873,Restless Shadows,Marble Sky,rock,0.685,0.573,-26.1,92.694,0.587,250516,0.0,Minor,33.0
TRK00452,Burning Waves,Saint Avenue,electronic,0.443,0.588,-23.4,83.403,0.766,232396,2.0,Minor,20.0
TRK00259,Golden Rivers,Bright Harbor,rock,0.24,0.763,-21.84,111.089,0.7,343513,2.0,Minor,45.0
TRK00323,Frozen Hearts,Marble Sky,hip-hop,0.867,0.304,-40.0,123.434,0.536,186717,8.0,Minor,
TRK00857,Electric Rivers,The Quiet Year,jazz,0.308,0.342,-40.0,139.794,0.527,151318,4.0,Minor,17.0
TRK00514,Silent Rivers,The Paper Kites,pop,0.55,0.403,-32.68,103.892,0.26,208124,4.0,Major,70.0
TRK00418,Frozen Avenue,The Paper Kites,rock,0.141,0.927,-5.03,77.742,0.456,270795,10.0,Major,22.0
TRK00134,Broken Summer,The Wandering,hip-hop,0.469,0.277,-40.0,102.333,0.313,263814,2.0,Minor,24.0
TRK00541,Electric Dreams,Northbound,jazz,0.632,0.504,-34.62,128.335,0.708,293843,2.0,Minor,24.0
TRK00232,Electric Summer,Saint Avenue,country,0.789,0.182,-40.0,0.0,0.797,241241,0.0,Minor,81.0
TRK00296,Midnight Compass,Northbound,rock,0.371,0.861,-7.16,285.0,0.626,219558,9.0,Minor,0.0
TRK00591,Velvet Dreams,Foxglove,hip-hop,0.721,0.392,-34.93,92.316,0.34,117733,4.0,Minor,50.0
TRK00780,Restless Anthem,The Paper Kites,pop,0.66,0.949,-13.12,90.284,1.0,227926,10.0,Minor,
TRK00889,Wild Horizon,Cassette Club,country,0.314,0.399,-38.89,157.017,0.721,209868,10.0,Minor,52.0
TRK00685,Electric Mirror,Violet Hour,jazz,0.711,0.559,-22.72,126.171,0.321,214841,0.0,Minor,27.0
TRK00153,Wild Anthem,Marble Sky,country,0.423,0.493,-30.13,119.444,0.633,279334,11.0,Major,19.0
TRK00171,Velvet Avenue,Atlas & Ivy,r&b,0.71,0.755,-13.18,0.0,0.658,229321,11.0,Minor,29.0
TRK00220,Sapphire Garden,Cassette Club,rock,0.178,0.488,-34.31,148.467,0.659,310393,8.0,major,27.0
TRK00159,Midnight Shadows,Atlas & Ivy,electronic,0.342,0.611,-30.54,91.6,0.602,227058,4.0,Maj,48.0
TRK00708,Crimson Ghosts,Glass Animals Jr,pop,0.843,0.636,-29.47,131.233,0.447,215409,4.0,Minor,23.0
TRK00048,Paper Shadows,Lunar Tide,hiphop,0.651,0.477,-30.96,121.411,0.401,157588,11.0,Major,7.0
TRK00074,Restless Lights,Northbound,rock,0.405,0.742,-15.66,77.446,0.059,241136,8.0,Minor,29.0
TRK00158,Neon Avenue,Violet Hour,classical,0.562,0.359,-39.55,119.738,0.577,300099,7.0,Major,9.0
TRK00389,Burning Anthem,Foxglove,hip-hop,0.85,0.368,-40.0,130.655,0.182,212934,8.0,Major,23.0
TRK00847,Restless Daylight,The Paper Kites,hip-hop,0.629,0.366,-39.49,139.709,0.622,279762,7.0,Minor,14.0
TRK00377,Silent Gravity,Slow Tide,Hip-Hop,0.924,0.063,-40.0,131.359,0.74,256338,7.0,Major,34.0
TRK00277,Velvet Ghosts,Atlas & Ivy,hip-hop,0.806,0.489,-38.51,131.073,0.415,196148,2.0,Major,14.0
TRK00437,Frozen Static,Marble Sky,rock,0.54,0.716,-23.19,123.345,0.548,192105,4.0,Major,41.0
TRK00352,Midnight Compass,Atlas & Ivy,jazz,0.504,0.525,-24.74,104.354,0.066,166438,0.0,M,40.0
TRK00318,Broken Lights,Marble Sky,hip-hop,0.541,0.225,-40.0,114.437,0.702,255414,4.0,Major,
TRK00097,Burning Machine,Glass Animals Jr,electronic,0.358,0.624,-28.82,146.001,0.689,211436,0.0,Min,49.0
TRK00876,Frozen Shadows,The Paper Kites,electronic,0.478,0.667,-27.36,163.947,0.643,282596,5.0,Minor,14.0
TRK00694,Broken Mirror,Slow Tide,hip-hop,0.41,0.204,-40.0,139.537,0.053,188809,4.0,Major,30.0
TRK00457,Distant Lights,Slow Tide,jazz,0.732,0.314,-40.0,165.457,0.679,207004,2.0,Major,16.0
TRK00127,Frozen Ghosts,Lunar Tide,rock,0.333,0.926,-9.52,142.279,0.071,227623,3.0,Major,27.0
TRK00308,Sunset Summer,Lunar Tide,POP,0.671,0.82,-14.82,121.472,0.667,122553,8.0,Major,24.0
TRK00256,Velvet Thunder,Cassette Club,pop,0.616,0.933,-7.57,122.748,0.772,189170,1.0,Min,9.0
TRK00601,Crimson Compass,The Wandering,jazz,0.126,0.517,-31.27,103.897,0.248,148463,10.0,Minor,21.0
TRK00080,Golden Mirror,Atlas & Ivy,pop,0.495,0.968,-10.65,108.684,0.626,247918,9.0,Major,79.0
TRK00874,Golden Machine,Northbound,rock,0.541,0.515,-29.48,113.984,0.543,172343,10.0,Minor,12.0
TRK00223,Golden Summer,Violet Hour,jazz,0.262,0.434,-39.42,82.053,0.396,222098,3.0,Major,12.0
TRK00869,Hollow Garden,Ember Road,r&b,0.886,0.336,-38.72,92.813,0.44,173947,3.0,Major,32.0
TRK00748,Wild Machine,The Wandering,pop,0.836,0.63,-27.13,144.81,0.717,179633,1.0,Major,69.0
TRK00594,Restless Gravity,Marble Sky,rnb,0.806,0.584,-28.95,66.402,0.387,186351,8.0,Major,46.0
TRK00375,Neon Thunder,Northbound,hip-hop,0.663,0.304,-39.24,134.453,0.455,174663,11.0,M,11.0
TRK00216,Neon Parade,Lunar Tide,country,0.183,0.306,-40.0,0.0,0.634,295377,4.0,Minor,
TRK00570,Neon Gravity,Lunar Tide,pop,0.641,0.704,-17.52,113.821,0.778,261256,4.0,Minor,47.0
TRK00571,Paper Compass,Ember Road,Electronic,0.588,0.567,-30.4,118.996,0.613,319524,10.0,Major,12.0
TRK00355,Wild Static,Atlas & Ivy,electronic,0.652,0.741,-19.86,118.651,0.623,272101,6.0,Major,20.0
TRK00500,Silent Shadows,Hollow Coves,rock,0.541,0.7,-21.4,125.372,0.308,177906,9.0,Major,26.0
TRK00164,Silent Daylight,Foxglove,pop,0.895,0.664,-17.72,132.289,0.311,332002,0.0,Major,40.0
TRK00799,Crimson Parade,Violet Hour,electronic,0.311,0.619,-29.65,,0.148,320333,1.0,Major,22.0
TRK00802,Burning Mirror,Atlas & Ivy,r&b,0.355,0.731,-13.37,83.942,0.322,460808,5.0,Major,
TRK00334,Restless Summer,Ember Road,classical,0.565,0.212,-40.0,129.555,0.522,213838,1.0,Minor,
TRK00523,Hollow Thunder,Ember Road,rock,0.308,0.863,-16.71,125.615,0.484,140948,5.0,Major,44.0
TRK00779,Burning Waves,The Paper Kites,rock,0.606,0.615,-26.84,178.695,0.05,270226,6.0,Major,10.0
TRK00360,Cosmic Dreams,Bright Harbor,hip-hop,0.559,0.571,-34.32,121.849,0.87,252942,4.0,Minor,39.0
TRK00179,Cosmic Waves,Bright Harbor,electronic,0.882,0.612,-24.38,77.051,0.591,139209,9.0,Minor,54.0
TRK00861,Velvet Waves,Foxglove,pop,0.581,0.392,-36.52,142.394,0.443,222761,8.0,Minor,23.0
TRK00015,Crimson Shadows,Atlas & Ivy,rock,0.754,0.878,-15.97,97.913,0.334,270742,10.0,Minor,27.0
TRK00728,Golden Thunder,The Paper Kites,hip-hop,0.724,0.619,-27.6,168.04,0.098,157003,7.0,Major,13.0
TRK00578,Velvet Parade,The Wandering,country,0.381,0.416,-36.27,121.485,0.535,148335,4.0,Minor,13.0
TRK00725,Paper Lights,The Paper Kites,rock,0.385,0.606,-27.97,120.868,0.555,137690,0.0,Major,54.0
TRK00777,Golden Compass,Lunar Tide,country,0.206,0.808,-14.55,68.438,0.94,162647,11.0,Minor,32.0
TRK00299,Echo Shadows,Hollow Coves,r and b,0.598,0.511,-29.87,0.0,0.729,184632,0.0,Major,16.0
TRK00465,Restless Static,Glass Animals Jr,jazz,0.215,0.44,-31.66,109.805,0.479,252725,1.0,Major,
TRK00625,Midnight Lights,Slow Tide,pop,0.788,0.743,-17.43,118.503,0.627,374314,6.0,minor,0.0
TRK00147,Restless Rivers,Northbound,r&b,0.584,0.416,-38.74,117.907,0.655,130958,10.0,Major,19.0
TRK00453,Midnight Thunder,The Wandering,jazz,0.314,0.485,-31.54,121.418,0.726,134280,6.0,Major,33.0
TRK00534,Neon Hearts,Slow Tide,rock,0.396,0.98,-9.5,154.204,0.586,149003,5.0,Major,6.0
TRK00658,Restless Rivers,Hollow Coves,electronic,0.551,0.788,-19.69,172.139,0.481,342714,11.0,Major,23.0
TRK00868,Sapphire Horizon,Marble Sky,hip-hop,0.443,0.563,-25.21,150.014,0.724,266400,9.0,Major,
TRK00285,Sapphire Anthem,Violet Hour,country,0.551,0.449,-35.73,132.11,0.515,209802,4.0,Major,63.0
TRK00138,Silent Rivers,Foxglove,classical,0.572,0.41,-36.15,0.0,0.187,241184,9.0,Major,16.0
TRK00054,Distant Hearts,Slow Tide,electronic,0.795,0.765,-18.44,112.652,0.271,260340,2.0,Major,54.0
TRK00316,Wild Static,Slow Tide,r&b,0.669,0.253,-40.0,82.08,0.53,166710,2.0,Minor,63.0
TRK00253,Distant Rivers,Hollow Coves,POP,0.556,0.901,-9.78,96.413,0.634,221248,1.0,Minor,44.0
TRK00624,Midnight Shadows,Ember Road,hip hop,0.677,0.798,-15.69,94.101,0.631,307012,3.0,Major,35.0
TRK00397,Cosmic Daylight,Violet Hour,r&b,0.707,0.203,-40.0,,0.367,269457,8.0,Minor,0.0
TRK00271,Sunset Garden,Violet Hour,r&b,0.698,0.524,-31.49,105.034,0.628,113167,5.0,Minor,54.0
TRK00022,Restless Daylight,Bright Harbor,rock,0.389,0.713,-20.0,107.194,0.417,143859,5.0,Major,24.0
TRK00830,Distant Garden,Atlas & Ivy,electronic,0.802,0.685,-24.82,131.823,0.486,169264,0.0,Major,24.0
TRK00748,Wild Machine,The Wandering,pop,0.836,0.63,-27.13,144.81,0.717,179633,1.0,Major,69.0
TRK00390,Electric Machine,Marble Sky,classical,0.599,0.311,-40.0,79.245,0.278,234750,0.0,Major,10.0
TRK00244,Sunset Parade,Saint Avenue,classical,0.531,0.658,-22.23,150.159,0.173,227218,5.0,Minor,
TRK00898,Echo Anthem,The Paper Kites,classical,0.508,0.484,-29.71,116.478,0.229,123125,5.0,Minor,36.0
TRK00751,Crimson Hearts,The Wandering,country,0.099,0.42,-39.85,130.087,0.628,144954,9.0,Major,38.0
TRK00619,Lonely Static,The Quiet Year,rock,0.268,0.475,-33.3,121.831,0.359,251015,10.0,M,28.0
TRK00289,Sunset Parade,The Paper Kites,hip-hop,0.775,0.2,-40.0,121.202,0.433,187076,4.0,Major,22.0
TRK00478,Paper Hearts,Northbound,pop ,0.225,0.913,-0.25,122.205,0.332,222328,9.0,Maj,23.0
TRK00702,Burning Garden,Hollow Coves,r&b,0.667,0.398,-40.0,108.651,0.266,159907,3.0,Minor,12.0
TRK00142,Broken Rivers,Lunar Tide,country,0.303,0.384,-39.57,101.067,0.665,251312,6.0,Major,17.0
TRK00050,Crimson Avenue,The Wandering,pop,0.518,0.401,-36.08,113.688,0.791,98554,2.0,Minor,62.0
TRK00722,Electric Dreams,Lunar Tide,rock,0.418,0.486,-33.52,133.365,0.71,199508,3.0,Minor,34.0
TRK00699,Golden Thunder,Bright Harbor,hiphop,0.574,0.314,-40.0,109.512,0.011,132223,8.0,Major,20.0
TRK00713,Lonely Summer,Glass Animals Jr,jazz,0.258,0.481,-33.46,87.3,0.468,192485,7.0,Minor,27.0
TRK00565,Neon Summer,Bright Harbor,electronic,0.479,0.819,-17.14,130.971,0.557,167692,8.0,Major,42.0
TRK00451,Frozen Horizon,Bright Harbor,pop,0.764,0.748,-23.08,130.568,0.543,276609,0.0,Major,13.0
TRK00081,Electric Daylight,Lunar Tide,country,0.358,0.29,-40.0,95.488,0.816,244907,6.0,Major,19.0
TRK00856,Distant Hearts,Atlas & Ivy,hip-hop,0.446,0.124,-40.0,112.889,0.559,221164,6.0,Minor,23.0
TRK00237,Sunset Gravity,Northbound,rock,0.441,0.686,-19.95,112.601,0.382,295568,7.0,Minor,60.0
TRK00627,Neon Hearts,Slow Tide,country,0.679,0.369,-40.0,,0.726,248806,,Minor,11.0
TRK00883,Distant Dreams,Saint Avenue,pop,0.78,0.729,-21.03,116.879,0.747,226298,1.0,Minor,8.0
TRK00683,Paper Waves,Northbound,pop,0.522,0.875,-7.69,129.041,0.607,201097,8.0,Minor,54.0
TRK00066,Velvet Garden,Foxglove,r&b,0.325,0.132,-40.0,132.389,0.611,180164,11.0,Minor,36.0
TRK00798,Echo Machine,Lunar Tide,electronic,0.576,0.58,-32.46,123.37,0.369,499454,3.0,Major,41.0
TRK00009,Electric Shadows,Lunar Tide,country,0.371,0.295,-40.0,0.0,0.492,322682,10.0,Major,16.0
TRK00655,Sapphire Daylight,Cassette Club,rock,0.321,0.491,-33.22,104.409,0.525,238212,6.0,Minor,21.0
TRK00222,Crimson Hearts,Lunar Tide,pop,0.741,0.791,-16.32,140.542,0.526,162781,8.0,Major,
TRK00652,Golden Daylight,Northbound,hip-hop,0.338,0.151,-40.0,120.538,0.641,164363,3.0,Major,26.0
TRK00463,Electric Waves,Lunar Tide,country,0.663,0.513,-24.05,0.0,0.862,208679,,Major,22.0
TRK00384,Broken Horizon,Ember Road,EDM,0.572,0.644,-28.53,76.085,0.293,520000,3.0,Major,11.0
TRK00793,Midnight Anthem,The Quiet Year,pop,0.436,0.747,-15.15,132.578,0.429,154911,9.0,Major,14.0
TRK00113,Silent Avenue,Glass Animals Jr,rock,0.692,0.661,-25.21,144.949,0.176,142648,4.0,major,15.0
TRK00596,Cosmic Waves,The Wandering,pop,0.636,0.955,-6.41,65.004,0.674,159820,10.0,Major,18.0
TRK00662,Neon Thunder,The Wandering,R&B,0.803,0.391,-34.38,86.564,0.634,345104,9.0,Minor,54.0
TRK00467,Broken Anthem,Northbound,hip-hop,0.401,0.656,-24.26,113.701,0.735,281372,4.0,Major,22.0
TRK00064,Velvet Avenue,Foxglove,jazz,0.252,0.306,-40.0,113.762,0.173,273654,7.0,Min,59.0
TRK00776,Echo Thunder,Violet Hour,electronic,0.808,0.784,-18.63,123.537,0.685,161343,2.0,Minor,21.0
TRK00270,Golden Daylight,Glass Animals Jr,jazz,0.817,0.113,-40.0,93.283,0.339,316599,0.0,Major,20.0
TRK00718,Golden Garden,Hollow Coves,rock,0.566,0.804,-17.02,107.378,0.471,161734,11.0,Major,3.0
TRK00884,Electric Gravity,Glass Animals Jr,country,0.368,0.515,-30.3,90.079,0.602,178626,4.0,Minor,28.0
TRK00387,Restless Summer,The Quiet Year,rock,0.438,0.552,-34.23,0.0,0.345,199260,7.0,Major,21.0
TRK00261,Neon Lights,Saint Avenue,hip-hop,0.611,0.553,-31.43,138.925,0.312,175423,1.0,Major,23.0
TRK00020,Echo Mirror,Glass Animals Jr,pop,0.408,0.632,-27.45,89.139,0.921,236894,8.0,Major,9.0
TRK00305,Neon Ghosts,Glass Animals Jr,jazz,0.361,0.544,-31.31,122.196,0.332,216809,8.0,m,44.0
TRK00700,Broken Ghosts,Saint Avenue,hip-hop,0.608,0.542,-28.47,0.0,0.695,193207,4.0,Major,13.0
TRK00737,Hollow Garden,The Quiet Year,electronic,0.664,0.843,-12.08,77.322,0.194,178624,7.0,Minor,28.0
TRK00504,Sunset Parade,Saint Avenue,hip-hop,0.843,0.565,-31.23,114.905,0.315,174185,1.0,Major,24.0
TRK00365,Sapphire Hearts,Glass Animals Jr,pop,0.594,0.649,-23.75,112.565,0.776,212763,0.0,Major,8.0
TRK00347,Lonely Summer,Glass Animals Jr,pop,0.348,0.583,-27.44,87.16,0.647,128831,8.0,Major,23.0
TRK00651,Midnight Anthem,Glass Animals Jr,hip-hop,0.709,0.448,-38.4,134.206,0.47,275846,9.0,Major,20.0
TRK00572,Cosmic Garden,Violet Hour,country,0.254,0.19,-40.0,101.6,0.816,215288,2.0,Major,40.0
TRK00339,Hollow Compass,Violet Hour,hip-hop,0.506,0.71,-17.72,0.0,0.415,190295,5.0,Major,41.0
TRK00540,Sapphire Ghosts,Lunar Tide,electronic,0.728,0.745,-15.95,111.174,0.426,202589,0.0,Major,17.0
TRK00051,Electric Lights,Bright Harbor,hip-hop,0.716,0.387,-34.41,144.533,0.472,163445,0.0,Major,19.0
TRK00186,Frozen Rivers,The Wandering,hip-hop,0.826,0.397,-40.0,161.363,0.577,266366,8.0,M,27.0
TRK00593,Velvet Static,The Paper Kites,hip-hop,0.837,0.477,-31.25,154.113,0.504,286330,1.0,Maj,67.0
TRK00411,Wild Compass,Violet Hour,country,0.28,0.299,-40.0,92.492,0.756,306438,9.0,Major,47.0
TRK00025,Silent Avenue,Glass Animals Jr,hip-hop,0.459,0.558,-29.33,171.299,0.706,168632,5.0,Minor,25.0
TRK00692,Distant Machine,Violet Hour,hip-hop,0.602,0.49,-36.78,91.872,0.608,195211,5.0,Major,
TRK00367,Golden Garden,Northbound,jazz,0.439,0.287,-40.0,116.139,0.498,252721,1.0,Minor,31.0
TRK00735,Sunset Daylight,Lunar Tide,classical,0.412,0.413,-40.0,114.809,0.389,199107,4.0,Major,51.0
TRK00753,Silent Garden,Saint Avenue,r&b,0.69,0.183,-40.0,146.446,0.339,305318,8.0,Minor,53.0
TRK00188,Midnight Thunder,Violet Hour,hip-hop,0.613,0.382,-38.74,144.73,0.542,170098,10.0,Minor,19.0
TRK00251,Burning Machine,Foxglove,rock,0.404,0.887,-11.71,137.045,0.403,210330,6.0,Major,6.0
TRK00525,Hollow Anthem,Hollow Coves,rock,0.517,0.895,-9.57,80.76,0.58,210493,7.0,Minor,26.0
TRK00357,Lonely Thunder,Lunar Tide,electronic,0.835,0.812,-14.3,93.177,0.417,171266,8.0,Major,19.0
TRK00328,Restless Dreams,Atlas & Ivy,pop,0.626,0.58,-24.45,143.172,0.638,160220,6.0,Minor,14.0
TRK00283,Sapphire Thunder,Atlas & Ivy,hip-hop,0.612,0.577,-30.25,65.903,0.139,207426,2.0,Major,
TRK00294,Golden Avenue,Saint Avenue,jazz,0.512,0.232,-40.0,116.563,0.53,159708,6.0,Minor,19.0
TRK00796,Echo Lights,Ember Road,jazz,0.496,0.692,-21.98,169.765,0.798,174477,7.0,Major,16.0
TRK00849,Sunset Daylight,Atlas & Ivy,hip-hop,0.531,0.171,-40.0,113.459,0.786,226582,9.0,major,
TRK00503,Restless Daylight,Bright Harbor,hip-hop,0.467,0.279,-40.0,123.366,0.8,175212,5.0,Major,43.0
TRK00623,Silent Ghosts,Marble Sky,electronic,0.509,0.61,-23.49,,0.174,126713,1.0,Major,61.0
TRK00832,Distant Thunder,Marble Sky,country,0.243,0.355,-40.0,134.268,0.612,228636,10.0,Minor,20.0
TRK00672,Velvet Summer,Atlas & Ivy,r&b,0.445,0.246,-40.0,130.56,0.407,156363,10.0,Minor,30.0
TRK00807,Crimson Waves,Cassette Club,electronic,0.638,0.864,-14.05,130.979,0.545,240164,7.0,Major,60.0
TRK00449,Distant Waves,Hollow Coves,hip-hop,0.408,0.016,-40.0,122.573,0.412,166903,11.0,Major,44.0
TRK00324,Neon Rivers,Northbound,pop,0.655,0.877,-6.65,117.501,0.819,220754,0.0,Minor,14.0
TRK00828,Electric Machine,Violet Hour,jazz,0.367,0.377,-40.0,135.804,0.301,171269,9.0,Major,17.0
TRK00507,Neon Compass,Lunar Tide,r&b,0.789,0.386,-37.38,121.467,0.098,170733,10.0,Minor,46.0
TRK00218,Golden Lights,Lunar Tide,jazz,0.085,0.705,-20.47,129.442,0.346,204562,,Major,5.0
TRK00239,Silent Horizon,Lunar Tide,country,0.552,0.438,-36.39,117.814,0.559,427510,1.0,Minor,26.0
TRK00441,Echo Gravity,The Paper Kites,hip-hop,0.788,0.187,-40.0,119.45,0.26,234460,5.0,Minor,6.0
TRK00689,Broken Compass,The Wandering,Hip-Hop,0.66,0.321,-40.0,100.497,0.087,191196,5.0,Major,32.0
TRK00192,Wild Horizon,The Paper Kites,pop,0.764,0.564,-24.7,86.347,0.597,183434,9.0,Major,44.0
TRK00191,Velvet Anthem,Northbound,jazz,0.43,0.287,-40.0,111.178,0.489,234995,1.0,Major,44.0
TRK00696,Distant Hearts,The Quiet Year,country,0.241,0.542,-30.02,118.958,0.455,219910,9.0,Minor,24.0
TRK00396,Paper Thunder,Marble Sky,hip-hop,0.65,0.617,-27.32,120.939,0.424,176135,8.0,Maj,15.0
TRK00132,Midnight Lights,Violet Hour,electronic,0.945,0.511,-38.04,138.668,0.571,184376,10.0,Minor,22.0
TRK00297,Crimson Hearts,Saint Avenue,electronic,0.31,0.687,-23.95,115.231,0.381,170847,8.0,Minor,24.0
TRK00252,Broken Lights,Violet Hour,classical,0.41,0.239,-40.0,67.87,0.201,169846,6.0,Minor,36.0
TRK00611,Hollow Anthem,Lunar Tide,rock,0.356,0.481,-28.36,113.956,0.455,170059,7.0,Major,24.0
TRK00263,Silent Ghosts,Northbound,hip-hop,0.669,0.462,-33.95,146.807,0.519,106626,9.0,Major,8.0
TRK00070,Hollow Gravity,Violet Hour,pop,0.623,0.75,-17.67,133.171,0.249,248939,4.0,Major,7.0
TRK00272,Restless Hearts,Atlas & Ivy,pop,0.948,0.654,-23.53,93.037,0.765,246507,8.0,Minor,19.0
TRK00551,Lonely Daylight,Violet Hour,pop,0.646,0.865,-13.19,135.768,0.474,189334,6.0,Major,35.0
TRK00115,Neon Garden,The Paper Kites,electronic,0.829,0.879,-10.61,135.29,0.633,157861,1.0,Major,36.0
TRK00859,Golden Dreams,Cassette Club,hip-hop,0.714,0.092,-40.0,79.068,0.412,151681,9.0,Major,40.0
TRK00564,Sunset Daylight,Bright Harbor,rock,0.23,0.537,-31.44,140.122,0.639,223297,7.0,Minor,30.0
TRK00705,Silent Mirror,Atlas & Ivy,r&b,0.701,0.294,-40.0,130.536,0.299,222939,8.0,Minor,33.0
TRK00362,Sunset Daylight,Bright Harbor,classical,0.385,0.356,-40.0,136.451,0.225,145611,2.0,Minor,12.0
TRK00510,Restless Horizon,Slow Tide,classical,0.317,0.803,-19.86,102.555,0.269,181886,7.0,Major,63.0
TRK00278,Hollow Summer,Saint Avenue,rock,0.886,0.852,-12.99,131.885,0.661,247828,7.0,M,26.0
TRK00002,Silent Avenue,Northbound,electronic,0.782,0.814,-14.39,151.49,0.531,140667,8.0,Major,22.0
TRK00229,Golden Ghosts,Glass Animals Jr,country,0.511,0.243,-40.0,131.894,0.681,237546,11.0,Major,27.0
TRK00770,Electric Waves,Cassette Club,hip-hop,0.284,0.427,-37.59,126.248,0.469,181406,3.0,Major,53.0
TRK00493,Cosmic Ghosts,Marble Sky,rock,0.244,0.262,-40.0,109.997,0.608,170202,9.0,Major,30.0
TRK00783,Velvet Waves,Marble Sky,electronic,0.839,0.693,-19.95,125.971,0.465,259888,5.0,Minor,12.0
TRK00199,Burning Rivers,Bright Harbor,country,0.321,0.226,-40.0,90.145,0.519,258311,5.0,Major,26.0
TRK00446,Neon Ghosts,Hollow Coves,pop,0.617,0.638,-26.47,156.004,0.729,197023,6.0,Major,18.0
TRK00630,Frozen Avenue,The Wandering,hip-hop,0.428,0.099,-40.0,125.969,0.49,221145,1.0,Major,27.0
TRK00065,Neon Ghosts,The Quiet Year,classical,0.468,0.217,-40.0,159.432,0.202,292212,8.0,Minor,30.0
TRK00664,Silent Daylight,Saint Avenue,pop,0.612,0.858,-8.47,122.414,0.523,192217,5.0,Minor,26.0
TRK00676,Distant Parade,Hollow Coves,rock,0.365,0.6,-33.18,119.427,0.552,326331,7.0,Major,42.0
TRK00817,Velvet Ghosts,Cassette Club,country,0.521,0.682,-20.31,67.659,0.541,133082,8.0,Minor,56.0
TRK00350,Golden Rivers,The Wandering,hip-hop,0.632,0.515,-34.85,123.365,0.299,127105,9.0,Major,42.0
TRK00491,Golden Lights,The Quiet Year,r&b,0.944,0.377,-40.0,60.907,0.235,273520,0.0,Major,24.0
TRK00431,Midnight Gravity,Northbound,pop,0.948,0.529,-31.07,93.567,0.648,201269,5.0,Major,31.0
TRK00273,Velvet Summer,Slow Tide,rock,0.743,0.63,-22.35,150.874,0.749,159854,0.0,minor,30.0
TRK00632,Midnight Shadows,The Wandering,jazz,0.436,0.63,-25.84,114.491,0.295,173712,9.0,Minor,9.0
TRK00419,Broken Parade,Slow Tide,classical,0.54,0.371,-37.65,130.698,0.456,246292,8.0,Minor,26.0
TRK00691,Frozen Static,Slow Tide,electronic,0.733,0.852,-11.46,114.882,0.593,464267,6.0,M,0.0
TRK00177,Electric Dreams,Atlas & Ivy,pop,0.557,0.652,-23.42,150.027,0.295,203307,11.0,Minor,44.0
TRK00300,Neon Gravity,Atlas & Ivy,hip-hop,0.501,0.457,-32.1,97.811,0.295,253993,1.0,Major,60.0
TRK00037,Sapphire Rivers,Bright Harbor,country,0.374,0.308,-39.55,102.481,0.556,173434,8.0,Major,64.0
TRK00202,Cosmic Horizon,Glass Animals Jr,r&b,0.327,0.336,-40.0,96.12,0.523,250168,3.0,Minor,
TRK00236,Echo Daylight,Violet Hour,electronic,0.647,0.823,-8.47,134.163,0.276,159414,9.0,Major,49.0
TRK00149,Electric Shadows,Glass Animals Jr,hip-hop,0.546,0.657,-23.61,77.947,0.684,113889,10.0,Major,18.0
TRK00217,Paper Daylight,Slow Tide,rock,0.45,0.71,-22.29,128.481,0.434,263589,3.0,Major,
TRK00613,Broken Compass,Ember Road,EDM,0.374,0.78,-14.4,111.275,0.502,185179,4.0,Major,16.0
TRK00860,Midnight Anthem,Marble Sky,rock,0.569,0.86,-13.5,119.803,0.169,208238,7.0,Major,61.0
TRK00485,Neon Daylight,Lunar Tide,country,0.397,0.303,-40.0,154.845,0.784,183121,8.0,Minor,16.0
TRK00553,Golden Dreams,Slow Tide,electronic,0.645,0.96,-5.48,166.873,0.335,187462,2.0,Major,17.0
TRK00568,Restless Static,Northbound,r&b,0.811,0.733,-21.11,103.167,0.502,164669,6.0,Major,
TRK00302,Burning Static,Glass Animals Jr,jazz,0.537,0.578,-25.97,146.289,0.548,174080,10.0,minor,27.0
TRK00782,Electric Machine,Northbound,country,0.42,0.497,-35.43,131.082,0.868,201107,9.0,Major,45.0
TRK00834,Sapphire Avenue,Lunar Tide,r&b,0.569,0.523,-30.53,128.302,0.385,200592,11.0,Maj,33.0
TRK00608,Wild Parade,The Quiet Year,jazz,0.738,0.172,-40.0,109.849,0.525,137203,8.0,Minor,50.0
TRK00841,Velvet Shadows,Slow Tide,rock,0.298,0.904,-11.88,50.0,0.161,165753,11.0,Minor,17.0
TRK00423,Frozen Garden,Slow Tide,hip-hop,0.253,0.397,-32.69,117.523,0.484,104741,4.0,Minor,3.0
TRK00874,Golden Machine,Northbound,rock,0.541,0.515,-29.48,113.984,0.543,172343,10.0,Minor,12.0
TRK00351,Distant Waves,Ember Road,pop,0.642,0.881,-15.28,104.958,1.0,219916,9.0,Major,9.0
TRK00193,Cosmic Ghosts,Slow Tide,rock,0.615,0.749,-18.69,164.804,0.1,221273,3.0,Major,10.0
TRK00235,Lonely Summer,Northbound,r&b,0.434,0.169,-40.0,0.0,0.156,198810,4.0,Major,45.0
TRK00371,Paper Anthem,Foxglove,electronic,0.629,0.797,-16.38,81.254,0.364,221796,10.0,m,33.0
TRK00761,Neon Waves,Foxglove,r&b,0.537,0.26,-40.0,153.06,0.365,257463,8.0,Minor,3.0
TRK00055,Sapphire Horizon,The Wandering,hip-hop,0.475,0.384,-32.18,131.098,0.386,343493,1.0,Major,
TRK00609,Distant Avenue,Northbound,electronic,0.707,0.768,-13.28,94.136,0.81,169755,11.0,Major,9.0
TRK00096,Cosmic Gravity,The Wandering,pop,0.642,0.525,-34.81,119.226,0.459,162388,2.0,M,2.0
TRK00141,Echo Garden,The Wandering,classical,0.399,0.629,-23.52,150.289,0.422,272571,7.0,Major,35.0
TRK00744,Cosmic Anthem,The Wandering,hip-hop,0.843,0.169,-40.0,87.503,0.382,209714,8.0,Minor,14.0
TRK00786,Frozen Static,Foxglove,pop,0.897,0.59,-27.63,138.367,0.546,275336,2.0,Major,31.0
TRK00808,Lonely Daylight,Bright Harbor,rock,0.552,0.742,-20.17,129.994,0.337,304109,1.0,Major,57.0
TRK00681,Wild Hearts,The Paper Kites,country,0.757,0.526,-36.34,114.171,1.0,219484,2.0,Major,13.0
TRK00120,Frozen Dreams,Cassette Club,country,0.76,0.44,-34.17,159.547,0.473,197349,4.0,Major,53.0
TRK00422,Lonely Horizon,Slow Tide,pop,0.826,0.957,-10.38,103.713,0.506,277550,4.0,Minor,16.0
TRK00062,Silent Shadows,Glass Animals Jr,jazz,0.565,0.264,-40.0,113.578,0.649,183874,3.0,Major,38.0
TRK00690,Frozen Thunder,The Quiet Year,country,0.643,0.596,-26.96,113.062,0.503,172664,9.0,M,54.0
TRK00644,Electric Rivers,Atlas & Ivy,hip-hop,0.789,0.64,-25.97,116.501,0.446,193843,11.0,Major,37.0
TRK00003,Distant Daylight,Hollow Coves,r&b,0.503,0.342,-40.0,119.491,0.708,198786,0.0,Major,60.0
TRK00058,Distant Hearts,Lunar Tide,electronic,0.554,0.763,-21.98,98.943,0.621,203959,0.0,Minor,0.0
TRK00223,Golden Summer,Violet Hour,jazz,0.262,0.434,-39.42,82.053,0.396,222098,3.0,Major,12.0
TRK00472,Burning Machine,Ember Road,Electronic,0.738,0.641,-28.27,118.6,0.121,241487,11.0,Min,26.0
TRK00101,Frozen Shadows,Saint Avenue,POP,0.724,0.791,-15.09,132.183,0.88,245703,9.0,Minor,16.0
TRK00815,Restless Hearts,The Paper Kites,r and b,0.477,0.269,-40.0,121.717,0.584,239069,9.0,Major,41.0
TRK00221,Velvet Garden,The Quiet Year,r&b,0.698,0.27,-40.0,112.715,0.4,138146,7.0,minor,51.0
TRK00403,Echo Summer,Lunar Tide,country,0.172,0.656,-24.69,148.06,0.722,237253,8.0,Major,12.0
TRK00004,Lonely Static,Bright Harbor,hip-hop,0.801,0.464,-33.88,117.053,0.368,110659,11.0,Minor,42.0
TRK00052,Broken Gravity,Glass Animals Jr,r&b,0.601,0.588,-23.53,69.712,0.566,239629,4.0,Minor,51.0
TRK00017,Wild Machine,Ember Road,rock,0.368,0.726,-18.62,135.714,0.632,276382,1.0,Major,32.0
TRK00675,Wild Thunder,Slow Tide,rock,0.353,0.688,-21.46,,0.269,171876,6.0,Minor,8.0
TRK00306,Echo Dreams,The Paper Kites,pop,0.898,0.464,-39.86,133.378,0.569,173311,6.0,Minor,9.0
TRK00155,Lonely Garden,Marble Sky,r&b,0.779,0.274,-40.0,127.347,0.388,175785,8.0,Minor,17.0
TRK00435,Silent Daylight,Hollow Coves,rock,0.508,0.87,-12.29,114.568,0.179,392102,9.0,Major,27.0
TRK00614,Burning Compass,Cassette Club,POP,0.581,0.647,-27.36,107.026,0.966,242940,6.0,Major,71.0
TRK00248,Burning Hearts,Ember Road,jazz,0.407,0.156,-40.0,157.348,0.894,145223,6.0,Maj,9.0
TRK00249,Sapphire Parade,Marble Sky,country,0.412,0.76,-25.65,78.586,0.4,257421,2.0,Minor,20.0
TRK00358,Cosmic Lights,Foxglove,electronic,0.565,0.791,-16.12,113.748,0.69,290253,7.0,Major,41.0
TRK00388,Restless Summer,Saint Avenue,jazz,0.402,0.394,-39.16,91.48,0.4,175851,2.0,Minor,34.0
TRK00743,Electric Waves,Northbound,country,0.261,0.447,-39.17,157.934,0.479,202756,11.0,Major,16.0
TRK00773,Midnight Mirror,Bright Harbor,R&B,0.532,0.525,-35.16,98.989,0.517,182051,9.0,Major,63.0
TRK00030,Burning Static,Ember Road,electronic,0.722,0.786,-20.41,140.298,0.137,207400,1.0,Minor,1.0
TRK00781,Neon Garden,Lunar Tide,Hip-Hop,0.717,0.624,-28.33,118.324,0.566,245505,7.0,Major,33.0
TRK00878,Broken Hearts,Lunar Tide,rock,0.778,0.742,-14.35,162.44,0.18,229177,8.0,Minor,55.0
TRK00117,Echo Hearts,Violet Hour,electronic,0.621,0.613,-29.9,148.325,0.37,227990,0.0,Major,38.0
TRK00445,Sapphire Parade,Violet Hour,hip-hop,0.691,0.276,-40.0,94.541,0.672,185385,6.0,Major,76.0
TRK00116,Crimson Gravity,Northbound,r&b,0.84,0.338,-40.0,107.868,0.435,297162,8.0,Major,57.0
TRK00581,Burning Mirror,Cassette Club,electronic,0.518,0.569,-27.53,155.773,0.547,222494,11.0,Major,
TRK00603,Sapphire Rivers,Foxglove,POP,0.815,0.628,-25.1,95.254,1.0,146565,5.0,Major,28.0
TRK00885,Sapphire Waves,Violet Hour,Hip-Hop,0.559,0.509,-33.17,98.003,0.507,298067,11.0,Minor,13.0
TRK00027,Paper Avenue,Lunar Tide,classical,0.326,0.236,-40.0,50.0,0.385,140997,0.0,Major,
TRK00381,Broken Horizon,Bright Harbor,Electronic,0.381,0.571,-31.04,127.412,0.663,176477,5.0,Min,34.0
TRK00307,Frozen Avenue,Violet Hour,rock,0.514,0.767,-18.38,66.583,0.667,114416,4.0,Major,32.0
TRK00656,Hollow Summer,Violet Hour,rock,0.775,0.825,-13.7,0.0,0.381,223268,0.0,Major,23.0
TRK00835,Frozen Gravity,Bright Harbor,hip-hop,0.704,0.296,-40.0,103.746,0.168,171077,9.0,Major,8.0
TRK00200,Sapphire Mirror,Slow Tide,hip-hop,0.686,0.321,-40.0,105.109,0.503,235933,3.0,Minor,38.0
TRK00518,Crimson Lights,The Quiet Year,r&b,0.478,0.729,-25.26,113.083,0.79,233408,8.0,Major,11.0
TRK00385,Lonely Garden,The Quiet Year,electronic,0.603,0.767,-19.47,144.744,0.289,164888,7.0,Major,20.0
TRK00758,Burning Rivers,The Paper Kites,country,0.271,0.425,-37.65,79.829,0.613,142502,2.0,Major,42.0
TRK00891,Hollow Avenue,The Quiet Year,pop,0.369,0.45,-37.51,118.199,0.582,261609,1.0,Major,2.0
TRK00724,Electric Avenue,Foxglove,POP,0.425,0.574,-28.58,93.76,0.563,143690,9.0,Minor,8.0
TRK00464,Broken Compass,Saint Avenue,hip-hop,0.493,0.348,-40.0,113.052,0.224,179078,5.0,Minor,
TRK00314,Restless Ghosts,Atlas & Ivy,country,0.183,0.212,-40.0,109.888,0.994,251337,7.0,Major,32.0
TRK00409,Electric Dreams,Saint Avenue,pop,0.621,0.598,-29.44,93.765,0.784,106719,9.0,minor,18.0
TRK00280,Golden Parade,Glass Animals Jr,pop,0.63,0.726,-18.56,0.0,0.379,148842,3.0,Major,22.0
TRK00864,Hollow Shadows,Slow Tide,pop,0.51,0.904,-11.89,123.618,0.612,222790,4.0,major,38.0
TRK00353,Electric Daylight,Violet Hour,pop,0.617,0.786,-10.76,159.638,0.893,276100,7.0,Major,14.0
TRK00582,Paper Lights,Bright Harbor,hip-hop,0.501,0.64,-24.79,74.387,0.178,182900,7.0,Major,7.0
TRK00207,Midnight Lights,Foxglove,rock,0.429,0.567,-24.05,82.339,0.709,247944,3.0,Minor,11.0
TRK00379,Echo Daylight,The Wandering,hip-hop,0.749,0.389,-36.02,116.638,0.563,119609,0.0,Major,58.0
TRK00695,Golden Garden,Foxglove,jazz,0.426,0.822,-13.75,124.057,0.527,151500,8.0,Major,2.0
TRK00789,Midnight Machine,Atlas & Ivy,rock,0.324,0.893,-8.36,168.068,0.391,274915,9.0,Major,40.0
TRK00023,Frozen Avenue,Glass Animals Jr,electronic,0.698,0.91,-9.74,0.0,0.008,300574,10.0,Minor,45.0
TRK00340,Echo Avenue,Atlas & Ivy,rock,0.352,0.683,-18.68,149.269,0.843,254239,0.0,Major,6.0
TRK00732,Cosmic Machine,Cassette Club,hip-hop,0.578,0.475,-29.56,129.598,0.258,420080,7.0,Major,32.0
TRK00577,Hollow Avenue,Marble Sky,hip-hop,0.844,0.313,-40.0,117.431,0.847,208705,11.0,Major,10.0
TRK00154,Electric Dreams,Atlas & Ivy,electronic,0.505,0.918,-10.45,102.697,0.514,213061,5.0,Minor,19.0
TRK00822,Wild Static,Hollow Coves,country,0.178,0.065,-40.0,150.525,0.715,191715,4.0,Major,17.0
TRK00757,Crimson Lights,Saint Avenue,hip-hop,0.773,0.187,-40.0,100.719,0.259,156515,2.0,minor,16.0
TRK00482,Paper Garden,Slow Tide,pop,0.733,0.855,-12.68,87.09,0.965,285720,11.0,Minor,37.0
TRK00715,Sunset Shadows,The Paper Kites,pop,0.825,0.779,-17.73,85.436,0.424,335272,1.0,Minor,17.0
TRK00489,Electric Static,Bright Harbor,hip-hop,0.468,0.473,-31.73,158.998,0.655,256979,2.0,Minor,10.0
TRK00471,Electric Machine,The Quiet Year,r&b,0.709,0.591,-27.22,88.958,0.426,255089,,M,24.0
TRK00543,Crimson Ghosts,Hollow Coves,rock,0.498,0.613,-26.19,77.986,0.197,170753,5.0,Minor,22.0
TRK00767,Cosmic Static,Atlas & Ivy,hip-hop,0.489,0.535,-29.62,129.901,0.329,230743,6.0,Min,19.0
TRK00515,Echo Daylight,Violet Hour,rock,0.829,0.563,-25.95,122.6,0.467,18000000,5.0,Minor,9.0
TRK00262,Lonely Gravity,Slow Tide,pop,0.602,0.779,-20.02,86.046,0.762,270917,0.0,Major,63.0
TRK00082,Sunset Summer,Bright Harbor,pop,0.586,0.449,-33.19,110.276,0.963,148424,11.0,Minor,28.0
TRK00513,Cosmic Avenue,Glass Animals Jr,hip-hop,0.532,0.101,-40.0,108.971,0.378,382179,8.0,Minor,48.0
TRK00407,Crimson Anthem,Glass Animals Jr,rock,0.672,0.865,-11.98,144.823,0.562,252770,0.0,Minor,47.0
TRK00880,Restless Horizon,Bright Harbor,rock,0.357,0.766,-21.99,149.316,0.642,263960,4.0,Major,62.0
TRK00487,Midnight Mirror,Hollow Coves,hip-hop,0.622,0.562,-31.97,138.076,0.371,158847,8.0,Minor,37.0
TRK00038,Echo Mirror,Ember Road,r&b,0.791,0.114,-40.0,114.002,0.461,117064,9.0,Major,37.0
TRK00417,Sapphire Avenue,Violet Hour,rock,0.284,0.709,-19.77,104.066,0.688,201687,9.0,Major,52.0
TRK00511,Echo Garden,Glass Animals Jr,country,0.215,0.553,-37.06,99.289,0.662,140253,11.0,minor,28.0
TRK00333,Sunset Avenue,Hollow Coves,classical,0.369,0.542,-29.06,126.05,0.73,127627,0.0,Minor,27.0
TRK00010,Echo Gravity,Marble Sky,rock,0.67,0.749,-16.01,115.2,0.382,265186,6.0,Minor,30.0
TRK00526,Golden Garden,Ember Road,R&B,0.725,0.148,-40.0,107.714,0.658,148431,2.0,Major,19.0
TRK00319,Distant Horizon,Saint Avenue,rock,0.476,0.921,-8.38,91.665,0.661,122368,8.0,Major,58.0
TRK00032,Silent Rivers,Slow Tide,hip-hop,0.548,0.531,-31.55,158.109,0.15,312520,4.0,Minor,17.0
TRK00686,Sapphire Static,Atlas & Ivy,pop,0.581,0.675,-21.09,117.009,0.354,254336,10.0,Minor,15.0
TRK00800,Distant Dreams,Lunar Tide,electronic,0.796,0.612,-25.52,137.211,0.372,235421,,Major,31.0
TRK00618,Lonely Hearts,Hollow Coves,pop,0.851,0.629,-25.64,160.845,0.784,175755,0.0,major,9.0
TRK00382,Broken Avenue,Foxglove,rock,0.187,0.644,-22.44,72.063,0.313,195070,1.0,Major,20.0
TRK00281,Hollow Mirror,Saint Avenue,hip-hop,0.701,0.449,-35.94,88.247,0.188,241440,9.0,Minor,
TRK00635,Velvet Shadows,Ember Road,jazz,0.293,0.225,-40.0,90.933,0.38,214920,3.0,Minor,10.0
TRK00667,Sapphire Parade,The Paper Kites,rock,0.324,0.31,-40.0,65.509,0.299,230296,5.0,Major,33.0
TRK00819,Golden Lights,Saint Avenue,pop,0.64,0.976,-10.16,111.677,0.488,200305,2.0,Minor,51.0
TRK00616,Paper Machine,The Wandering,pop,0.406,0.515,-28.83,78.908,0.538,139905,0.0,Minor,48.0
TRK00827,Sunset Machine,Marble Sky,pop,0.708,0.93,-8.4,169.626,0.818,316198,3.0,Major,19.0
TRK00378,Golden Anthem,Bright Harbor,r&b,0.821,0.487,-36.21,125.168,0.271,196170,10.0,Major,12.0
TRK00447,Frozen Shadows,Atlas & Ivy,pop,0.717,0.807,-16.07,76.097,0.553,200971,8.0,Major,9.0
TRK00785,Silent Waves,Lunar Tide,Electronic,0.559,0.579,-26.01,105.437,0.665,324698,10.0,Minor,
TRK00089,Electric Rivers,Foxglove,country,0.571,0.416,-38.62,98.008,0.865,164557,3.0,Major,22.0
TRK00213,Wild Summer,Marble Sky,pop,0.808,0.753,-21.77,166.066,0.655,136344,2.0,Minor,57.0
TRK00321,Wild Mirror,Hollow Coves,jazz,0.646,0.686,-16.54,175.103,0.436,283056,5.0,Major,21.0
TRK00879,Midnight Parade,Ember Road,pop,0.78,0.562,-29.78,118.384,0.743,305483,10.0,Major,
TRK00133,Electric Static,Glass Animals Jr,pop,0.877,0.661,-26.36,154.719,0.857,361292,6.0,Major,45.0
TRK00346,Distant Anthem,The Wandering,electronic,0.803,0.526,-30.05,125.758,0.527,236723,6.0,Major,38.0
TRK00043,Broken Parade,Hollow Coves,electronic,0.822,0.724,-22.66,89.917,0.737,204036,8.0,Major,9.0
TRK00007,Frozen Garden,Violet Hour,pop,0.693,0.873,-6.21,147.549,0.85,286543,8.0,Minor,
TRK00557,Sunset Compass,Atlas & Ivy,classical,0.079,0.252,-40.0,114.639,0.234,130182,,Major,17.0
TRK00320,Midnight Shadows,Hollow Coves,pop,0.448,0.917,-10.18,163.201,0.35,295577,1.0,Minor,47.0
TRK00709,Cosmic Parade,Northbound,pop,0.583,0.943,-2.59,134.082,0.795,301684,8.0,Minor,55.0
TRK00187,Crimson Rivers,Violet Hour,country,0.624,0.5,-32.46,121.741,1.0,199731,9.0,Minor,44.0
TRK00585,Golden Daylight,Saint Avenue,rock,0.411,0.676,-24.61,121.05,0.398,145608,0.0,Major,
TRK00122,Electric Dreams,The Wandering,pop,0.451,0.728,-17.85,50.0,0.66,155399,4.0,Minor,40.0
TRK00040,Echo Daylight,Glass Animals Jr,electronic,0.775,0.773,-13.68,108.937,0.876,247482,1.0,Major,33.0
TRK00304,Crimson Horizon,The Paper Kites,hip-hop,0.617,0.361,-40.0,132.695,0.27,310982,10.0,Major,57.0
TRK00031,Neon Compass,Foxglove,pop,0.567,0.748,-16.19,124.057,0.989,235257,10.0,Minor,11.0
TRK00552,Paper Horizon,Cassette Club,pop ,0.548,0.568,-26.48,112.886,0.67,264730,2.0,Minor,31.0
TRK00172,Echo Horizon,The Paper Kites,pop,0.722,0.964,-4.16,135.414,0.812,337931,2.0,Major,5.0
TRK00284,Broken Rivers,Saint Avenue,pop,0.819,0.518,-33.61,134.947,0.651,163479,8.0,Minor,14.0
TRK00430,Paper Thunder,The Quiet Year,electronic,0.484,0.931,-6.92,167.273,0.646,237682,4.0,Minor,18.0
TRK00804,Wild Hearts,Foxglove,rock,0.451,0.474,-34.29,126.97,0.367,198884,1.0,Major,61.0
TRK00240,Paper Daylight,Foxglove,country,0.48,0.531,-29.37,86.642,0.636,162982,9.0,Major,16.0
TRK00659,Electric Thunder,Violet Hour,pop,0.726,0.666,-24.64,170.982,0.26,199432,4.0,Major,50.0
TRK00174,Sapphire Thunder,Bright Harbor,R&B,0.823,0.242,-40.0,113.367,0.545,239287,1.0,Minor,15.0
TRK00558,Hollow Gravity,Slow Tide,country,0.713,0.2,-40.0,88.471,0.512,386479,9.0,Minor,15.0
TRK00643,Lonely Summer,The Wandering,country,0.505,0.204,-40.0,184.603,0.639,328313,11.0,Major,20.0
TRK00245,Restless Parade,Lunar Tide,jazz,0.23,0.276,-38.75,109.24,0.494,230595,2.0,Minor,
TRK00056,Burning Ghosts,The Wandering,electronic,0.251,0.85,-12.99,118.122,0.492,229905,8.0,Minor,6.0
TRK00509,Hollow Static,Glass Animals Jr,electronic,0.768,0.872,-10.43,0.0,0.629,170126,1.0,Minor,40.0
TRK00071,Midnight Mirror,Hollow Coves,r&b,0.452,0.566,-31.54,125.233,0.515,183328,0.0,Major,44.0
TRK00680,Wild Horizon,Cassette Club,hip-hop,0.602,0.179,-40.0,100.107,0.741,279215,9.0,Major,41.0
TRK00145,Paper Lights,The Wandering,electronic,0.86,0.891,-13.57,125.932,0.28,201396,0.0,Minor,24.0
TRK00090,Midnight Shadows,Glass Animals Jr,pop,0.762,0.898,-14.02,155.221,0.711,311471,5.0,Major,39.0
TRK00166,Burning Avenue,Lunar Tide,electronic,0.631,0.657,-28.99,111.849,0.728,172323,2.0,Major,26.0
TRK00392,Electric Hearts,The Quiet Year,rock,0.375,0.839,-13.89,121.944,0.374,200641,11.0,Minor,9.0
TRK00890,Crimson Static,Glass Animals Jr,electronic,0.56,0.789,-14.26,111.495,0.435,167176,9.0,Minor,23.0
TRK00170,Echo Anthem,Slow Tide,pop ,0.738,0.557,-30.62,84.255,0.796,196330,3.0,Major,15.0
TRK00310,Broken Lights,Slow Tide,pop,0.495,0.592,-23.22,103.354,0.454,287540,1.0,Major,14.0
TRK00361,Midnight Avenue,Violet Hour,rock,0.418,0.79,-19.3,122.089,0.286,262270,7.0,Minor,12.0
TRK00359,Sunset Garden,Cassette Club,rock,0.707,0.835,-16.52,97.471,0.356,214142,9.0,Major,23.0
TRK00093,Paper Thunder,The Paper Kites,rock,0.136,0.771,-13.47,136.317,0.368,177421,5.0,m,57.0
TRK00322,Silent Anthem,Foxglove,hip-hop,0.834,0.501,-30.15,132.064,0.1,190957,0.0,Major,28.0
TRK00420,Restless Summer,The Wandering,jazz,0.222,0.268,-40.0,106.926,0.484,357673,1.0,Major,58.0
TRK00412,Sunset Waves,Cassette Club,rock,0.277,0.763,-19.1,103.891,0.504,223184,10.0,M,
TRK00626,Velvet Horizon,Northbound,rock,0.408,0.914,-10.85,120.524,0.364,299437,10.0,Major,39.0
TRK00794,Burning Thunder,Hollow Coves,hip-hop,0.639,0.253,-40.0,74.87,0.32,150694,6.0,Major,17.0
TRK00679,Electric Daylight,Bright Harbor,pop,0.325,0.737,-17.33,93.305,0.437,367587,5.0,Minor,25.0
TRK00376,Sapphire Shadows,The Quiet Year,hip-hop,0.86,0.378,-40.0,141.968,0.555,192610,1.0,Major,26.0
TRK00395,Lonely Gravity,Slow Tide,rock,0.58,0.601,-25.13,84.755,0.653,140518,1.0,Major,55.0
TRK00243,Crimson Waves,Violet Hour,rock,0.375,0.767,-17.03,109.521,0.662,193290,1.0,Minor,20.0
TRK00747,Sapphire Parade,The Quiet Year,rock,0.612,0.852,-12.92,130.17,0.449,142932,1.0,Major,15.0
TRK00087,Broken Ghosts,Slow Tide,electronic,0.524,0.524,-30.64,144.478,0.586,213040,3.0,Major,20.0
TRK00214,Midnight Parade,Violet Hour,hip-hop,0.751,0.489,-30.54,115.125,0.649,148831,1.0,Minor,22.0
TRK00887,Lonely Mirror,Marble Sky,classical,0.643,0.239,-40.0,104.319,0.438,359862,6.0,Minor,40.0
TRK00344,Crimson Hearts,Hollow Coves,country,0.469,0.57,-30.05,123.396,0.503,145245,10.0,Major,45.0
TRK00173,Velvet Gravity,Hollow Coves,r&b,0.536,0.591,-26.52,85.948,0.258,138778,4.0,Major,31.0
TRK00769,Sapphire Lights,Glass Animals Jr,electronic,0.412,0.671,-19.59,140.617,0.339,225384,9.0,Major,36.0
TRK00717,Lonely Machine,Glass Animals Jr,classical,0.692,0.527,-31.09,101.718,0.397,315330,8.0,Minor,
TRK00291,Silent Waves,Violet Hour,pop ,0.684,0.481,-31.33,89.811,0.924,262637,6.0,Minor,57.0
TRK00425,Burning Anthem,Atlas & Ivy,hip-hop,0.591,0.245,-40.0,127.92,0.352,269689,6.0,M,22.0
TRK00701,Wild Ghosts,Slow Tide,hip-hop,0.691,0.487,-33.66,148.98,0.451,235018,6.0,Major,52.0
TRK00118,Sapphire Shadows,The Quiet Year,jazz,0.633,0.751,-19.52,109.829,0.523,119976,8.0,Major,
TRK00119,Cosmic Avenue,Ember Road,pop,0.93,0.805,-14.29,145.199,0.952,298583,0.0,Major,44.0
TRK00163,Burning Horizon,Cassette Club,pop,0.748,0.727,-24.29,144.426,0.849,520000,5.0,Minor,38.0
TRK00574,Broken Shadows,Cassette Club,r&b,0.515,0.632,-22.76,119.491,0.505,159888,2.0,Major,34.0
TRK00000,Paper Anthem,The Paper Kites,pop,0.479,0.66,-24.36,136.722,0.737,176828,7.0,Major,28.0
TRK00394,Wild Horizon,Northbound,r&b,0.936,0.255,-40.0,127.37,0.703,193277,5.0,Minor,55.0
TRK00401,Midnight Parade,The Quiet Year,hip-hop,0.582,0.477,-27.79,94.401,0.657,233538,6.0,Minor,28.0
TRK00404,Sunset Horizon,Foxglove,pop,0.727,0.773,-15.15,91.021,0.683,256775,,Major,33.0
TRK00556,Broken Garden,Hollow Coves,pop,0.527,0.693,-18.56,119.117,0.65,302651,0.0,Maj,20.0
TRK00563,Neon Lights,Saint Avenue,hip-hop,0.765,0.351,-39.6,109.062,0.467,243800,4.0,Minor,19.0
TRK00162,Silent Lights,Hollow Coves,electronic,0.815,0.275,-40.0,126.938,0.27,418269,6.0,Minor,9.0
TRK00114,Restless Parade,Ember Road,country,0.708,0.648,-23.26,101.01,0.607,142777,8.0,Major,7.0
TRK00150,Sapphire Ghosts,Ember Road,electronic,0.54,0.974,-4.1,145.041,0.468,163457,2.0,Minor,22.0
TRK00530,Restless Static,Northbound,rock,0.676,0.602,-29.57,125.875,0.292,160161,2.0,Minor,28.0
TRK00821,Crimson Avenue,The Wandering,electronic,0.444,0.969,-5.64,87.95,0.329,197597,2.0,M,12.0
TRK00368,Lonely Anthem,Glass Animals Jr,electronic,0.627,0.81,-13.31,117.056,0.718,264280,4.0,Minor,28.0
TRK00477,Sunset Daylight,The Paper Kites,jazz,0.625,0.547,-25.98,,0.439,246443,8.0,Minor,27.0
TRK00893,Restless Waves,The Paper Kites,pop,0.685,0.683,-22.12,147.816,0.957,164042,5.0,Minor,25.0
TRK00532,Frozen Anthem,Marble Sky,rock,0.483,0.978,-4.18,99.476,0.595,281506,7.0,Major,0.0
TRK00866,Distant Parade,The Paper Kites,r&b,0.69,0.666,-26.34,97.884,0.414,154036,3.0,Major,11.0
TRK00258,Frozen Lights,Violet Hour,hip-hop,0.765,0.436,-37.01,,0.401,170874,4.0,Minor,9.0
TRK00768,Sunset Ghosts,Violet Hour,pop,0.649,0.575,-23.65,,0.601,141653,9.0,Major,9.0
TRK00135,Frozen Rivers,Hollow Coves,rock,0.464,0.293,-40.0,111.604,0.34,365708,4.0,Minor,37.0
TRK00838,Restless Avenue,Bright Harbor,rock,0.554,0.825,-18.15,134.278,0.665,232400,2.0,Major,34.0
TRK00649,Paper Hearts,Ember Road,hip-hop,0.517,0.176,-40.0,91.048,0.426,165446,7.0,Major,32.0
TRK00723,Wild Anthem,Saint Avenue,electronic,0.636,0.863,-11.23,116.537,0.644,125888,1.0,Major,31.0
TRK00501,Echo Parade,Slow Tide,country,0.791,0.364,-40.0,121.604,0.721,286477,7.0,Major,43.0
TRK00590,Burning Horizon,The Quiet Year,jazz,0.232,0.452,-38.14,86.255,0.403,182507,9.0,Minor,37.0
TRK00343,Silent Compass,Cassette Club,hip hop,0.753,0.226,-40.0,105.226,0.505,277842,10.0,Minor,
TRK00610,Silent Parade,The Paper Kites,Pop,0.512,0.608,-26.11,112.808,0.466,233849,10.0,M,58.0
TRK00562,Silent Hearts,Violet Hour,pop,0.828,0.657,-21.15,117.404,0.941,245832,10.0,Maj,
TRK00293,Burning Avenue,The Quiet Year,Pop,0.714,0.845,-14.37,129.327,0.634,330746,11.0,Major,20.0
TRK00364,Silent Garden,Northbound,pop,0.411,0.567,-27.32,125.507,0.816,213648,4.0,Major,31.0
TRK00567,Frozen Thunder,Lunar Tide,rock,0.267,0.685,-15.15,137.004,0.449,171640,5.0,Minor,38.0
TRK00014,Broken Ghosts,Glass Animals Jr,hip-hop,0.783,0.311,-40.0,112.094,0.865,155299,5.0,M,23.0
TRK00086,Paper Thunder,Lunar Tide,r&b,0.352,0.176,-40.0,134.558,0.359,392095,4.0,Major,
TRK00370,Hollow Horizon,Saint Avenue,hip-hop,0.817,0.538,-29.42,171.526,0.456,157481,11.0,Major,36.0
TRK00165,Broken Rivers,Saint Avenue,rock,0.628,0.702,-20.44,99.233,0.626,322759,1.0,Major,36.0
TRK00801,Golden Avenue,Northbound,hip-hop,0.695,0.367,-40.0,140.272,0.192,163687,4.0,Minor,57.0
TRK00335,Broken Compass,Ember Road,country,0.227,0.586,-27.68,163.36,0.36,142123,10.0,Major,11.0
TRK00059,Sapphire Ghosts,Foxglove,hip-hop,0.375,0.614,-23.27,148.418,0.241,153384,9.0,Major,7.0
TRK00354,Midnight Static,Lunar Tide,rock,0.273,0.542,-30.8,92.794,0.452,212260,7.0,Major,3.0
TRK00424,Restless Shadows,Atlas & Ivy,electronic,0.375,0.355,-40.0,131.933,0.522,142910,6.0,Major,27.0
TRK00292,Crimson Hearts,The Paper Kites,pop,0.477,0.795,-20.0,138.887,0.608,173876,1.0,Minor,
TRK00041,Neon Daylight,Northbound,rock,0.505,0.941,-9.45,174.169,0.353,276706,4.0,Major,63.0
TRK00329,Golden Avenue,Bright Harbor,r&b,0.562,0.534,-34.52,127.054,0.616,144407,0.0,Major,50.0
TRK00429,Hollow Ghosts,The Quiet Year,country,0.295,0.66,-21.67,190.249,0.719,247438,11.0,Minor,14.0
TRK00079,Electric Daylight,Cassette Club,country,0.32,0.406,-39.09,85.763,0.881,209340,,Major,19.0
TRK00028,Echo Anthem,Lunar Tide,country,0.652,0.291,-40.0,118.126,0.553,278696,11.0,Major,32.0
TRK00254,Broken Dreams,Cassette Club,rock,0.549,0.777,-13.41,115.004,0.452,258458,3.0,Major,33.0
TRK00795,Distant Static,Lunar Tide,country,0.278,0.634,-22.04,120.877,0.611,133946,7.0,Major,52.0
TRK00458,Sapphire Ghosts,Foxglove,pop,0.708,0.938,-11.43,176.751,0.864,295004,6.0,Minor,35.0
TRK00383,Restless Compass,Northbound,hip-hop,0.683,0.631,-28.42,117.933,0.198,243239,6.0,Minor,
TRK00313,Neon Hearts,Northbound,classical,0.232,0.148,-40.0,151.707,0.152,225842,5.0,Major,55.0
TRK00084,Restless Summer,Violet Hour,pop,0.559,0.472,-32.98,106.245,0.436,202253,10.0,Major,23.0
TRK00136,Hollow Compass,Bright Harbor,hip-hop,0.651,0.094,-40.0,96.795,0.011,161504,5.0,Minor,41.0
TRK00111,Golden Lights,The Wandering,pop,0.481,0.826,-10.35,134.029,0.782,169655,6.0,Major,51.0
TRK00194,Midnight Lights,Northbound,rock,0.433,0.723,-15.17,98.662,0.83,213731,4.0,Minor,55.0
TRK00178,Neon Summer,Glass Animals Jr,hip-hop,0.846,0.427,-40.0,124.638,0.544,110127,0.0,Major,35.0
TRK00805,Cosmic Shadows,Northbound,rock,0.236,0.894,-8.22,143.446,0.387,308872,5.0,Major,15.0
TRK00496,Distant Anthem,Marble Sky,hip-hop,0.34,0.633,-19.66,154.273,0.851,168269,0.0,Minor,40.0
TRK00129,Cosmic Dreams,Northbound,rock,0.596,0.462,-33.37,135.547,0.263,259705,0.0,Minor,10.0
TRK00337,Silent Daylight,Ember Road,hip-hop,0.431,0.523,-29.24,74.833,0.297,272200,8.0,Major,13.0
TRK00124,Broken Hearts,Violet Hour,pop,0.899,0.728,-15.17,115.956,0.553,144091,10.0,Major,24.0
TRK00867,Velvet Horizon,Hollow Coves,country,0.794,0.145,-40.0,117.482,0.957,107976,7.0,Major,25.0
TRK00226,Hollow Waves,The Wandering,classical,0.617,0.245,-40.0,186.922,0.554,237957,2.0,Minor,18.0
TRK00268,Hollow Rivers,The Paper Kites,pop,0.69,0.525,-34.17,134.257,0.92,307825,10.0,Minor,
TRK00882,Echo Static,Foxglove,hip-hop,0.802,0.494,-36.31,122.528,0.326,1500000,11.0,Minor,21.0
TRK00103,Neon Thunder,Saint Avenue,country,0.417,0.516,-33.25,110.486,0.554,217102,7.0,Minor,47.0
TRK00774,Sunset Ghosts,Slow Tide,classical,0.14,0.652,-20.69,167.098,0.25,153816,9.0,Major,25.0
TRK00592,Distant Anthem,The Quiet Year,rock,0.331,0.838,-10.26,111.435,0.289,245368,11.0,major,0.0
TRK00227,Electric Gravity,Bright Harbor,hip-hop,0.422,0.168,-40.0,108.227,0.299,230499,9.0,Major,22.0
TRK00853,Echo Static,Violet Hour,electronic,0.482,0.85,-12.25,91.752,0.581,226903,1.0,M,23.0
TRK00301,Restless Gravity,Marble Sky,country,0.554,0.451,-33.11,161.331,0.316,173353,8.0,Major,12.0
TRK00275,Hollow Rivers,Lunar Tide,EDM,0.683,0.279,-40.0,106.559,0.085,294761,2.0,Minor,42.0
TRK00126,Cosmic Hearts,Saint Avenue,hip-hop,0.854,0.159,-40.0,114.613,0.192,205358,11.0,Major,40.0
TRK00405,Velvet Anthem,Cassette Club,pop,0.538,0.814,-13.69,115.394,0.887,188254,10.0,Major,36.0
TRK00809,Midnight Summer,Foxglove,rock,0.355,0.565,-28.01,136.388,0.119,208185,7.0,Min,50.0
TRK00036,Echo Daylight,Northbound,country,0.537,0.425,-35.49,161.886,0.554,130919,4.0,Major,40.0
TRK00139,Neon Ghosts,Violet Hour,jazz,0.404,0.648,-28.22,119.65,0.442,157765,5.0,Major,27.0
TRK00303,Midnight Daylight,Hollow Coves,jazz,0.244,0.585,-22.26,175.809,0.737,177901,10.0,Major,2.0
TRK00267,Sapphire Compass,Lunar Tide,electronic,0.484,0.608,-23.26,110.085,0.364,209034,4.0,Minor,30.0
TRK00533,Wild Parade,The Paper Kites,pop,0.739,0.608,-26.97,149.463,0.654,165959,2.0,Minor,28.0
TRK00545,Silent Shadows,Saint Avenue,jazz,0.392,0.302,-40.0,87.7,0.472,207443,5.0,Minor,21.0
TRK00212,Distant Lights,Lunar Tide,r&b,0.615,0.21,-40.0,,0.767,312724,1.0,Minor,20.0
TRK00468,Electric Shadows,Marble Sky,r&b,0.348,0.233,-40.0,131.968,0.572,173156,2.0,Major,6.0
TRK00198,Broken Gravity,Slow Tide,pop ,0.471,0.8,-12.38,107.727,0.823,264763,11.0,Minor,30.0
TRK00527,Silent Shadows,Saint Avenue,hip-hop,0.641,0.578,-27.84,107.938,0.334,259809,2.0,Major,49.0
TRK00719,Hollow Avenue,The Paper Kites,country,0.337,0.436,-40.0,122.293,0.52,155320,1.0,Maj,14.0
TRK00241,Golden Mirror,Bright Harbor,classical,0.397,0.487,-38.76,55.051,0.626,219980,1.0,Major,35.0
TRK00342,Velvet Daylight,Hollow Coves,r&b,0.729,0.739,-16.39,101.715,0.425,384683,0.0,Minor,14.0
TRK00549,Golden Thunder,Marble Sky,hip-hop,0.942,0.49,-32.64,172.421,0.627,181895,8.0,Major,22.0
TRK00386,Lonely Dreams,The Wandering,rock,0.675,0.788,-17.56,71.872,0.522,206658,11.0,Major,11.0
TRK00780,Restless Anthem,The Paper Kites,pop,0.66,0.949,-13.12,90.284,1.0,227926,10.0,Min,43.0
TRK00206,Golden Rivers,Lunar Tide,rock,0.296,0.9,-8.66,134.381,0.445,190679,1.0,Major,
TRK00295,Velvet Machine,Bright Harbor,rock,0.301,0.826,-12.28,125.954,0.158,202064,8.0,Major,19.0
TRK00833,Sapphire Gravity,Saint Avenue,rock,0.36,0.852,-12.9,101.801,0.254,217180,10.0,m,49.0
TRK00073,Distant Waves,The Quiet Year,r&b,0.759,0.51,-32.88,62.041,0.681,180860,1.0,Maj,46.0
TRK00674,Echo Machine,Bright Harbor,electronic,0.619,0.492,-31.18,158.599,0.549,197054,4.0,Major,51.0
TRK00104,Sunset Hearts,Northbound,rock,0.624,0.592,-29.88,121.025,0.445,343188,3.0,Minor,31.0
TRK00641,Distant Machine,Foxglove,country,0.505,0.473,-31.29,133.404,0.921,110765,8.0,Major,
TRK00871,Echo Compass,The Wandering,rock,0.446,0.879,-15.14,121.51,0.191,300127,5.0,Major,23.0
TRK00016,Frozen Shadows,Slow Tide,rock,0.515,0.597,-32.13,156.01,0.58,222083,11.0,Major,10.0
TRK00439,Midnight Mirror,Marble Sky,rock,0.532,0.759,-16.28,0.0,0.702,133994,2.0,major,32.0
TRK00091,Electric Waves,Hollow Coves,rock,0.606,0.76,-18.6,130.871,0.225,197229,9.0,Minor,8.0
TRK00088,Sapphire Ghosts,Marble Sky,pop,0.187,0.861,-14.01,84.857,0.707,206460,5.0,Major,5.0
TRK00450,Paper Shadows,Cassette Club,electronic,0.686,0.738,-22.63,0.0,0.174,235252,11.0,Major,7.0
TRK00102,Electric Dreams,The Quiet Year,electronic,0.675,0.896,-14.12,90.705,0.259,210039,11.0,Major,37.0
TRK00238,Distant Rivers,Ember Road,pop,0.587,0.481,-29.62,107.52,0.654,185903,6.0,Major,43.0
TRK00653,Lonely Avenue,Saint Avenue,hip-hop,0.763,0.133,-40.0,174.434,0.358,307469,6.0,Major,22.0
TRK00246,Neon Parade,Saint Avenue,electronic,0.634,0.805,-16.57,130.938,0.584,204409,1.0,Major,59.0
TRK00645,Golden Machine,Lunar Tide,electronic,0.639,0.687,-22.4,120.028,0.228,155273,6.0,M,19.0
TRK00157,Crimson Ghosts,Lunar Tide,hip-hop,0.54,0.38,-38.56,92.358,0.677,200129,6.0,Major,
TRK00479,Neon Rivers,Northbound,electronic,0.48,0.83,-14.19,134.837,0.417,212024,9.0,Minor,5.0
TRK00766,Velvet Horizon,Cassette Club,electronic,0.51,0.549,-32.96,145.962,0.435,260155,7.0,Minor,40.0
TRK00746,Distant Hearts,The Paper Kites,rock,0.615,0.747,-20.11,90.484,0.756,226862,0.0,Major,48.0
TRK00018,Distant Shadows,The Quiet Year,pop,0.368,0.863,-6.81,130.288,0.964,175719,2.0,Major,36.0
TRK00712,Paper Ghosts,Foxglove,rock,0.616,0.788,-16.42,90.087,0.664,252856,6.0,Major,37.0
TRK00121,Golden Garden,The Quiet Year,hip-hop,0.828,0.361,-39.24,109.239,0.577,314994,5.0,Major,9.0
TRK00650,Wild Garden,Slow Tide,hip-hop,0.847,0.25,-40.0,144.351,0.666,274474,3.0,Minor,33.0
TRK00274,Silent Hearts,Glass Animals Jr,electronic,0.753,0.814,-18.54,128.589,0.344,252736,5.0,Minor,20.0
TRK00433,Sunset Thunder,Northbound,pop,0.405,0.915,-13.85,125.531,0.724,151441,7.0,Major,45.0
TRK00813,Hollow Avenue,Hollow Coves,R&B,0.58,0.748,-22.88,102.569,0.674,173964,11.0,M,15.0
TRK00311,Crimson Summer,Glass Animals Jr,r&b,0.679,0.286,-40.0,109.838,0.514,244118,4.0,Minor,10.0
TRK00760,Neon Shadows,Foxglove,pop,0.413,0.719,-18.61,97.538,0.862,153354,1.0,Major,50.0
TRK00756,Cosmic Machine,The Paper Kites,hip hop,0.753,0.536,-31.41,109.927,0.407,148137,7.0,Major,23.0
TRK00546,Electric Hearts,Atlas & Ivy,rock,0.717,0.893,-8.83,153.903,0.471,259231,5.0,Minor,32.0
TRK00181,Burning Gravity,Foxglove,rock,0.379,0.821,-12.92,,0.446,231650,10.0,Major,26.0
TRK00184,Golden Compass,Marble Sky,country,0.248,0.196,-40.0,107.78,0.902,106017,6.0,Major,40.0
TRK00406,Broken Shadows,Slow Tide,country,0.448,0.453,-36.23,121.124,0.68,284745,3.0,Minor,46.0
TRK00606,Midnight Anthem,Saint Avenue,jazz,0.58,0.462,-30.2,126.296,0.502,240041,0.0,Minor,66.0
TRK00520,Crimson Static,Foxglove,hip-hop,0.72,0.261,-40.0,95.634,0.321,316922,11.0,Major,25.0
TRK00380,Electric Compass,The Wandering,hiphop,0.774,0.364,-40.0,55.768,0.07,194825,7.0,Minor,20.0
TRK00410,Lonely Anthem,The Paper Kites,classical,0.206,0.484,-35.74,79.606,0.764,209958,11.0,Maj,42.0
TRK00634,Echo Gravity,Violet Hour,pop,0.266,0.348,-40.0,107.478,0.966,245188,9.0,Minor,29.0
TRK00369,Sunset Hearts,Ember Road,country,0.311,0.392,-40.0,123.715,0.32,165177,3.0,Minor,30.0
TRK00736,Golden Dreams,Glass Animals Jr,hip-hop,0.611,0.351,-36.93,118.587,0.505,223568,5.0,Major,23.0
TRK00754,Cosmic Summer,Marble Sky,pop,0.63,0.652,-26.68,130.2,0.558,384344,1.0,Minor,46.0
TRK00682,Midnight Mirror,Hollow Coves,jazz,0.216,0.298,-40.0,,0.602,305596,4.0,Major,14.0
TRK00078,Paper Static,Northbound,jazz,0.29,0.091,-40.0,0.0,0.554,217521,8.0,Major,53.0
TRK00573,Silent Static,Marble Sky,r and b,0.274,0.519,-32.61,148.442,0.275,230832,7.0,Major,7.0
TRK00637,Electric Parade,The Wandering,country,0.218,0.38,-39.97,91.148,0.746,230839,0.0,Major,10.0
TRK00607,Lonely Dreams,Foxglove,rock,0.235,0.459,-36.24,131.697,0.184,262090,3.0,Minor,
TRK00720,Electric Machine,The Quiet Year,pop,0.356,0.84,-17.1,101.754,0.572,292927,0.0,Minor,27.0
TRK00897,Electric Shadows,Hollow Coves,classical,0.256,0.276,-40.0,81.463,0.507,177594,1.0,Minor,30.0
TRK00752,Crimson Gravity,Saint Avenue,rock,0.257,0.953,-9.15,115.217,0.606,192265,8.0,Maj,23.0
TRK00836,Electric Machine,Foxglove,pop,0.514,0.916,-7.16,150.654,0.883,225566,11.0,Major,27.0
TRK00416,Neon Ghosts,Violet Hour,hip-hop,0.291,0.102,-40.0,90.81,0.79,318638,4.0,Major,0.0
TRK00671,Sapphire Shadows,Slow Tide,rock,0.367,0.806,-14.59,170.049,0.442,189082,11.0,Major,25.0
TRK00561,Neon Daylight,Marble Sky,classical,0.221,0.515,-34.84,98.877,0.835,191197,5.0,Major,74.0
TRK00067,Paper Lights,Slow Tide,r&b,0.636,0.472,-35.74,110.812,0.414,322629,4.0,Major,15.0
TRK00536,Cosmic Gravity,Foxglove,rock,0.32,0.52,-31.22,131.174,0.475,212236,2.0,Minor,50.0
TRK00077,Broken Compass,Atlas & Ivy,electronic,0.601,0.392,-40.0,115.652,0.465,197456,7.0,Major,5.0
TRK00105,Hollow Rivers,Slow Tide,r&b,0.818,0.311,-40.0,102.239,0.411,131515,9.0,m,25.0
TRK00363,Velvet Machine,Northbound,r&b,0.618,0.231,-40.0,131.554,0.605,203988,,Major,23.0
TRK00706,Velvet Daylight,Slow Tide,hip-hop,0.575,0.677,-25.39,124.258,0.128,150513,8.0,Major,29.0
TRK00638,Frozen Daylight,Atlas & Ivy,pop,0.894,0.625,-30.37,299.0,0.897,154283,8.0,Major,33.0
TRK00559,Electric Waves,Marble Sky,r&b,0.537,0.735,-19.71,140.411,0.544,119145,10.0,Minor,27.0
TRK00788,Frozen Avenue,Foxglove,pop,0.731,0.809,-15.25,150.413,0.731,258506,9.0,Minor,19.0
TRK00848,Restless Mirror,Violet Hour,pop,0.656,0.441,-35.41,126.371,0.823,210689,9.0,Minor,34.0
TRK00790,Sapphire Mirror,Marble Sky,electronic,0.523,0.85,-11.55,180.615,0.355,324889,10.0,Minor,36.0
TRK00863,Distant Gravity,Atlas & Ivy,pop,0.629,0.86,-11.91,0.0,0.437,167110,2.0,Major,21.0
TRK00490,Burning Parade,Northbound,rock,0.241,0.486,-32.92,128.287,0.37,336680,4.0,Major,7.0
TRK00880,Restless Horizon,Bright Harbor,rock,0.357,0.766,-21.99,149.316,0.642,263960,4.0,Major,62.0
TRK00765,Sapphire Horizon,Ember Road,r&b,0.743,0.17,-40.0,95.429,0.359,163017,4.0,Major,49.0
TRK00605,Cosmic Shadows,Marble Sky,rock,0.721,0.888,-12.45,144.901,0.645,130152,7.0,major,66.0
TRK00363,Velvet Machine,Northbound,r&b,0.618,0.231,-40.0,131.554,0.605,203988,3.0,Major,23.0
TRK00069,Electric Static,Cassette Club,hip-hop,0.687,0.135,-40.0,97.979,0.352,304170,4.0,Minor,69.0
TRK00548,Restless Daylight,Marble Sky,country,0.551,0.226,-40.0,119.884,0.395,178707,0.0,Major,38.0
TRK00160,Midnight Thunder,Cassette Club,rock,0.642,0.614,-27.23,105.266,0.284,196881,9.0,Minor,60.0
TRK00011,Electric Parade,Cassette Club,jazz,0.494,0.268,-40.0,114.417,0.248,289049,0.0,major,15.0
TRK00144,Cosmic Machine,The Quiet Year,hip-hop,0.526,0.517,-32.28,106.139,0.602,277991,0.0,Major,25.0
TRK00517,Echo Hearts,The Quiet Year,hip-hop,0.428,0.49,-29.26,102.51,0.588,132848,0.0,Major,4.0
TRK00427,Hollow Anthem,Glass Animals Jr,pop,0.805,0.654,-27.72,102.285,0.724,155705,2.0,Major,22.0
TRK00639,Midnight Lights,Northbound,rock,0.553,0.702,-24.8,133.293,0.429,147015,2.0,Minor,18.0
TRK00176,Distant Lights,Hollow Coves,pop,0.883,0.809,-20.46,110.789,0.568,248563,7.0,Major,14.0
TRK00440,Neon Dreams,The Wandering,rock,0.515,0.507,-29.77,149.617,0.692,190237,8.0,Minor,32.0
TRK00521,Midnight Avenue,The Paper Kites,hip-hop,0.49,0.694,-20.22,117.434,0.237,343917,8.0,Min,
TRK00791,Lonely Static,Glass Animals Jr,POP,0.741,0.524,-28.0,123.104,0.668,285943,10.0,Major,5.0
TRK00852,Velvet Rivers,Glass Animals Jr,r&b,0.673,0.403,-40.0,111.634,0.659,214007,6.0,minor,28.0
TRK00688,Distant Horizon,Saint Avenue,pop,0.748,0.878,-8.95,139.761,0.382,142654,10.0,Minor,56.0
TRK00231,Sapphire Dreams,Cassette Club,r&b,0.558,0.323,-40.0,104.516,0.644,219594,8.0,Major,14.0
TRK00210,Velvet Garden,Bright Harbor,pop,0.799,0.646,-23.83,149.216,0.473,246274,7.0,m,23.0
TRK00640,Broken Horizon,Ember Road,hip-hop,0.756,0.238,-40.0,96.174,0.337,310919,8.0,Minor,65.0
TRK00143,Midnight Dreams,The Paper Kites,rock,0.321,0.494,-35.1,145.917,0.636,156168,1.0,Minor,16.0
TRK00519,Midnight Avenue,Hollow Coves,r&b,0.529,0.679,-23.01,72.426,0.236,215451,7.0,Minor,53.0
TRK00195,Frozen Mirror,Ember Road,country,0.446,0.216,-40.0,98.769,0.622,161081,7.0,Minor,30.0
TRK00298,Wild Hearts,Cassette Club,hip-hop,0.721,0.177,-40.0,110.75,0.04,251972,1.0,Major,13.0
TRK00428,Electric Parade,Atlas & Ivy,rock,0.274,0.73,-19.92,125.129,0.471,225615,0.0,Major,60.0
TRK00612,Golden Mirror,Marble Sky,rock,0.5,0.619,-23.71,141.978,0.088,211129,10.0,Minor,38.0
TRK00840,Distant Dreams,Marble Sky,electronic,0.743,0.772,-13.24,160.242,0.408,217054,6.0,Major,25.0
TRK00008,Paper Hearts,Atlas & Ivy,pop,0.655,0.738,-18.64,142.165,0.482,183841,10.0,Major,16.0
TRK00156,Sapphire Static,The Wandering,hip-hop,0.755,0.443,-33.95,145.363,0.57,381388,4.0,Major,7.0
TRK00539,Electric Garden,Cassette Club,hip-hop,0.422,0.265,-40.0,61.88,0.497,149304,9.0,Major,67.0
TRK00506,Broken Dreams,The Wandering,country,0.641,0.333,-40.0,140.288,0.715,152686,0.0,Minor,74.0
TRK00436,Golden Static,Marble Sky,country,0.382,0.114,-40.0,114.223,0.789,189383,11.0,Major,
TRK00266,Distant Static,Atlas & Ivy,pop,0.556,0.788,-18.72,143.355,1.0,365487,5.0,Major,40.0
TRK00461,Broken Garden,Slow Tide,pop,0.334,0.713,-18.7,97.05,0.771,224940,3.0,Major,42.0
TRK00576,Midnight Dreams,Cassette Club,pop,0.583,0.685,-19.63,143.503,0.802,300300,1.0,Minor,26.0
TRK00338,Burning Daylight,Slow Tide,rock,0.576,0.91,-17.72,93.332,0.755,180882,7.0,Major,28.0
TRK00255,Paper Hearts,Lunar Tide,electronic,0.887,0.809,-20.2,150.129,0.474,216591,4.0,major,55.0
TRK00899,Broken Waves,Ember Road,hip-hop,0.481,0.246,-40.0,144.393,0.11,264939,10.0,Major,
TRK00771,Burning Summer,Northbound,electronic,0.564,0.844,-13.72,166.437,0.09,289609,11.0,Major,5.0
TRK00665,Silent Parade,Bright Harbor,electronic,0.792,0.948,-10.19,151.852,0.348,215191,9.0,Major,16.0
TRK00560,Restless Machine,The Quiet Year,electronic,0.584,0.672,-20.44,,0.461,227716,4.0,Major,34.0
TRK00208,Burning Garden,Cassette Club,rock,0.759,0.446,-40.0,134.026,0.193,216975,9.0,Major,
TRK00287,Wild Hearts,Atlas & Ivy,pop,0.364,0.977,-0.47,114.284,0.486,224196,11.0,Min,11.0
TRK00001,Neon Waves,Cassette Club,hip-hop,0.64,0.3,-40.0,94.976,0.615,268429,0.0,Minor,21.0
TRK00341,Midnight Parade,Hollow Coves,rock,0.605,0.854,-14.53,158.417,0.669,194097,3.0,Major,2.0
TRK00269,Midnight Gravity,Foxglove,hip-hop,0.647,0.369,-38.19,148.903,0.503,223326,4.0,Major,13.0
TRK00265,Lonely Horizon,Atlas & Ivy,pop,0.522,0.909,-16.63,144.518,0.355,148740,10.0,Major,48.0
TRK00739,Paper Compass,Marble Sky,country,0.262,0.507,-31.21,82.878,0.936,224529,9.0,Major,28.0
TRK00818,Distant Shadows,Marble Sky,pop,0.446,0.776,-21.38,116.803,0.595,266168,7.0,Major,34.0
TRK00095,Frozen Ghosts,Northbound,electronic,0.316,0.66,-28.45,112.168,0.237,197807,6.0,Major,21.0
TRK00877,Electric Rivers,Saint Avenue,r&b,0.718,0.168,-40.0,91.067,0.305,130938,0.0,Major,24.0
TRK00042,Silent Static,The Wandering,electronic,0.827,0.528,-32.99,83.847,0.693,103330,3.0,Major,27.0
TRK00729,Burning Machine,Atlas & Ivy,electronic,0.661,0.757,-19.19,157.35,0.679,233310,2.0,Minor,
TRK00006,Midnight Hearts,Glass Animals Jr,rock,0.558,0.787,-19.26,140.08,0.643,258536,6.0,Major,23.0
TRK00755,Golden Garden,Marble Sky,country,0.634,0.239,-40.0,113.29,0.589,299845,10.0,Major,22.0
TRK00628,Lonely Hearts,The Paper Kites,hip-hop,0.785,0.285,-40.0,104.737,0.311,282174,1.0,Major,62.0
TRK00045,Wild Mirror,Saint Avenue,country,0.325,0.528,-28.68,139.15,0.725,274066,5.0,Minor,23.0
TRK00161,Silent Avenue,The Quiet Year,rock,0.487,0.219,-40.0,122.794,0.638,229660,7.0,Major,4.0
TRK00727,Paper Avenue,Slow Tide,pop,0.871,0.789,-10.66,52.113,0.568,175882,11.0,Major,16.0
TRK00629,Silent Hearts,Violet Hour,pop,0.69,0.682,-24.87,58.731,0.773,227163,11.0,Major,58.0
TRK00288,Electric Dreams,The Paper Kites,rock,0.692,0.702,-20.67,150.515,0.125,226312,7.0,Minor,19.0
TRK00589,Electric Rivers,Slow Tide,electronic,0.854,0.582,-24.07,119.66,0.613,169436,6.0,Minor,19.0
TRK00811,Neon Garden,The Wandering,rock,0.478,0.601,-25.56,114.93,0.814,194389,1.0,Major,54.0
TRK00862,Hollow Horizon,Saint Avenue,hip-hop,0.487,0.509,-29.72,110.919,0.461,289367,6.0,Major,22.0
TRK00575,Distant Rivers,Lunar Tide,electronic,0.48,0.479,-31.39,70.93,0.481,177631,5.0,Minor,19.0
TRK00315,Sunset Daylight,Northbound,pop,0.755,0.624,-27.05,118.829,0.627,217073,2.0,m,22.0
TRK00230,Echo Lights,Ember Road,POP,0.839,0.775,-15.68,159.551,0.442,279184,2.0,Major,44.0
TRK00698,Crimson Waves,Glass Animals Jr,pop,0.368,0.702,-21.04,140.077,0.769,181533,5.0,Minor,36.0
TRK00749,Lonely Ghosts,Atlas & Ivy,hip-hop,0.773,0.165,-40.0,112.378,0.278,143616,,major,13.0
TRK00711,Cosmic Garden,Northbound,hip-hop,0.447,0.209,-40.0,84.627,0.685,132922,3.0,Minor,37.0
TRK00076,Cosmic Summer,Ember Road,rock,0.617,0.69,-23.02,178.592,0.223,213239,2.0,major,
TRK00633,Silent Hearts,Atlas & Ivy,r&b,0.31,0.415,-35.41,97.546,0.26,246902,1.0,Minor,10.0
TRK00881,Velvet Daylight,Bright Harbor,pop ,0.844,0.763,-16.42,114.364,0.596,162591,10.0,Major,49.0
TRK00247,Paper Horizon,Atlas & Ivy,electronic,0.519,0.722,-18.3,102.19,0.85,119027,5.0,Major,38.0
TRK00476,Sunset Avenue,The Quiet Year,electronic,0.466,0.853,-11.88,155.011,0.479,203259,7.0,Minor,39.0
TRK00670,Electric Waves,Ember Road,rock,0.282,0.86,-11.81,156.02,0.698,284790,0.0,Major,60.0
TRK00085,Frozen Avenue,The Quiet Year,r&b,0.304,0.558,-23.68,138.29,0.623,204156,5.0,Minor,61.0
TRK00469,Crimson Lights,Marble Sky,classical,0.658,0.373,-40.0,137.222,0.687,249698,3.0,Min,20.0
TRK00225,Velvet Avenue,Lunar Tide,pop,0.535,0.875,-8.15,123.62,0.916,127972,8.0,minor,27.0
TRK00331,Lonely Horizon,Violet Hour,hip-hop,0.924,0.419,-38.48,182.866,0.327,190527,0.0,Major,35.0
TRK00233,Hollow Machine,Hollow Coves,hip-hop,0.407,0.581,-29.21,92.773,0.571,175443,8.0,Major,19.0
TRK00588,Burning Waves,Slow Tide,pop,0.481,0.591,-26.84,84.635,0.381,139985,8.0,Major,38.0
TRK00475,Echo Compass,Foxglove,rock,0.336,0.599,-26.52,113.143,0.302,1920000,1.0,Major,21.0
TRK00810,Frozen Daylight,Hollow Coves,rock,0.607,0.574,-28.12,111.131,0.503,302930,5.0,Minor,37.0
TRK00792,Burning Waves,Marble Sky,EDM,0.744,0.221,-40.0,116.217,0.458,217269,7.0,Major,39.0
TRK00599,Cosmic Lights,The Quiet Year,electronic,0.208,0.268,-40.0,120.263,0.374,271973,8.0,Major,37.0
TRK00421,Hollow Summer,Hollow Coves,hip-hop,0.65,0.532,-28.28,115.944,0.376,177423,6.0,Major,24.0
TRK00687,Sunset Avenue,The Paper Kites,rock,0.42,0.693,-23.43,134.862,0.253,292595,6.0,Minor,24.0
TRK00182,Wild Machine,The Quiet Year,jazz,0.529,0.343,-40.0,104.923,0.446,225284,6.0,major,9.0
TRK00617,Neon Horizon,Cassette Club,country,0.324,0.53,-34.75,,0.828,213259,5.0,Minor,16.0
TRK00332,Echo Hearts,Lunar Tide,pop,0.79,0.577,-24.04,97.103,0.772,217522,1.0,Minor,16.0
TRK00438,Cosmic Shadows,Ember Road,hiphop,0.855,0.296,-40.0,76.725,0.365,188942,9.0,Minor,41.0
TRK00049,Lonely Parade,Ember Road,rock,0.226,0.769,-16.63,113.998,0.571,232748,2.0,Major,16.0
TRK00005,Crimson Lights,Glass Animals Jr,classical,0.248,0.422,-39.99,65.036,0.525,378778,0.0,Minor,
TRK00529,Echo Waves,Saint Avenue,electronic,0.55,0.505,-34.73,128.084,0.31,239011,10.0,Minor,40.0
TRK00234,Lonely Lights,Violet Hour,pop,0.742,0.65,-24.76,154.192,0.636,262363,8.0,Major,42.0
TRK00486,Sapphire Mirror,The Wandering,hiphop,0.502,0.286,-40.0,133.237,0.587,259974,11.0,M,41.0
TRK00820,Burning Daylight,Violet Hour,pop,0.528,0.424,-35.83,170.466,0.954,126675,1.0,Maj,14.0
TRK00497,Broken Anthem,The Quiet Year,rock,0.276,0.614,-27.2,100.406,0.308,164727,10.0,Minor,44.0
TRK00816,Frozen Waves,Lunar Tide,pop,0.642,0.703,-22.34,112.748,0.715,234351,2.0,Minor,36.0
TRK00106,Silent Summer,Slow Tide,pop,0.652,0.616,-30.98,157.225,0.739,241636,4.0,Major,6.0
TRK00443,Sunset Anthem,Lunar Tide,pop,0.709,0.952,-5.27,98.499,0.696,274271,0.0,Major,23.0
TRK00488,Golden Mirror,Northbound,electronic,0.128,0.595,-28.99,102.17,0.624,240618,0.0,Minor,13.0
TRK00646,Sapphire Rivers,Glass Animals Jr,hip-hop,0.672,0.353,-40.0,110.204,0.299,117691,0.0,Major,25.0
TRK00012,Hollow Rivers,Glass Animals Jr,pop,0.644,0.652,-23.34,194.983,0.756,284487,8.0,Major,69.0
TRK00738,Midnight Parade,Marble Sky,hip-hop,0.691,0.442,-35.36,103.006,0.288,182016,10.0,Major,22.0
TRK00726,Restless Daylight,Saint Avenue,jazz,0.813,0.223,-40.0,88.747,0.624,277935,10.0,Major,44.0
TRK00190,Lonely Summer,Foxglove,rock,0.255,0.675,-23.09,128.281,0.869,187002,1.0,Major,34.0
TRK00858,Electric Summer,Ember Road,jazz,0.59,0.39,-39.34,110.185,0.149,297097,1.0,Minor,17.0
TRK00282,Echo Dreams,The Paper Kites,r&b,0.719,0.619,-26.59,99.623,0.294,232060,1.0,Minor,25.0
TRK00029,Neon Dreams,Violet Hour,pop,0.76,0.648,-20.92,113.674,0.986,180391,1.0,Minor,36.0
TRK00169,Crimson Machine,The Quiet Year,rock,0.775,0.764,-19.4,131.901,0.649,226171,9.0,Minor,31.0
TRK00180,Wild Waves,The Paper Kites,r&b,0.471,0.617,-22.75,98.443,0.48,246023,11.0,Minor,1.0
TRK00100,Crimson Ghosts,The Paper Kites,jazz,0.488,0.402,-30.48,136.88,0.592,239838,9.0,Major,
TRK00197,Sapphire Horizon,Lunar Tide,pop,0.688,0.522,-32.43,110.474,1.0,212459,5.0,Minor,27.0
TRK00495,Restless Thunder,Glass Animals Jr,classical,0.787,0.398,-35.01,132.884,0.214,245671,11.0,Minor,29.0
TRK00721,Midnight Rivers,Bright Harbor,electronic,0.7,0.693,-21.46,127.426,0.494,330304,5.0,Major,10.0
TRK00647,Silent Ghosts,Slow Tide,pop,0.528,0.672,-22.81,126.884,0.845,156376,2.0,Major,
TRK00886,Paper Gravity,Slow Tide,country,0.557,0.535,-28.0,142.065,0.912,163433,3.0,Minor,58.0
TRK00845,Neon Mirror,Ember Road,country,0.194,0.568,-27.76,101.129,0.452,230067,1.0,Major,30.0
TRK00710,Sapphire Dreams,Lunar Tide,electronic,0.679,0.544,-31.55,158.607,0.789,241932,2.0,Major,26.0
TRK00373,Golden Mirror,Saint Avenue,electronic,0.78,0.799,-14.83,99.061,0.786,248601,5.0,Major,13.0
TRK00678,Lonely Daylight,The Quiet Year,jazz,0.502,0.207,-40.0,96.697,0.631,210964,6.0,Major,
TRK00806,Hollow Mirror,Bright Harbor,classical,0.636,0.572,-27.99,147.985,0.352,242824,2.0,Minor,10.0
TRK00648,Electric Mirror,Foxglove,rock,0.21,0.441,-32.6,113.172,0.425,181659,10.0,Minor,68.0
TRK00797,Golden Hearts,Northbound,classical,0.832,0.528,-34.16,70.155,0.416,136439,1.0,Minor,58.0
TRK00460,Midnight Avenue,The Paper Kites,pop,0.504,0.751,-16.8,121.437,0.676,210670,10.0,Minor,36.0
TRK00413,Silent Static,Violet Hour,electronic,0.762,0.854,-8.95,102.138,0.5,222846,10.0,Major,14.0
TRK00131,Midnight Parade,Atlas & Ivy,pop,0.627,0.863,-14.65,122.476,0.707,170759,0.0,Major,0.0
TRK00039,Sunset Horizon,Ember Road,jazz,0.488,0.46,-35.57,73.584,0.331,187486,1.0,major,
TRK00434,Paper Garden,Saint Avenue,classical,0.53,0.4,-39.9,76.925,0.416,201689,1.0,Minor,29.0
TRK00215,Distant Gravity,Saint Avenue,hip-hop,0.675,0.238,-40.0,154.873,0.518,161259,6.0,Minor,25.0
TRK00555,Electric Mirror,Glass Animals Jr,pop ,0.872,0.685,-23.97,105.135,0.663,236362,8.0,M,22.0
TRK00566,Cosmic Summer,Bright Harbor,hip-hop,0.451,0.253,-40.0,147.877,0.268,233917,0.0,Major,6.0
TRK00762,Echo Gravity,Glass Animals Jr,hip-hop,0.781,0.267,-40.0,111.523,0.64,285926,3.0,M,3.0
TRK00474,Frozen Mirror,Foxglove,pop,0.672,0.65,-27.02,59.336,0.897,179054,6.0,Minor,35.0
TRK00456,Golden Parade,Northbound,rock,0.277,0.644,-24.16,99.296,0.554,306372,5.0,Major,41.0
TRK00260,Sunset Machine,Slow Tide,rock,0.588,0.88,-12.42,128.211,0.545,141325,8.0,Major,15.0
TRK00035,Broken Lights,Marble Sky,hiphop,0.808,0.367,-36.08,153.675,0.319,141965,10.0,Major,57.0
TRK00309,Broken Rivers,Foxglove,hip-hop,0.416,0.204,-40.0,113.949,0.392,238402,6.0,Major,
TRK00276,Restless Hearts,Atlas & Ivy,hip-hop,0.572,0.683,-23.58,124.944,0.664,342094,3.0,minor,31.0
TRK00636,Sapphire Hearts,The Quiet Year,r&b,0.888,0.593,-29.74,123.034,0.538,243476,8.0,Major,21.0
TRK00654,Golden Compass,Northbound,pop,0.508,0.701,-25.86,76.949,0.719,118384,10.0,Major,54.0
TRK00622,Frozen Parade,Hollow Coves,pop,0.722,0.841,-14.18,152.015,0.637,224537,3.0,Major,54.0
TRK00393,Golden Mirror,Foxglove,rock,0.662,0.83,-13.35,152.303,0.775,166893,5.0,Major,27.0
TRK00854,Midnight Avenue,The Quiet Year,country,0.399,0.638,-29.21,111.007,0.495,168194,5.0,Minor,48.0
TRK00107,Broken Machine,Glass Animals Jr,hip-hop,0.373,0.294,-40.0,153.831,0.274,162753,8.0,Major,7.0
TRK00860,Midnight Anthem,Marble Sky,rock,0.569,0.86,-13.5,119.803,0.169,208238,7.0,Major,
TRK00524,Velvet Thunder,Atlas & Ivy,hip-hop,0.757,0.419,-38.4,101.36,0.174,128522,8.0,Major,23.0
TRK00784,Echo Mirror,Slow Tide,classical,0.378,0.393,-36.53,114.746,0.341,204190,11.0,Major,7.0
TRK00047,Distant Thunder,Lunar Tide,pop,0.628,0.615,-28.65,87.878,0.452,195967,8.0,Major,29.0
TRK00203,Restless Summer,Foxglove,jazz,0.533,0.538,-34.65,76.22,0.573,305930,2.0,Major,38.0
TRK00842,Burning Hearts,Atlas & Ivy,pop,0.582,0.543,-27.39,179.505,0.572,310659,9.0,Major,
TRK00631,Crimson Parade,Lunar Tide,rock,0.594,0.659,-25.59,115.921,0.608,290705,6.0,Minor,0.0
TRK00021,Frozen Rivers,Atlas & Ivy,electronic,0.353,0.743,-21.13,131.916,0.542,236351,3.0,Major,28.0
TRK00402,Sapphire Static,Ember Road,electronic,0.467,0.597,-25.58,136.05,0.474,214869,9.0,Minor,11.0
TRK00083,Distant Gravity,Northbound,hip-hop,0.704,0.593,-27.44,121.076,0.687,251961,3.0,Minor,13.0
TRK00130,Restless Gravity,Lunar Tide,classical,0.389,0.366,-35.92,53.796,0.469,163597,9.0,major,29.0
TRK00415,Burning Thunder,Saint Avenue,rock,0.477,0.728,-17.08,128.28,0.595,301529,8.0,Minor,
TRK00741,Frozen Machine,The Paper Kites,rock,0.458,0.763,-20.2,167.332,0.809,143357,9.0,Minor,53.0
TRK00697,Frozen Anthem,Cassette Club,pop,0.58,0.548,-32.03,129.604,0.694,163578,5.0,Major,20.0
TRK00286,Lonely Machine,Violet Hour,country,0.587,0.348,-38.78,90.168,0.579,179527,3.0,Minor,19.0
TRK00123,Sunset Lights,Marble Sky,rock,0.125,0.675,-15.53,102.494,0.29,217891,10.0,Major,31.0
TRK00033,Golden Hearts,Violet Hour,r&b,0.78,0.173,-40.0,140.629,0.606,188339,10.0,Minor,19.0
TRK00888,Paper Mirror,The Wandering,country,0.466,0.409,-40.0,91.601,0.68,165170,6.0,Major,43.0
TRK00516,Electric Garden,Northbound,hip-hop,0.82,0.098,-40.0,,0.599,260441,6.0,Maj,
TRK00019,Lonely Horizon,Violet Hour,classical,0.339,0.776,-17.84,156.466,0.701,283167,6.0,Min,47.0
TRK00843,Velvet Waves,Cassette Club,rock,0.209,0.888,-12.66,94.693,0.357,229242,11.0,Minor,
TRK00219,Lonely Thunder,The Paper Kites,country,0.113,0.637,-25.82,143.132,0.777,219384,4.0,Min,55.0
TRK00017,Wild Machine,Ember Road,rock,0.368,0.726,-18.62,0.0,0.632,276382,1.0,Major,32.0
TRK00481,Distant Daylight,The Paper Kites,hip-hop,0.452,0.503,-35.11,146.796,0.238,265497,2.0,Major,37.0
TRK00356,Restless Thunder,Northbound,r&b,0.548,0.14,-40.0,122.257,0.361,189812,7.0,Major,13.0
TRK00661,Wild Daylight,Glass Animals Jr,hip-hop,0.716,0.107,-40.0,151.27,0.416,182771,9.0,Major,4.0
TRK00224,Frozen Thunder,Hollow Coves,jazz,0.407,0.341,-39.33,90.48,0.257,201391,7.0,Major,18.0
TRK00759,Hollow Hearts,Lunar Tide,electronic,0.536,0.672,-18.06,116.318,0.582,192885,3.0,Major,17.0
TRK00092,Hollow Waves,Bright Harbor,jazz,0.163,0.514,-31.08,119.457,0.273,223072,0.0,Minor,36.0
TRK00151,Cosmic Shadows,Northbound,pop,0.764,0.521,-30.82,116.697,0.804,145814,6.0,Major,14.0
TRK00894,Sunset Machine,Lunar Tide,hip-hop,0.556,0.524,-32.19,107.267,0.241,394951,2.0,Minor,14.0
TRK00317,Electric Hearts,Saint Avenue,jazz,0.519,0.384,-33.72,141.424,0.287,214578,0.0,Major,26.0
TRK00448,Broken Avenue,Foxglove,electronic,0.7,0.451,-35.95,113.22,0.148,163389,9.0,Minor,25.0
TRK00803,Sapphire Avenue,Atlas & Ivy,hip-hop,0.597,0.658,-32.54,98.468,0.479,224005,1.0,Major,35.0
TRK00745,Restless Machine,Cassette Club,hip-hop,0.64,0.146,-40.0,116.83,0.109,140143,2.0,Major,20.0
TRK00522,Broken Static,Saint Avenue,pop,0.702,0.714,-19.34,84.882,0.536,286876,1.0,Major,7.0
TRK00279,Midnight Ghosts,Slow Tide,country,0.224,0.367,-40.0,50.0,0.788,150939,8.0,Major,26.0
TRK00583,Velvet Hearts,The Quiet Year,rock,0.546,0.605,-21.8,86.576,0.47,302546,8.0,Major,27.0
TRK00764,Paper Hearts,The Quiet Year,jazz,0.369,0.784,-18.64,147.253,0.594,246020,7.0,Major,14.0
TRK00604,Silent Parade,Northbound,hip-hop,0.819,0.595,-25.01,52.689,0.202,164627,5.0,Minor,26.0
TRK00349,Frozen Summer,Violet Hour,country,0.481,0.625,-28.16,110.848,0.595,135570,0.0,Major,33.0
TRK00374,Neon Summer,Violet Hour,classical,0.467,0.508,-30.13,103.37,0.36,250906,2.0,Minor,21.0
TRK00400,Sunset Rivers,Hollow Coves,POP,0.344,0.695,-26.68,103.392,0.484,195318,11.0,Minor,55.0
TRK00704,Lonely Daylight,Slow Tide,jazz,0.175,0.513,-36.48,88.916,0.618,223273,10.0,major,33.0
TRK00257,Golden Summer,Hollow Coves,classical,0.118,0.551,-30.76,142.021,0.168,157187,7.0,Major,46.0
TRK00851,Burning Anthem,Glass Animals Jr,hip-hop,0.334,0.57,-28.1,113.339,0.328,215984,3.0,Minor,12.0
TRK00072,Echo Parade,Northbound,pop,0.775,0.307,-40.0,125.369,0.784,124164,6.0,Minor,34.0
TRK00195,Frozen Mirror,Ember Road,country,0.446,0.216,-40.0,98.769,0.622,161081,7.0,Minor,30.0
TRK00483,Broken Anthem,Slow Tide,r&b,0.402,0.554,-30.98,145.701,0.527,180789,9.0,Major,41.0
TRK00855,Lonely Lights,Bright Harbor,classical,0.672,0.439,-39.18,104.899,0.332,204297,5.0,Major,16.0
TRK00137,Burning Parade,The Wandering,rock,0.35,0.801,-12.24,163.575,0.686,157859,2.0,Major,
TRK00494,Velvet Compass,Violet Hour,pop,0.741,0.594,-27.87,108.996,0.366,151390,4.0,Major,17.0
TRK00772,Cosmic Horizon,Hollow Coves,classical,0.698,0.256,-40.0,126.764,0.739,241133,1.0,Major,24.0
TRK00550,Sunset Static,The Paper Kites,hip-hop,0.628,0.364,-34.97,134.886,0.088,133986,11.0,Minor,19.0
TRK00462,Wild Parade,Glass Animals Jr,electronic,0.549,0.556,-31.15,136.021,0.769,311820,9.0,Minor,9.0
TRK00201,Sapphire Static,Foxglove,pop,0.649,0.575,-29.58,128.362,0.494,119416,1.0,Major,36.0
TRK00312,Paper Horizon,The Quiet Year,rock,0.784,0.664,-27.52,115.95,0.491,209648,10.0,Major,41.0
TRK00290,Restless Waves,The Quiet Year,jazz,0.255,0.407,-37.37,90.684,0.565,242317,3.0,Major,4.0
TRK00189,Echo Lights,The Wandering,jazz,0.528,0.575,-26.44,,0.769,312893,10.0,Major,42.0
TRK00763,Crimson Waves,The Quiet Year,rock,0.782,0.918,-8.98,97.865,0.621,160337,10.0,Major,39.0
TRK00112,Cosmic Compass,The Quiet Year,country,0.258,0.374,-40.0,82.977,0.588,239040,0.0,Major,31.0
TRK00183,Frozen Summer,Lunar Tide,electronic,0.888,0.702,-23.42,103.879,0.022,180724,8.0,Major,26.0
TRK00152,Hollow Parade,Ember Road,r&b,0.276,0.734,-16.13,102.52,0.054,195822,5.0,Minor,5.0
TRK00824,Distant Gravity,Hollow Coves,pop,0.725,0.901,-6.47,80.7,0.837,148587,4.0,Major,8.0
TRK00325,Golden Waves,Bright Harbor,electronic,0.55,0.623,-26.64,106.728,0.395,189048,4.0,Minor,30.0
TRK00703,Hollow Summer,The Quiet Year,jazz,0.365,0.413,-40.0,71.412,0.69,231824,0.0,Major,17.0
TRK00044,Silent Parade,Atlas & Ivy,rock,0.357,0.471,-32.34,87.661,0.561,220901,1.0,Minor,52.0
TRK00444,Neon Gravity,Foxglove,electronic,0.431,0.729,-23.18,129.987,0.461,187661,10.0,Maj,37.0
TRK00787,Cosmic Thunder,Bright Harbor,hip-hop,0.648,0.467,-29.89,50.0,0.329,224307,3.0,Minor,14.0
TRK00006,Midnight Hearts,Glass Animals Jr,rock,0.558,0.787,-19.26,140.08,0.643,258536,6.0,Major,23.0
TRK00250,Cosmic Gravity,Violet Hour,hip-hop,0.531,0.288,-40.0,,0.656,169280,3.0,Major,24.0
TRK00823,Electric Machine,The Paper Kites,electronic,0.881,0.86,-11.63,135.924,0.363,206762,11.0,Major,17.0
TRK00075,Crimson Static,The Paper Kites,EDM,0.669,0.7,-23.05,131.174,0.584,164521,1.0,Minor,3.0
TRK00512,Velvet Ghosts,The Wandering,pop,0.647,0.74,-19.07,113.252,0.788,404132,2.0,major,24.0
TRK00391,Broken Rivers,Atlas & Ivy,pop,0.778,0.828,-14.48,87.491,0.588,304074,8.0,Minor,23.0
TRK00895,Burning Hearts,Lunar Tide,rock,0.142,0.746,-18.61,75.822,0.456,362019,6.0,Minor,33.0
TRK00432,Sunset Shadows,Glass Animals Jr,rock,0.532,0.626,-21.36,129.594,0.264,242612,2.0,Major,4.0
TRK00068,Velvet Hearts,Northbound,electronic,0.647,0.857,-10.83,113.595,0.542,276990,11.0,Minor,10.0
TRK00167,Crimson Shadows,Glass Animals Jr,jazz,0.408,0.182,-40.0,95.804,0.021,246217,0.0,Major,
TRK00730,Burning Garden,The Quiet Year,electronic,0.492,0.925,-12.5,81.637,0.528,219006,3.0,Major,10.0
TRK00554,Neon Thunder,Slow Tide,r&b,0.549,0.375,-39.77,91.058,0.684,221167,7.0,Major,46.0
TRK00366,Restless Gravity,Atlas & Ivy,classical,0.389,0.687,-23.85,85.435,0.459,200628,10.0,Major,42.0
TRK00345,Sunset Summer,Glass Animals Jr,electronic,0.449,0.829,-14.22,136.029,0.634,180554,4.0,Major,
TRK00584,Wild Summer,The Paper Kites,Hip-Hop,0.911,0.229,-40.0,150.122,0.525,193965,9.0,Minor,14.0
TRK00535,Silent Mirror,Northbound,electronic,0.609,0.919,-8.81,158.697,0.684,241512,9.0,Major,10.0
TRK00398,Burning Compass,Violet Hour,jazz,0.567,0.603,-25.55,162.459,0.385,212870,2.0,Minor,36.0
TRK00185,Paper Garden,Glass Animals Jr,rock,0.58,0.761,-18.9,90.858,0.532,286725,9.0,Major,22.0
TRK00348,Paper Avenue,Northbound,jazz,0.499,0.604,-31.8,134.365,0.178,115548,5.0,Major,23.0
TRK00615,Burning Lights,Ember Road,classical,0.424,0.312,-40.0,102.688,0.299,265290,1.0,Major,17.0
TRK00211,Midnight Gravity,Ember Road,country,0.349,0.078,-40.0,128.596,0.343,228667,7.0,Major,
TRK00579,Echo Daylight,Glass Animals Jr,hip-hop,0.533,0.266,-38.24,99.956,0.466,220477,9.0,Major,26.0
TRK00502,Lonely Gravity,The Quiet Year,rock,0.133,0.757,-20.0,112.755,0.391,168150,5.0,Major,49.0
TRK00537,Crimson Static,Violet Hour,rock,0.651,0.738,-24.2,166.135,0.434,198435,5.0,Major,21.0
TRK00196,Midnight Ghosts,Saint Avenue,electronic,0.722,0.646,-28.37,124.63,0.573,187453,5.0,Minor,8.0
TRK00175,Electric Shadows,Saint Avenue,pop,0.428,0.971,-10.82,118.797,0.244,160915,11.0,Minor,63.0
