customer_id,gender,senior_citizen,partner,tenure_months,contract,internet_service,payment_method,monthly_charges,total_charges,churn
C7344,F,0,No,8,One year,Fiber optic,Bank transfer,82.22,630.62,Yes
C7431,Female,0,Yes,47,Month-to-month,DSL,Credit card,105.59,4934.90,no
C7409,Female,1,Yes,72,one year,No,Electronic check,83.69,6055.88,No
C7101,Female,0,No,70,Two year,DSL,Credit card,47.16,3282.86,No
C7020,Female,0,No,67,Month-to-month,No,Bank transfer,19.31,1269.79,No
C7080,Female,1,No,7,Two year,No,Bank transfer,104.36,733.56,no
C7535,Male,0,Yes,42,One year,DSL,Mailed check,20.38,900.34,No
C7250,Male,0,No,27,One year,DSL,Credit card,46.34,1298.45,Yes
C7689,Female,0,No,8,Month-to-month,No,Electronic check,76.23,548.38,No
C7099,Female,Yes,No,48,Two year,Fiber optic,Bank transfer,19.86,893.73,No
C7458,Female,0,No,36,Month-to-month,Fiber optic,Bank transfer,68.88,2496.49,Yes
C7182,Male,Yes,No,21,Month-to-month,No,Electronic check,75.23,1516.12,yes
C7107,Male,0,Yes,57,One year,DSL,Bank transfer,32.02,1829.76,No
C7703,Male,0,No,54,Two year,Fiber optic,Electronic check,112.79,6072.74,No
C7452,F,0,Yes,67,One year,Fiber optic,Bank transfer,77.38,5134.29,No
C7667,Male,1,Yes,67,One year,Fiber optic,Mailed check,91.06,6135.38,0
C7754,Male,0,No,68,Month-to-month,Fiber optic,Electronic check,97.37,6633.25,No
C7128,Male,0,No,19,month-to-month,DSL,Credit card,76.77,1449.97,Y
C7623,Female,0,No,29,Two year,DSL,Credit card,97.07,2794.90,Yes
C7198,F,0,No,54,One year,Fiber optic,Bank transfer,90.35,4942.68,No
C7453,F,0,Yes,19,Month-to-month,DSL,Bank transfer,35.3, ,No
C7388,Male,0,Yes,11,Two year,Fiber optic,Mailed check,101.36,1106.61,No
C7226,Female,0,Yes,50,Month-to-Month,Fiber optic,Bank transfer,26.84,1316.69,No
C7295,Male,0,Yes,38,Month-to-month,DSL,Mailed check,44.86,1738.91,No
C7735,Male,1,No,69,Month-to-month,DSL,Electronic check,59.65,4128.35,No
C7606,Male,0,No,52,Month-to-month,No,Mailed check,47.44,2487.92,No
C7067,Female,0,Yes,37,Two year,Fiber optic,Mailed check,60.4,2197.59,No
C7158,Male,0,No,9,Two year,DSL,Mailed check,47.27,492.19,No
C7300,Female,0,Yes,37,One year,Fiber optic,Electronic check,50.9,1905.08,No
C7717,Female,0,No,17,Month-to-month,DSL,Electronic check,111.58,1907.20,Yes
C7232,Male,Yes,Yes,48,month-to-month,No,Credit card,54.23,2615.80,No
C7743,Female,Yes,No,6,Month-to-Month,No,Bank transfer,67.87,,yes
C7335,Male,0,No,11,One year,Fiber optic,Mailed check,80.36,918.88,yes
C7376,F,1,Yes,27,Month-to-month,DSL,Bank transfer,27.8,782.30,Yes
C7333,Male,0,No,4,Month-to-month,fiber optic,Bank transfer,20.04,,no
C7342,Female,0,No,9,Two year,No,Electronic check,33.6,339.39,Yes
C7089,Male,Yes,Yes,45,Month-to-month,DSL,Credit card,97.92,4424.31,No
C7714,Female,0,Yes,38,Month-to-month,No,Credit card,40.74,1577.00,Yes
C7462,Female,1,Yes,11,Two year,DSL,Credit card,53.21,632.06,No
C7272,Male,1,No,52,Month-to-month,Fiber optic,Bank transfer,87.95,4621.54,0
C7581,Male,0,No,20,Two year,Fiber optic,Credit card,69.72,1389.90,No
C7494,Female,0,Yes,39,Month-to-month,Fiber optic,Electronic check,33.92,1336.09,yes
C7397,Male,0,Yes,58,Month-to-month,DSL,Electronic check,54.45,3123.97,No
C7610,Female,0,No,29,Two year,Fiber optic,Electronic check,39.42,1136.49,No
C7101,Female,0,No,70,Two year,DSL,Credit card,47.16,3282.86,No
C7575,Male,0,No,61,Two year,Fiber optic,Bank transfer,36.51,2286.27,No
C7068,Male,Yes,No,51,Two year,fiber optic,Credit card,27.86,1425.37,No
C7199,Female,0,No,38,Two year,No,Electronic check,108.95,4146.39,No
C7425,Male,0,Yes,72,Month-to-month,No,Mailed check,51.66,3735.07,No
C7698,Male,1,Yes,13,Two year,Fiber optic,Credit card,90.27,1139.26,No
C7018,Female,0,No,62,Month-to-Month,No,Mailed check,111.2,6959.18,Yes
C7077,male,Yes,No,58,One year,fiber optic,Mailed check,64.35,3757.02,No
C7022,Male,0,Yes,72,Month-to-month,Fiber optic,Mailed check,55.01, ,no
C7062,Male,0,Yes,71,Two year,Fiber optic,Electronic check,80.88,5762.73,No
C7470,M,0,Yes,14,month-to-month,Fiber optic,Mailed check,104.72,1491.28,1
C7019,Male,0,No,65,One year,DSL,Electronic check,87.93,5700.25,No
C7726,Female,1,No,42,one year,DSL,Electronic check,115.51,4872.40,No
C7015,Female,0,No,49,Two year,No,Mailed check,98.79,4913.88,No
C7692,Male,1,Yes,10,Two year,fiber optic,Mailed check,60.16,640.96,Y
C7178,Male,0,Yes,64,Two year,DSL,Electronic check,41.92,2656.08,No
C7273,Male,0,Yes,64,Month-to-month,Fiber optic,Electronic check,48.05,3069.33,No
C7141,Female,Yes,Yes,69,Two year,Fiber optic,Electronic check,19.42,1358.07,No
C7436,F,0,No,10,one year,DSL,Bank transfer,58.13,565.58,Yes
C7691,Male,0,No,20,Month-to-month,Fiber optic,Credit card,79.67,1590.65,Yes
C7176,Male,0,Yes,10,Two year,DSL,Electronic check,83.4,797.53,No
C7037,M,0,No,21,One year,No,Electronic check,102.25,2187.52,No
C7557,Female,0,No,12,Two year,No,electronic check,64.48,787.40,No
C7030,Male,1,No,57,month-to-month,DSL,Credit card,102.87,5928.31,No
C7212,Female,0,Yes,44,Month-to-month,Fiber optic,Credit card,114.87,5004.48,No
C7386,Male,0,No,32,Month-to-month,Fiber optic,Electronic check,55.05,,No
C7429,M,0,No,23,One year,Fiber optic,Mailed check,27.1,631.15,Y
C7129,Male,No,No,68,One year,DSL,Mailed check,23.18,1609.07,No
C7595,Female,0,No,48,Month-to-month,fiber optic,Electronic check,98.6,4667.26,Yes
C7377,Female,1,Yes,59,Month-to-month,DSL,Credit card,77.03,4486.28,Yes
C7684,Male,0,Yes,27,Month-to-month,Fiber optic,Bank transfer,38.18,975.00,No
C7314,Male,0,Yes,62,One year,Fiber optic,Credit card,103.09,6444.30,No
C7183,Female,0,Yes,22,One year,Fiber optic,Bank transfer,71.91,1635.19,No
C7677,Male,Yes,No,55,Month-to-month,Fiber optic,Mailed check,18.92,1087.64,0
C7533,Female,0,Yes,44,One year,Fiber optic,Bank transfer,33.65,1466.67,No
C7374,Male,1,Yes,10,Month-to-month,Fiber optic,Bank transfer,37.79,438.31,No
C7443,F,0,No,30,one year,fiber optic,Bank transfer,61.73,1839.19,No
C7109,Male,1,No,40,Month-to-month,No,Bank transfer,38.0,1569.75,N
C7275,Female,0,No,20,Month-to-month,Fiber optic,Bank transfer,69.49,1381.72,Y
C7236,Male,Yes,No,52,One year,DSL,Mailed check,100.27,5251.07,No
C7365,Female,0,Yes,69,month-to-month,No,Bank transfer,114.92,7869.26,No
C7496,Female,1,Yes,47,one year,No,Bank transfer,31.46,1463.24,No
C7656,F,0,Yes,70,Two year,No,Bank transfer,67.68,4717.87,No
C7751,Female,Yes,No,36,one year,fiber optic,Bank transfer,37.1,1309.89,No
C7658,Male,1,No,2,Month-to-month,DSL,Mailed check,61.85,101.31,Yes
C7464,F,No,No,26,Two year,fiber optic,Electronic check,101.87,2567.29,No
C7554,male,0,Yes,53,Month-to-month,DSL,Mailed check,61.68,3272.28,No
C7074,Male,1,Yes,64,Month-to-Month,Fiber optic,Electronic check,63.38,4107.08,Yes
C7711,Male,0,No,64,Month-to-month,No,Bank transfer,86.45,5469.10,No
C7468,Female,0,No,2,Two year,DSL,Credit card,61.0,139.26,No
C7602,Female,1,Yes,15,Month-to-month,No,Bank transfer,26.48,354.90,Yes
C7718,Female,0,Yes,26,Month-to-month,DSL,Electronic check,24.19,627.18,Yes
C7553,Male,1,No,50,Two year,Fiber optic,Mailed check,80.04,4082.53,No
C7546,Female,0,Yes,8,One year,Fiber optic,Credit card,103.31,806.96,Yes
C7704,Female,Yes,No,10,One year,DSL,Mailed check,115.0,1114.34,Yes
C7660,M,0,No,17,Two year,fiber optic,Mailed check,65.39,1172.53,No
C7346,Male,No,No,52,Month-to-month,DSL,Bank transfer,103.46,5431.27,No
C7143,Male,0,No,1,Month-to-month,No,Electronic check,113.58,139.69,Yes
C7157,Male,0,No,17,Month-to-month,No,Credit card,32.48,529.15,No
C7519,M,0,Yes,48,Month-to-month,DSL,Credit card,25.32,1196.58,No
C7328,Female,0,No,56,Two year,Fiber optic,Credit card,109.73,6148.29,No
C7480,F,No,Yes,36,One year,Fiber optic,Electronic check,113.59,4152.09,No
C7001,Male,0,Yes,59,one year,Fiber optic,Electronic check,97.67,5794.53,No
C7137,F,1,No,51,One year,No,Bank transfer,18.39,1004.14,no
C7728,Male,0,No,40,Month-to-month,Fiber optic,Bank transfer,116.12,4602.58,Yes
C7617,Female,0,No,66,Month-to-month,DSL,Credit card,79.57,5211.42,no
C7311,Female,1,No,10,One year,Fiber optic,Credit card,100.35,1018.93,No
C7440,Male,0,No,44,Two year,DSL,Credit card,36.03,1615.85,0
C7185,Male,0,No,57,Month-to-month,No,Electronic check,108.25,6111.57,No
C7288,Female,0,No,70,Month-to-month,DSL,Credit card,59.11,4225.38,No
C7174,Female,0,Yes,16,month-to-month,No,Credit card,83.03,1311.28,Yes
C7181,Female,0,No,69,Month-to-month,No,Mailed check,71.09,4886.71,No
C7432,Male,0,Yes,42,Two year,DSL,Electronic check,86.09,3577.12,No
C7583,Female,0,No,17,One year,Fiber optic,Bank transfer,40.75,669.96,No
C7556,Female,0,Yes,30,Month-to-month,Fiber optic,Bank transfer,24.89,751.08,Yes
C7623,Female,0,No,29,Two year,DSL,Credit card,97.07,2794.90,Yes
C7571,F,0,Yes,59,Month-to-month,No,Bank transfer,91.18,5415.84,No
C7192,Male,0,Yes,5,Month-to-month,Fiber optic,Mailed check,77.47,420.38,Yes
C7573,Female,1,Yes,69,One year,Fiber optic,Bank transfer,59.33,4026.57,Yes
C7291,Male,0,Yes,0,Month-to-month,Fiber optic,Bank transfer,33.72,,yes
C7193,F,0,No,9,Month-to-month,No,Mailed check,78.09,850.25,No
C7600,Male,0,No,3,One year,Fiber optic,Electronic check,89.61,316.14,No
C7427,M,1,Yes,51,month-to-month,DSL,Electronic check,59.74,3058.10,No
C7213,Male,0,No,38,month-to-month,Fiber optic,Bank transfer,44.76,1709.90,no
C7471,F,Yes,Yes,15,Month-to-month,No,Bank transfer,25.64,355.86,No
C7621,Male,0,Yes,35,month-to-month,Fiber optic,Mailed check,28.61,957.07,Yes
C7744,Male,0,No,20,Month-to-month,DSL,Electronic check,38.58,832.16,No
C7172,Female,1,No,70,Month-to-month,DSL,Mailed check,86.44,6003.52,No
C7579,Female,1,No,43,Month-to-month,No,Electronic check,44.78,1936.20,no
C7322,Female,1,No,33,Month-to-month,Fiber optic,Electronic check,21.87,710.78,No
C7108,Female,0,Yes,48,Month-to-month,Fiber optic,Credit card,77.3,3704.36,Y
C7160,Female,0,No,51,Two year,Fiber optic,Credit card,19.41, ,no
C7499,M,1,No,3,Two year,No,Electronic check,111.84,315.04,No
C7142,Female,1,Yes,3,Month-to-month,DSL,Electronic check,94.5,254.59,Yes
C7729,Male,0,No,19,one year,No,Credit card,113.79,2124.63,Yes
C7267,Male,0,No,48,Two year,fiber optic,Bank transfer,23.0,1108.08,No
C7204,M,0,Yes,67,Month-to-month,Fiber optic,Bank transfer,34.28,2316.95,No
C7146,Female,1,No,63,One year,DSL,Credit card,58.36,3685.17,No
C7707,Female,1,Yes,66,Month-to-month,Fiber optic,Credit card,42.92,2749.99,No
C7521,Female,0,No,12,Month-to-month,DSL,electronic check,43.91,536.77,Yes
C7231,Male,0,No,70,Month-to-month,No,Mailed check,116.39,8146.21,Yes
C7662,Male,0,No,54,Month-to-month,No,Electronic check,104.32,5636.91,No
C7297,Male,No,Yes,55,Month-to-month,Fiber optic,electronic check,59.88,3303.94,No
C7646,Male,0,Yes,48,One year,DSL,Mailed check,69.16,3332.34,0
C7279,male,No,No,63,Month-to-month,fiber optic,Electronic check,43.8,,No
C7514,Female,0,Yes,48,One year,DSL,Credit card,49.56,2349.07,no
C7330,Female,0,Yes,4,Two year,DSL,Electronic check,78.11,333.03,Yes
C7694,Female,0,No,66,Two year,DSL,Electronic check,89.11,5886.09,0
C7305,Male,0,Yes,37,Month-to-month,Fiber optic,Credit card,18.69,733.81,No
C7492,Female,0,No,17,Two year,Fiber optic,Mailed check,19.13,338.75,No
C7687,Female,0,Yes,38,One year,DSL,Bank transfer,22.41,818.60,No
C7547,M,1,No,60,Month-to-month,Fiber optic,Mailed check,110.17,6669.38,Yes
C7624,M,1,Yes,15,Month-to-month,DSL,Bank transfer,77.77,1124.19,No
C7672,M,0,Yes,20,Month-to-month,Fiber optic,Bank transfer,37.64,791.42,Yes
C7578,Female,0,Yes,39,Two year,Fiber optic,Electronic check,28.44,1112.00,No
C7251,Male,No,No,56,Two year,fiber optic,Credit card,20.59,1170.03,No
C7490,M,0,Yes,22,Two year,DSL,Credit card,39.69,906.37,0
C7633,Female,1,Yes,26,Month-to-month,Fiber optic,Credit card,30.37,738.42,no
C7084,M,1,Yes,43,Month-to-month,DSL,Credit card,19.76,884.32,No
C7055,Female,0,No,39,Month-to-month,DSL,Bank transfer,104.4,4113.66,No
C7608,Female,0,Yes,56,Month-to-Month,Fiber optic,Mailed check,73.37,4096.18,No
C7441,Female,0,Yes,65,One year,DSL,Electronic check,23.99,1526.58,No
C7629,Male,0,Yes,59,Month-to-month,Fiber optic,Bank transfer,77.77,4542.27,No
C7387,Male,Yes,No,37,Month-to-month,Fiber optic,Electronic check,44.28,1635.15,yes
C7317,Female,0,Yes,71,Month-to-month,DSL,Electronic check,70.5,5022.78,0
C7209,F,0,No,49,Month-to-month,Fiber optic,Bank transfer,119.72,5801.82,Yes
C7402,Male,0,No,47,Month-to-month,Fiber optic,Electronic check,119.78,5621.18,No
C7284,Male,0,Yes,28,Two year,DSL,Bank transfer,106.29,2961.85,No
C7637,Male,0,No,66,one year,fiber optic,Mailed check,70.3,4707.61,Yes
C7542,Female,0,No,62,Month-to-month,No,Credit card,32.24,1996.00,No
C7748,Female,1,Yes,45,month-to-month,No,Electronic check,89.67,4041.41,No
C7058,M,0,No,15,one year,Fiber optic,Credit card,102.01,1639.28,Yes
C7152,Male,0,No,37,Month-to-Month,No,Bank transfer,55.95,2071.28,Yes
C7522,Male,0,No,3,Two year,DSL,Credit card,98.24,248.82,No
C7716,Male,0,No,66,Month-to-month,DSL,Mailed check,62.02,4104.63,No
C7016,Male,1,No,37,One year,No,Credit card,106.71,3922.12,No
C7203,Female,0,Yes,16,Two year,No,Bank transfer,95.52,1492.07,No
C7565,Male,0,No,17,Month-to-month,fiber optic,Electronic check,44.8,757.27,No
C7758,Male,0,Yes,33,Month-to-month,DSL,Electronic check,25.18,839.59,No
C7400,Male,0,No,13,Month-to-month,DSL,electronic check,66.89,868.46,No
C7740,Male,1,Yes,44,Month-to-month,Fiber optic,Electronic check,109.23,4828.09,No
C7525,Female,Yes,Yes,54,one year,DSL,Mailed check,50.8,2717.76,N
C7318,Female,1,No,4,One year,No,Electronic check,98.33,399.91,1
C7467,Male,No,Yes,19,Month-to-month,Fiber optic,Bank transfer,97.3,1871.18,Yes
C7355,Male,0,Yes,64,Month-to-month,Fiber optic,Bank transfer,50.17,3183.92,0
C7310,Female,0,No,50,Month-to-Month,Fiber optic,Mailed check,23.75,1231.48,Yes
C7416,M,0,Yes,45,Two year,No,Credit card,113.76,5060.11,No
C7515,Female,Yes,No,66,month-to-month,No,Electronic check,53.91,3592.32,No
C7503,Female,0,Yes,0,Two year,DSL,Electronic check,78.98,,No
C7227,Male,1,Yes,12,One year,fiber optic,Mailed check,20.35,236.54,No
C7715,Male,0,No,50,Month-to-month,DSL,Bank transfer,32.47,1562.54,No
C7645,Male,0,No,57,Month-to-Month,Fiber optic,Mailed check,42.46,2406.09,No
C7753,Female,0,Yes,4,Month-to-month,No,Electronic check,38.81,193.60,Yes
C7032,F,0,Yes,47,One year,DSL,Bank transfer,95.79,4575.09,Yes
C7472,Female,0,Yes,60,Month-to-Month,DSL,Credit card,106.33,6363.91,no
C7197,male,0,Yes,32,Month-to-month,Fiber optic,Electronic check,96.61,3105.62,No
C7732,Female,0,No,25,Month-to-month,DSL,Credit card,118.99,2907.54,yes
C7407,Male,No,Yes,36,Month-to-month,Fiber optic,Electronic check,28.29,1005.63,No
C7156,Male,Yes,Yes,60,Month-to-month,DSL,Bank transfer,44.81,2720.71,No
C7541,Male,0,No,21,One year,fiber optic,Credit card,92.99,1976.55,No
C7435,Male,0,No,49,Month-to-month,DSL,Mailed check,89.97,4457.20,Yes
C7488,Male,0,Yes,43,one year,DSL,electronic check,76.0,3271.79,no
C7379,Male,0,No,31,One year,DSL,Electronic check,94.66,2949.22,no
C7439,Female,0,No,49,Two year,Fiber optic,Bank transfer,53.71,2647.25,0
C7315,Male,0,Yes,23,One year,Fiber optic,Electronic check,89.32,2070.03,Yes
C7116,Male,0,No,42,Month-to-month,Fiber optic,Electronic check,70.38,2957.85,Y
C7426,Male,Yes,Yes,64,Month-to-month,DSL,Mailed check,106.81,6787.60,no
C7566,Male,0,No,58,Two year,No,Credit card,112.14,6461.80,No
C7010,Female,0,No,66,Month-to-Month,fiber optic,Electronic check,84.17,5580.91,no
C7003,Female,0,No,66,Two year,Fiber optic,Electronic check,76.98,5119.19,No
C7589,Male,0,No,23,One year,Fiber optic,Mailed check,50.69,1172.84,No
C7536,Female,0,No,70,Two year,DSL,Credit card,84.41,5972.30,no
C7340,Male,0,Yes,28,Month-to-month,Fiber optic,Bank transfer,65.13,1831.47,No
C7257,Male,0,No,68,Month-to-month,Fiber optic,Mailed check,65.21,4427.02,Yes
C7013,Male,1,Yes,18,Month-to-month,DSL,Credit card,89.38,1615.82,No
C7164,Male,0,No,33,Two year,Fiber optic,Mailed check,50.22,1714.37,yes
C7451,Male,0,No,22,Month-to-month,DSL,Mailed check,20.83,414.47,No
C7530,Female,0,Yes,9,Two year,DSL,Credit card,96.18,888.22,No
C7644,Female,No,Yes,43,Month-to-month,DSL,Credit card,35.37,1493.29,No
C7040,Female,0,Yes,46,Month-to-month,No,Electronic check,54.41,2476.91,No
C7334,F,0,No,50,Two year,Fiber optic,Bank transfer,80.33, ,Yes
C7065,Female,0,Yes,30,Month-to-month,Fiber optic,Electronic check,99.08,3020.05,No
C7738,Female,0,No,40,month-to-month,DSL,Mailed check,65.7,2622.28,No
C7072,Female,0,Yes,33,Month-to-month,DSL,Mailed check,74.03,2446.46,No
C7327,Female,0,Yes,49,Month-to-Month,No,Bank transfer,52.35,2557.01,No
C7702,Female,0,Yes,46,Month-to-month,DSL,Bank transfer,92.55,4295.47,No
C7113,Female,1,Yes,19,Month-to-month,No,Electronic check,62.18,1157.64,No
C7414,Male,0,No,57,Month-to-month,Fiber optic,Credit card,30.36,1736.17,No
C7544,Female,1,No,38,Month-to-Month,Fiber optic,Mailed check,97.11,3707.95,No
C7572,male,0,No,39,One year,No,Mailed check,110.41,4332.74,N
C7206,F,0,No,42,Two year,DSL,Mailed check,93.78,4045.19,No
C7520,Male,No,No,28,Two year,Fiber optic,Credit card,81.93,2298.43,0
C7258,Male,1,No,38,Two year,Fiber optic,Bank transfer,38.7,1421.86,No
C7205,Female,0,Yes,11,One year,DSL,Bank transfer,85.02,924.86,No
C7438,Male,0,Yes,0,Month-to-month,No,Electronic check,25.38,,Y
C7248,Male,0,Yes,40,Month-to-month,Fiber optic,Credit card,101.35,4055.47,Yes
C7130,male,0,No,38,One year,DSL,Bank transfer,81.64,3138.48,No
C7225,Male,Yes,No,12,One year,DSL,Bank transfer,43.14,528.09,Y
C7476,Male,0,Yes,27,Month-to-month,DSL,Electronic check,61.73,1669.42,yes
C7120,F,0,Yes,35,One year,Fiber optic,Electronic check,54.27,1884.06,No
C7007,Male,Yes,Yes,25,Month-to-month,DSL,Electronic check,111.98,2799.75,No
C7736,Male,0,Yes,51,Two year,No,Mailed check,92.74,4715.62,No
C7683,Male,0,Yes,61,Two year,Fiber optic,Mailed check,78.22,4757.54,Yes
C7724,male,0,No,27,Month-to-month,DSL,Mailed check,20.13,527.58,No
C7576,Female,0,No,42,Month-to-month,Fiber optic,Mailed check,119.95,5095.98,Yes
C7221,Female,0,Yes,17,Two year,DSL,Bank transfer,60.06,971.00,No
C7304,Male,0,No,4,Month-to-month,DSL,Electronic check,102.68,426.75,Yes
C7012,Female,0,Yes,64,Month-to-month,DSL,Bank transfer,56.39,3570.99,N
C7171,F,0,No,46,Month-to-month,Fiber optic,Bank transfer,36.18,1643.95,No
C7411,Female,0,Yes,60,Month-to-month,DSL,Electronic check,88.82,5301.27,No
C7289,Male,Yes,No,10,One year,fiber optic,Bank transfer,19.53,171.74,No
C7529,Male,0,Yes,46,Month-to-month,Fiber optic,Electronic check,28.8,1344.52,No
C7356,Female,0,No,7,One year,DSL,Mailed check,98.75,716.19,Yes
C7321,Female,Yes,No,27,One year,Fiber optic,Credit card,90.74,2456.86,No
C7123,Female,0,Yes,70,One year,No,Credit card,58.62,4073.85,No
C7733,Female,0,Yes,66,Two year,Fiber optic,Mailed check,73.84,4861.52,No
C7180,Male,Yes,Yes,49,month-to-month,No,Credit card,28.14,1391.99,No
C7161,Male,1,Yes,36,Two year,DSL,Electronic check,106.52,3907.29,No
C7747,F,0,No,41,month-to-month,DSL,Bank transfer,100.88,4111.08,Yes
C7117,Female,0,Yes,63,Two year,DSL,Bank transfer,81.92,5161.95,No
C7696,M,0,Yes,19,Month-to-month,No,Electronic check,30.39,596.64,No
C7518,Male,1,No,0,Month-to-month,Fiber optic,Credit card,35.92,,Yes
C7309,Male,0,Yes,15,Month-to-month,Fiber optic,Bank transfer,70.97,1051.46,Yes
C7523,Male,0,Yes,71,Month-to-month,No,Credit card,74.38,5282.96,No
C7240,Female,No,Yes,54,Month-to-Month,Fiber optic,Credit card,54.59,2927.33,Yes
C7134,Male,0,No,67,month-to-month,Fiber optic,Mailed check,41.95,2823.42,No
C7155,F,No,Yes,1,Month-to-month,Fiber optic,Credit card,69.65, ,1
C7139,Female,0,No,59,Month-to-month,DSL,Electronic check,114.35, ,N
C7280,Female,No,Yes,16,Month-to-month,No,Electronic check,106.31,1587.28,Yes
C7060,Female,Yes,No,34,Two year,Fiber optic,Credit card,47.52,1530.43,No
C7423,Female,0,Yes,70,One year,No,Credit card,48.54,3489.05,No
C7165,M,1,Yes,24,Two year,Fiber optic,Credit card,92.0,2241.72,Yes
C7352,Female,No,Yes,68,Month-to-month,No,Mailed check,84.25,5762.06,No
C7312,Female,0,Yes,54,Two year,No,Mailed check,69.04,3742.63,No
C7131,Female,0,Yes,71,Month-to-month,DSL,Electronic check,93.05,6633.59,No
C7486,Male,0,Yes,19,Month-to-month,No,Electronic check,47.38,953.12,Yes
C7456,Female,0,Yes,62,Month-to-month,DSL,Bank transfer,110.37,6852.53,No
C7371,Female,0,Yes,2,Month-to-month,No,Electronic check,50.78, ,Yes
C7038,Female,0,No,40,Month-to-month,DSL,Electronic check,74.01,2948.50,No
C7249,Female,0,No,10,Month-to-month,Fiber optic,Mailed check,98.74,970.29,Yes
C7053,Female,0,No,12,Month-to-Month,Fiber optic,Mailed check,64.22,709.97,No
C7194,Male,1,Yes,65,month-to-month,DSL,Electronic check,66.93,4288.63,No
C7136,F,0,No,16,One year,DSL,Mailed check,54.85,861.98,No
C7616,Male,0,No,9,One year,fiber optic,Credit card,32.32,275.22,No
C7117,Female,0,Yes,63,Two year,DSL,Bank transfer,81.92,5161.95,No
C7281,Female,No,No,12,Month-to-month,DSL,Bank transfer,46.29,563.00,no
C7501,Male,0,No,50,Month-to-month,Fiber optic,Credit card,52.25,2594.89,No
C7345,Female,0,Yes,42,Month-to-month,Fiber optic,Mailed check,18.46,794.25,No
C7444,Female,0,Yes,0,Month-to-month,DSL,Electronic check,52.83,,Yes
C7066,Female,0,No,69,Month-to-month,No,Electronic check,41.24,2882.30,No
C7631,Female,0,Yes,45,Two year,fiber optic,Mailed check,61.03,2721.33,No
C7505,M,1,Yes,11,Month-to-month,DSL,Mailed check,94.99,1026.79,Yes
C7052,Female,0,No,31,Month-to-month,No,Mailed check,82.42, ,Yes
C7481,Male,Yes,Yes,26,Month-to-month,DSL,Credit card,77.62,1990.83,No
C7419,Female,0,Yes,58,Month-to-month,DSL,Electronic check,45.98,2698.58,no
C7239,Male,1,No,63,Two year,Fiber optic,Electronic check,60.09,3824.72,no
C7246,Male,1,Yes,24,Month-to-month,Fiber optic,Mailed check,19.45,558.69,No
C7028,F,0,No,50,One year,fiber optic,Mailed check,63.47,3147.31,No
C7447,Male,0,No,28,Two year,Fiber optic,electronic check,81.32,2339.59,Yes
C7265,F,0,No,17,One year,Fiber optic,Electronic check,60.56,973.32,No
C7244,male,0,No,68,Month-to-month,DSL,Electronic check,75.66,5120.55,No
C7103,Male,0,No,46,One year,No,Electronic check,107.26,4957.87,No
C7276,Male,0,Yes,20,Month-to-month,DSL,Bank transfer,52.07,1027.50,No
C7110,M,1,No,68,month-to-month,Fiber optic,Credit card,66.99,4490.96,Yes
C7382,Female,No,Yes,55,Month-to-month,DSL,Mailed check,76.15,4229.25,no
C7159,Female,0,Yes,61,Month-to-month,DSL,Bank transfer,64.41,3919.05,No
C7235,F,0,No,56,Month-to-Month,Fiber optic,Electronic check,79.0,4366.19,1
C7445,Female,0,No,66,month-to-month,DSL,Electronic check,43.42,2833.73,No
C7112,Female,0,No,17,Month-to-month,DSL,Bank transfer,102.17,1786.65,Yes
C7370,Female,0,No,52,Month-to-month,No,Electronic check,49.56,2605.29,Yes
C7671,Female,Yes,Yes,70,Month-to-month,Fiber optic,Electronic check,27.1,1829.24,Y
C7641,Male,0,Yes,64,Month-to-Month,DSL,Electronic check,37.71,2417.28,No
C7262,Male,0,Yes,20,One year,No,Bank transfer,65.58,1332.14,N
C7223,Male,0,Yes,51,Month-to-Month,No,Bank transfer,112.19,5713.21,Yes
C7541,Male,0,No,21,One year,fiber optic,Credit card,92.99,1976.55,No
C7338,Female,No,Yes,62,Month-to-month,Fiber optic,Mailed check,33.65,2032.20,No
C7580,Male,1,Yes,43,Month-to-month,fiber optic,Bank transfer,92.53,4002.00,Yes
C7510,Male,1,Yes,21,Two year,Fiber optic,Bank transfer,33.89,719.74,No
C7558,Male,0,Yes,8,One year,No,Mailed check,66.49,476.02,Yes
C7167,Male,0,No,2,Month-to-month,DSL,electronic check,28.46,29.65,Yes
C7668,Male,0,Yes,63,Two year,Fiber optic,Electronic check,113.62,7097.42,No
C7241,Female,1,No,25,Month-to-month,fiber optic,Mailed check,34.66,840.22,Yes
C7381,Male,1,Yes,54,Month-to-month,fiber optic,Bank transfer,63.42,3414.77,no
C7757,Female,0,Yes,32,Month-to-month,DSL,Credit card,118.34,3839.63,no
C7024,M,1,No,53,One year,Fiber optic,Credit card,97.46,5171.14,no
C7294,Male,0,No,11,Two year,DSL,Mailed check,113.74,1298.31,No
C7673,Female,1,Yes,70,Two year,DSL,Mailed check,25.05,1729.61,No
C7549,Male,0,No,4,One year,DSL,Mailed check,91.69,357.56,N
C7652,Female,0,Yes,36,Month-to-month,DSL,Mailed check,31.24,1083.04,Yes
C7150,Female,Yes,Yes,59,One year,Fiber optic,Credit card,69.38,4075.28,No
C7041,Male,0,Yes,71,Month-to-month,Fiber optic,Electronic check,107.55,7636.75,No
C7094,Male,1,No,33,Month-to-month,DSL,Mailed check,33.75,1096.97,No
C7749,M,0,No,23,Month-to-month,DSL,Credit card,117.82,2707.25,1
C7217,Female,0,Yes,72,Month-to-month,DSL,electronic check,38.48,2775.40,N
C7591,Male,No,Yes,71,One year,No,Mailed check,29.7,,no
C7023,Male,1,No,13,Two year,Fiber optic,Electronic check,96.69,1261.74,no
C7268,M,1,No,30,month-to-month,DSL,electronic check,33.32,1012.20,No
C7292,Female,1,Yes,44,Two year,Fiber optic,Bank transfer,47.12,2090.58,No
C7200,Female,0,Yes,64,Month-to-month,No,Bank transfer,20.24,1271.75,no
C7173,Male,0,No,65,Two year,No,Bank transfer,93.99,6112.52,No
C7100,Female,0,Yes,23,One year,No,Electronic check,51.27,1177.41,N
C7393,Male,0,Yes,5,Month-to-month,Fiber optic,Credit card,117.01,505.23,No
C7091,Female,0,No,60,Month-to-month,DSL,Electronic check,34.56,2073.15,no
C7508,Female,0,No,50,Two year,DSL,Electronic check,104.64,5246.01,Yes
C7721,Female,0,No,9,Two year,No,Bank transfer,47.9,429.40,No
C7465,Male,0,No,29,Two year,Fiber optic,Mailed check,40.26, ,No
C7569,M,0,Yes,36,Month-to-month,Fiber optic,Electronic check,50.83,1785.70,No
C7222,male,0,No,63,Two year,Fiber optic,Credit card,46.34,2942.36,No
C7473,Female,0,Yes,18,One year,Fiber optic,Bank transfer,106.96,1930.68,Yes
C7188,Male,0,No,49,one year,Fiber optic,Electronic check,81.89,4062.12,No
C7372,F,No,No,1,Month-to-month,No,Electronic check,103.85,28.65,Yes
C7475,M,0,No,23,Two year,Fiber optic,Bank transfer,19.47,481.48,No
C7639,Female,0,Yes,50,month-to-month,Fiber optic,Mailed check,111.21,5545.02,Y
C7353,Female,0,Yes,46,One year,Fiber optic,Electronic check,81.21,3852.44,No
C7076,M,No,Yes,31,Two year,Fiber optic,Mailed check,81.07,2568.39,No
C7242,M,0,Yes,70,Month-to-month,DSL,Bank transfer,87.27,6130.85,No
C7329,Female,0,No,5,month-to-month,DSL,Mailed check,71.71,347.49,No
C7073,Female,No,Yes,23,Month-to-month,fiber optic,Electronic check,79.81,1823.32,yes
C7759,Female,0,Yes,58,Month-to-month,Fiber optic,Credit card,37.16,2157.05,No
C7489,Male,No,No,5,Two year,No,Mailed check,41.56,178.64,No
C7745,Female,No,Yes,9,Two year,No,Mailed check,108.34,964.05,No
C7347,Male,0,No,21,Two year,DSL,Electronic check,111.94,2382.28,No
C7118,Male,No,No,15,Month-to-month,Fiber optic,Credit card,103.76,1576.56,yes
C7577,Male,0,No,31,One year,DSL,Mailed check,26.04,913.73,No
C7642,Female,1,No,9,Month-to-month,DSL,Mailed check,61.94,541.73,Yes
C7524,Female,1,Yes,20,One year,Fiber optic,Bank transfer,105.67,2144.21,No
C7459,M,0,No,3,Two year,No,Credit card,105.72,347.48,Yes
C7005,F,0,No,5,Two year,Fiber optic,Electronic check,58.27,262.27,Yes
C7391,Female,1,No,71,One year,Fiber optic,Mailed check,114.41,8071.86,No
C7399,Female,No,Yes,3,One year,No,Bank transfer,91.85,264.23,Yes
C7511,Male,0,No,63,Month-to-month,Fiber optic,Electronic check,77.43,4889.94,No
C7069,Female,No,No,55,Month-to-Month,Fiber optic,Mailed check,97.19,5380.25,Yes
C7014,M,Yes,Yes,6,Month-to-month,DSL,Electronic check,76.61,483.94,Yes
C7202,Male,1,Yes,52,Month-to-month,DSL,Electronic check,52.3,2662.96,No
C7369,Male,0,Yes,1,Month-to-month,No,Credit card,78.12,120.73,Yes
C7078,Male,0,No,19,Month-to-month,DSL,Mailed check,93.62,1763.35,Yes
C7202,Male,1,Yes,52,Month-to-month,DSL,Electronic check,52.3,2662.96,No
C7430,Male,0,Yes,24,Month-to-month,DSL,Mailed check,56.36,1394.79,1
C7666,Female,0,Yes,40,One year,No,Mailed check,35.63,1405.27,No
C7004,Male,0,No,28,One year,No,Electronic check,38.41,1100.80,No
C7559,Female,0,No,47,Two year,Fiber optic,Mailed check,89.66,4248.02,Yes
C7706,Male,0,Yes,42,Month-to-month,fiber optic,electronic check,40.24,1718.16,No
C7502,Female,0,Yes,63,Month-to-month,DSL,Bank transfer,57.42,3596.25,No
C7455,Female,1,No,67,One year,Fiber optic,Electronic check,57.11,3900.85,No
C7688,Female,0,No,65,one year,DSL,Bank transfer,33.64,2154.83,No
C7293,Female,0,Yes,69,Two year,Fiber optic,Electronic check,87.55,6026.56,no
C7071,F,0,No,3,One year,DSL,Mailed check,105.3,348.30,Yes
C7495,Female,0,Yes,62,one year,fiber optic,Electronic check,59.51,3670.01,No
C7002,Female,1,No,41,Two year,DSL,Electronic check,69.79,2816.38,No
C7025,Female,0,No,59,Month-to-month,DSL,Credit card,106.21,6367.55,No
C7308,Female,0,Yes,13,Month-to-month,Fiber optic,Mailed check,50.05,692.84,Yes
C7216,male,0,Yes,56,Two year,No,Credit card,108.23,6128.43,No
C7343,Female,1,No,18,Two year,No,Bank transfer,102.17,1823.04,No
C7676,Male,0,No,11,One year,DSL,Bank transfer,31.89,441.61,No
C7166,Female,0,Yes,26,Month-to-month,DSL,Mailed check,76.39,1990.08,No
C7613,F,0,Yes,30,Month-to-month,fiber optic,electronic check,50.48,1516.50,Yes
C7636,Female,0,No,54,Two year,DSL,Bank transfer,110.81,6023.87,no
C7331,Male,1,Yes,42,month-to-month,DSL,Mailed check,75.55,3113.95,No
C7177,Male,No,Yes,23,Month-to-month,Fiber optic,Bank transfer,52.11,1130.93,Yes
C7375,Male,0,No,56,One year,No,Electronic check,29.01,1617.89,No
C7247,F,0,Yes,69,one year,Fiber optic,electronic check,61.59,4274.49,No
C7373,Male,0,Yes,44,Month-to-month,Fiber optic,Electronic check,40.18,1701.77,Yes
C7460,Female,No,Yes,21,Two year,DSL,Bank transfer,95.06,1989.50,No
C7540,Male,0,Yes,69,Month-to-Month,Fiber optic,Bank transfer,80.63,5484.24,No
C7457,M,0,No,44,Month-to-month,No,Bank transfer,103.72,4593.05,no
C7755,Male,0,Yes,60,Two year,Fiber optic,Credit card,56.42,3388.68,No
C7615,Male,Yes,Yes,56,One year,Fiber optic,Electronic check,46.47,2572.23,Yes
C7597,Male,0,Yes,25,Month-to-Month,No,Electronic check,47.99,1210.26,0
C7626,Female,No,Yes,37,Two year,No,Electronic check,75.46,2779.05,No
C7307,Female,Yes,No,67,One year,Fiber optic,Bank transfer,111.95,7486.67,No
C7048,Male,0,No,28,Month-to-month,Fiber optic,Electronic check,103.63,2893.50,Yes
C7417,Female,0,Yes,21,one year,DSL,Bank transfer,51.81,1085.16,No
C7568,Male,0,Yes,28,One year,DSL,Electronic check,97.51,2719.27,No
C7054,Male,0,Yes,9,Month-to-month,fiber optic,Mailed check,114.46,1132.73,Yes
C7596,M,0,No,20,Month-to-month,DSL,Credit card,109.28,2118.75,no
C7234,Male,1,Yes,10,Two year,Fiber optic,Credit card,84.5,850.27,1
C7114,Female,0,Yes,10,One year,Fiber optic,Mailed check,90.92,936.67,Yes
C7709,Female,0,Yes,22,Month-to-month,No,Bank transfer,119.25,2608.94,yes
C7329,Female,0,No,5,month-to-month,DSL,Mailed check,71.71,347.49,No
C7412,Male,1,No,27,Month-to-month,DSL,Credit card,97.77,2691.96,0
C7191,Female,0,Yes,66,Month-to-month,DSL,Bank transfer,20.47,1348.75,No
C7437,Male,0,No,38,One year,No,Credit card,47.92,1801.79,No
C7151,Female,No,No,67,Two year,Fiber optic,Electronic check,78.34,5253.54,No
C7179,Female,0,Yes,53,Month-to-month,Fiber optic,Credit card,96.61,5072.36,No
C7695,Female,0,No,34,One year,Fiber optic,Electronic check,110.49,3743.08,Y
C7384,Female,0,Yes,50,Two year,DSL,Bank transfer,97.97,4935.96,No
C7154,Female,No,Yes,67,Month-to-month,DSL,electronic check,95.85,6359.58,no
C7734,Male,0,Yes,19,Month-to-month,No,Bank transfer,38.57,800.28,No
C7256,Female,No,Yes,53,month-to-month,DSL,Electronic check,66.98,3555.29,Yes
C7363,Male,0,No,1,Month-to-month,DSL,Mailed check,30.8,43.65,no
C7593,Female,1,Yes,5,One year,DSL,Mailed check,115.71,590.74,Yes
C7513,Male,0,Yes,72,One year,Fiber optic,Credit card,102.34,7419.09,Yes
C7601,Female,0,No,36,Month-to-month,No,Bank transfer,61.01,2121.55,No
C7175,Male,Yes,Yes,24,One year,Fiber optic,Mailed check,18.86,500.93,No
C7029,M,0,Yes,7,One year,DSL,electronic check,39.2,315.59,No
C7126,Male,1,Yes,22,Two year,Fiber optic,Mailed check,92.24,2053.00,No
C7543,M,0,Yes,1,One year,No,Mailed check,80.5,72.23,No
C7070,Female,0,No,12,Month-to-month,Fiber optic,Mailed check,27.37,359.57,Yes
C7620,Female,0,Yes,24,One year,Fiber optic,Electronic check,70.61,1649.94,no
C7479,Female,0,Yes,23,One year,Fiber optic,Electronic check,90.57,2068.72,Yes
C7145,Male,0,Yes,26,Two year,Fiber optic,Electronic check,69.2,1842.72,No
C7625,Male,0,No,48,Month-to-Month,DSL,Mailed check,69.87,3329.36,Yes
C7685,Female,0,Yes,49,One year,Fiber optic,Credit card,87.36,4285.56,No
C7638,Female,No,Yes,33,Two year,DSL,electronic check,67.04,2229.35,No
C7215,Male,0,Yes,12,Month-to-month,No,Electronic check,55.88,693.96,yes
C7586,M,No,Yes,23,Month-to-month,DSL,Bank transfer,116.9,2629.83,No
C7286,Female,0,No,71,Two year,Fiber optic,Credit card,28.18,1967.38,No
C7512,Male,No,Yes,28,month-to-month,fiber optic,Bank transfer,28.4,789.10,Yes
C7230,Male,No,No,25,Two year,DSL,Bank transfer,115.69,2851.46,No
C7196,Female,Yes,No,30,month-to-month,Fiber optic,Bank transfer,28.52,906.37,N
C7675,Female,0,No,7,One year,DSL,Mailed check,92.12,620.98,No
C7266,Female,0,No,3,one year,DSL,Credit card,28.55,72.34,No
C7640,Male,Yes,No,45,Month-to-month,Fiber optic,Bank transfer,100.27,4519.77,Yes
C7665,Female,1,No,66,one year,Fiber optic,Mailed check,30.34,1982.72,N
C7017,Male,No,No,38,Two year,DSL,Bank transfer,69.36,2671.60,No
C7526,M,0,No,45,Month-to-month,DSL,Bank transfer,103.0,4598.44,No
C7599,Female,Yes,Yes,20,One year,Fiber optic,Mailed check,30.04,607.36,No
C7027,Female,0,Yes,24,Two year,No,Mailed check,73.22,1721.54,Yes
C7463,Male,0,Yes,26,Two year,No,Credit card,73.39,1845.49,No
C7277,F,0,Yes,56,Two year,Fiber optic,Electronic check,81.99,4592.74,Yes
C7119,Male,0,Yes,13,Month-to-month,fiber optic,Credit card,43.15,514.37,No
C7395,M,0,No,49,Month-to-month,No,Electronic check,63.5,3108.73,No
C7354,Male,0,No,37,Two year,No,Credit card,70.47,2594.48,No
C7228,Female,0,Yes,25,one year,Fiber optic,Mailed check,117.67,2998.17,Y
C7484,Male,0,No,6,one year,Fiber optic,Credit card,101.13,636.98,Yes
C7320,Male,0,Yes,72,Two year,Fiber optic,Credit card,47.57,3483.48,No
C7169,Male,0,No,9,Month-to-month,Fiber optic,Electronic check,100.4,848.57,Yes
C7147,Female,0,No,44,One year,No,Electronic check,116.89,5187.09,Yes
C7285,Male,0,No,58,Two year,No,Electronic check,99.5,5738.96,No
C7214,Male,0,No,27,Month-to-month,No,Electronic check,54.45,1438.81,No
C7111,Male,0,Yes,32,One year,fiber optic,Mailed check,60.66,1948.10,0
C7731,Male,1,Yes,54,Month-to-month,Fiber optic,Bank transfer,64.93,3563.93,No
C7398,male,Yes,No,59,month-to-month,No,Electronic check,93.26,5493.67,no
C7418,Female,0,Yes,8,One year,Fiber optic,Bank transfer,109.73,880.58,Yes
C7630,Male,No,Yes,32,Month-to-month,No,Electronic check,81.8,2603.57,0
C7383,Male,0,No,50,Month-to-Month,DSL,Bank transfer,33.81,1715.03,No
C7449,Female,1,Yes,33,Month-to-month,No,Credit card,91.46,2945.36,No
C7551,Female,0,No,21,Month-to-month,DSL,Bank transfer,64.34,1435.90,Yes
C7552,Male,0,Yes,6,Two year,No,Mailed check,65.09,331.60,No
C7106,Male,0,No,37,Month-to-Month,No,Electronic check,81.09,3015.42,Yes
C7350,Male,0,Yes,6,Two year,Fiber optic,Credit card,79.82,466.28,Yes
C7537,Female,0,No,31,Month-to-month,DSL,Electronic check,41.0,1245.64,No
C7705,Female,0,No,1,Month-to-month,Fiber optic,Mailed check,34.94,19.29,1
C7389,M,0,Yes,57,Month-to-month,DSL,Credit card,27.63,1565.22,No
C7448,Male,0,Yes,7,Month-to-month,Fiber optic,Credit card,34.67,273.67,No
C7093,Female,Yes,Yes,12,Month-to-month,DSL,Electronic check,66.88,828.41,1
C7259,Female,0,Yes,40,Month-to-Month,No,Bank transfer,42.03,1658.61,No
C7042,Female,0,No,19,One year,No,Bank transfer,110.16,2119.37,No
C7163,Female,0,Yes,5,Two year,DSL,Electronic check,59.12,299.84,N
C7686,Female,0,No,54,one year,DSL,electronic check,115.74,6249.32,No
C7170,Female,0,No,36,Month-to-month,DSL,Electronic check,49.63,1762.01,No
C7254,Male,1,No,17,month-to-month,Fiber optic,Electronic check,88.99,1491.58,yes
C7653,Male,0,No,63,Two year,DSL,Bank transfer,106.17,6721.06,no
C7394,Female,0,Yes,43,One year,No,Credit card,95.83,4141.65,No
C7090,Female,0,No,69,Month-to-month,No,Bank transfer,33.34,2334.03,No
C7504,Female,0,No,51,Month-to-month,Fiber optic,Bank transfer,88.67,4510.09,Yes
C7306,Female,0,No,62,One year,Fiber optic,Bank transfer,85.17,5301.44,no
C7035,Female,0,Yes,18,Month-to-month,DSL,Mailed check,47.83,897.26,yes
C7618,Female,0,Yes,19,Month-to-month,Fiber optic,Bank transfer,63.39,1166.30,No
C7734,Male,0,Yes,19,Month-to-month,No,Bank transfer,38.57,800.28,No
C7252,Male,0,No,29,One year,Fiber optic,Bank transfer,112.33,3271.07,Yes
C7428,Female,Yes,Yes,26,One year,Fiber optic,Credit card,89.43,2346.05,No
C7186,Male,0,Yes,37,Month-to-month,DSL,Credit card,67.98,2505.39,Yes
C7720,Female,Yes,No,12,Month-to-month,Fiber optic,Electronic check,80.05,968.37,Yes
C7582,Female,0,Yes,57,Two year,DSL,Electronic check,47.45,2671.40,No
C7532,male,0,No,15,one year,DSL,Credit card,20.18,331.19,N
C7396,Male,Yes,No,23,One year,Fiber optic,Electronic check,101.84,2276.66,Yes
C7378,Female,0,No,23,One year,fiber optic,Mailed check,100.71,2250.79,Yes
C7269,Male,0,No,49,Month-to-month,Fiber optic,Credit card,95.52,4638.71,No
C7162,Male,0,No,12,Month-to-month,No,Mailed check,108.41,1317.30,Yes
C7413,Male,1,No,35,Month-to-Month,DSL,Credit card,92.36,3275.60,No
C7598,Female,Yes,No,30,Two year,DSL,Mailed check,118.2,3558.39,No
C7611,M,1,No,36,month-to-month,DSL,Electronic check,84.31,3113.86,No
C7098,male,0,No,67,Month-to-Month,Fiber optic,Electronic check,110.37,7432.59,No
C7006,M,0,No,19,Month-to-month,DSL,Credit card,101.28,1917.88,N
C7643,Female,1,No,45,One year,No,Electronic check,81.88,3647.79,No
C7663,F,0,No,65,Two year,No,Mailed check,45.65,2965.43,No
C7229,Female,0,No,4,Two year,Fiber optic,Bank transfer,37.35,142.78,Yes
C7264,Male,0,Yes,9,Month-to-month,Fiber optic,Mailed check,29.94,231.02,No
C7368,Male,No,Yes,65,Two year,Fiber optic,Electronic check,32.57,2103.36,No
C7741,Female,0,No,37,Month-to-month,DSL,Credit card,97.47,3535.85,No
C7669,Female,0,Yes,63,One year,Fiber optic,electronic check,90.64,,No
C7657,Female,1,Yes,6,Month-to-month,Fiber optic,Credit card,49.34,197.37,yes
C7693,Male,0,Yes,63,One year,Fiber optic,Mailed check,88.51,5609.10,no
C7403,F,0,No,55,Two year,DSL,Bank transfer,43.77,2419.32,No
C7563,male,0,No,1,Month-to-month,No,Electronic check,85.92, ,Yes
C7189,Female,0,No,42,One year,Fiber optic,Credit card,81.28,3407.13,No
C7332,Female,Yes,Yes,15,Month-to-month,No,Electronic check,22.23,285.32,N
C7303,Male,0,No,1,Month-to-month,Fiber optic,Electronic check,91.72,5.20,Yes
C7260,Male,0,Yes,36,Month-to-month,No,Bank transfer,36.05,1219.02,No
C7144,Male,0,Yes,70,One year,Fiber optic,Credit card,111.05,7793.58,no
C7283,Male,1,Yes,24,One year,DSL,Bank transfer,91.37,2191.71,No
C7664,F,Yes,Yes,10,Month-to-month,Fiber optic,Credit card,103.23,1105.76,Y
C7011,Female,1,Yes,58,Month-to-month,No,Electronic check,28.5,1594.51,No
C7632,Male,0,No,18,Two year,DSL,Mailed check,116.75,2101.81,No
C7531,F,0,Yes,12,Month-to-month,Fiber optic,Credit card,78.26,920.14,Yes
C7469,Female,Yes,No,4,One year,Fiber optic,Electronic check,80.01,230.91,1
C7127,Female,0,Yes,47,Two year,Fiber optic,Credit card,57.03,2682.63,Yes
C7567,Male,0,No,63,Month-to-month,Fiber optic,Bank transfer,47.67,3013.01,No
C7057,Male,0,Yes,6,Two year,DSL,Mailed check,40.18,211.49,Yes
C7033,Female,1,No,10,one year,DSL,Electronic check,32.42,410.14,No
C7237,Male,0,No,58,Month-to-month,No,Credit card,55.09,3176.85,N
C7712,Female,1,Yes,46,Two year,Fiber optic,Electronic check,29.29,1314.85,No
C7282,Male,0,Yes,42,Two year,fiber optic,electronic check,23.63,965.37,0
C7362,F,0,Yes,49,Two year,No,Bank transfer,31.55,1543.36,No
C7243,Female,0,Yes,20,Month-to-month,No,Mailed check,28.86,627.31,No
C7092,Male,0,No,29,one year,No,Electronic check,62.6,1823.56,No
C7210,F,0,Yes,24,Two year,DSL,Bank transfer,64.98,1634.24,No
C7337,Female,0,No,0,Month-to-month,Fiber optic,Credit card,26.64,,Yes
C7301,Female,0,No,69,one year,DSL,Mailed check,73.77,5105.17,No
C7085,Female,0,No,71,One year,No,Mailed check,38.22,2714.23,No
C7190,Female,0,Yes,37,One year,Fiber optic,Mailed check,78.84,2843.36,No
C7039,Male,0,No,72,One year,Fiber optic,Bank transfer,28.84,2115.52,no
C7500,Male,0,No,49,Month-to-Month,DSL,Mailed check,24.84,1190.60,No
C7507,Female,0,No,49,month-to-month,Fiber optic,Mailed check,49.6,2473.40,No
C7516,Male,0,No,1,one year,fiber optic,Credit card,95.95,70.47,No
C7104,Female,Yes,Yes,54,Month-to-month,No,Mailed check,20.48,1209.56,No
C7627,Female,0,No,29,One year,Fiber optic,Mailed check,97.21,2864.34,Yes
C7233,M,0,No,1,Month-to-month,DSL,Electronic check,60.93,51.08,No
C7105,Male,1,No,10,Two year,No,Electronic check,107.81,1072.73,No
C7341,male,0,Yes,48,One year,No,Electronic check,78.38,3805.86,No
C7253,Female,0,Yes,48,Month-to-month,No,Electronic check,98.83,4745.70,No
C7408,Male,1,Yes,70,Month-to-month,DSL,Electronic check,110.44,7750.00,No
C7422,Female,0,Yes,65,Two year,Fiber optic,Bank transfer,91.9,6003.05,No
C7208,Male,0,Yes,17,Two year,Fiber optic,Electronic check,25.82,459.89,No
C7756,Male,No,No,27,Two year,No,Electronic check,72.1,1984.68,Y
C7594,F,1,No,68,Month-to-month,Fiber optic,Credit card,52.47,3663.01,No
C7082,Female,1,No,28,Month-to-month,No,Electronic check,51.09,1451.45,Yes
C7497,Male,0,No,34,Two year,fiber optic,Electronic check,39.25,1381.37,No
C7710,Female,0,Yes,67,Month-to-month,DSL,Electronic check,86.64,5822.19,No
C7603,F,0,Yes,46,Month-to-month,fiber optic,Electronic check,119.22,5517.94,Yes
C7087,Female,No,Yes,58,Month-to-month,No,Bank transfer,90.19,5230.34,No
C7064,M,0,No,52,Two year,Fiber optic,Electronic check,67.83,3607.54,0
C7270,Male,0,No,44,One year,Fiber optic,Credit card,36.19,1617.04,No
C7274,Female,0,Yes,67,Month-to-Month,No,Electronic check,20.78,1375.14,No
C7614,F,0,No,22,Two year,DSL,Credit card,79.23,1766.42,No
C7690,Female,Yes,Yes,53,Two year,DSL,Electronic check,56.61,3008.85,No
C7153,Male,Yes,Yes,72,Two year,No,Electronic check,58.82,4246.41,No
C7605,M,0,Yes,9,One year,Fiber optic,Bank transfer,44.85,399.71,Yes
C7410,Male,0,No,1,Month-to-month,fiber optic,Mailed check,44.38,42.74,Yes
C7517,male,0,No,11,One year,DSL,Electronic check,101.03,1099.29,Yes
C7044,Male,0,No,33,Month-to-month,Fiber optic,electronic check,27.82,875.81,No
C7390,Female,0,No,62,Two year,No,Credit card,75.54,4735.62,No
C7220,Female,0,No,53,Two year,No,Bank transfer,110.87,5856.72,No
C7140,Male,0,No,32,One year,DSL,Electronic check,41.61,1396.26,yes
C7349,Female,Yes,Yes,40,Two year,DSL,Bank transfer,27.84,1184.64,No
C7357,Male,0,Yes,25,One year,No,Mailed check,84.02,2180.46,Yes
C7133,Male,Yes,Yes,60,Two year,Fiber optic,Bank transfer,71.82,,Yes
C7261,Male,0,Yes,66,Two year,Fiber optic,Credit card,53.26,3493.10,no
C7278,Female,0,No,8,month-to-month,DSL,Mailed check,89.8,726.10,Yes
C7079,M,No,No,44,Two year,Fiber optic,Mailed check,20.18,851.98,No
C7752,F,0,No,64,Two year,DSL,Credit card,99.43,6342.76,No
C7115,Male,0,Yes,47,month-to-month,Fiber optic,Mailed check,93.52,4361.04,no
C7634,Male,Yes,Yes,9,Month-to-month,No,Bank transfer,48.02,378.98,Yes
C7650,Female,No,No,59,Two year,fiber optic,Credit card,73.1,4216.45,No
C7380,Male,0,No,36,Two year,DSL,Electronic check,105.23,3747.80,no
C7719,Male,0,Yes,71,Month-to-Month,fiber optic,Credit card,61.49,4342.95,Yes
C7184,Female,1,No,14,One year,Fiber optic,Credit card,24.16,327.12,1
C7612,Female,1,No,69,Two year,Fiber optic,Bank transfer,23.56,1621.26,no
C7358,Female,Yes,Yes,25,Month-to-month,Fiber optic,Electronic check,93.26,2323.99,Yes
C7036,Female,1,Yes,56,One year,DSL,Mailed check,41.6,,no
C7339,Female,0,No,41,One year,Fiber optic,Credit card,30.58,1262.25,No
C7651,Male,0,Yes,14,Two year,Fiber optic,Mailed check,41.19,531.08,No
C7420,Male,No,Yes,31,Month-to-month,DSL,Mailed check,80.76,2483.36,No
C7149,F,1,No,68,Two year,DSL,Credit card,27.3,1812.68,No
C7009,Male,0,No,61,Two year,Fiber optic,electronic check,32.23,1998.55,No
C7045,Male,0,No,8,One year,DSL,Electronic check,70.31,,Yes
C7095,Male,0,Yes,61,One year,No,Electronic check,19.98,1259.47,No
C7699,Female,1,No,9,Month-to-month,DSL,Mailed check,106.02,901.46,Y
C7060,Female,Yes,No,34,Two year,Fiber optic,Credit card,47.52,1530.43,No
C7548,Female,0,Yes,10,Month-to-month,Fiber optic,Mailed check,108.52,1090.15,Yes
C7560,Male,0,No,3,Two year,Fiber optic,electronic check,26.34,56.15,Yes
C7298,Female,0,No,41,Month-to-month,DSL,Bank transfer,20.43,823.54,No
C7290,Male,0,Yes,57,Month-to-month,No,Credit card,33.72,1934.12,No
C7415,Male,0,No,36,one year,fiber optic,Mailed check,19.76,702.92,No
C7313,Male,Yes,No,35,Month-to-month,DSL,Credit card,46.58,1639.23,No
C7421,Male,1,No,54,One year,DSL,Bank transfer,41.2,2180.93,No
C7122,Male,0,Yes,38,One year,Fiber optic,Bank transfer,31.56,1230.18,N
C7654,Male,0,No,5,Month-to-month,DSL,Electronic check,76.96,317.22,No
C7682,Female,0,No,52,One year,Fiber optic,Mailed check,46.6,2415.17,No
C7361,Female,0,Yes,63,Month-to-month,DSL,Electronic check,43.44,2782.87,N
C7336,F,1,Yes,58,Month-to-month,Fiber optic,Electronic check,20.59,1228.53,No
C7135,M,0,No,28,One year,Fiber optic,Mailed check,85.19,2375.49,Yes
C7681,Female,Yes,No,4,One year,fiber optic,Electronic check,30.64,64.97,No
C7367,male,1,No,17,Two year,DSL,Bank transfer,36.93,628.20,0
C7742,Female,0,No,7,Month-to-month,DSL,Electronic check,32.45,223.47,Yes
C7701,Male,No,Yes,32,One year,DSL,Mailed check,111.75,3613.48,no
C7619,Female,0,Yes,28,Two year,Fiber optic,Mailed check,76.3,2179.88,No
C7008,F,1,No,36,Two year,No,Bank transfer,111.03,4010.23,No
C7097,Male,1,No,19,month-to-month,Fiber optic,Electronic check,90.93,1694.46,No
C7750,Male,1,No,47,Two year,No,Mailed check,101.63,4770.01,No
C7348,Male,0,Yes,29,Month-to-month,DSL,Mailed check,71.3,2036.73,N
C7509,Female,0,Yes,53,One year,Fiber optic,Mailed check,24.17,1288.60,No
C7737,Female,0,Yes,27,One year,DSL,Bank transfer,90.64,2377.53,No
C7021,Male,Yes,No,64,Two year,No,Electronic check,28.84,1862.31,No
C7482,Male,0,Yes,71,Two year,DSL,Credit card,88.37,6286.92,No
C7746,Female,0,No,9,Month-to-month,No,Bank transfer,112.73,988.06,Yes
C7405,Male,0,No,46,Two year,Fiber optic,Credit card,32.96,1522.01,No
C7746,Female,0,No,9,Month-to-month,No,Bank transfer,112.73,988.06,Yes
C7659,Female,0,Yes,21,Two year,DSL,Electronic check,27.97,591.33,Yes
C7478,Female,0,Yes,22,Month-to-month,Fiber optic,Bank transfer,115.13, ,1
C7590,Female,0,No,35,Month-to-month,DSL,Electronic check,32.83,1089.33,No
C7491,male,Yes,No,21,Month-to-Month,No,Mailed check,109.75,2336.83,yes
C7046,Male,0,Yes,64,One year,DSL,Electronic check,73.52,4796.33,No
C7364,Male,0,No,10,Month-to-month,DSL,Mailed check,57.77,560.08,Yes
C7296,Female,0,Yes,2,One year,DSL,Credit card,62.82,124.00,No
C7049,Female,0,No,55,Two year,Fiber optic,Mailed check,89.4,4965.12,No
C7487,Female,1,No,69,One year,Fiber optic,Bank transfer,96.35,6714.29,no
C7224,Female,0,No,37,One year,No,Electronic check,97.77,3670.32,No
C7219,Male,0,Yes,15,Two year,No,Credit card,98.42,1438.84,No
C7727,Male,0,Yes,4,Two year,DSL,Credit card,19.76,79.01,No
C7194,Male,1,Yes,65,month-to-month,DSL,Electronic check,66.93,4288.63,No
C7647,Female,0,No,10,One year,Fiber optic,Mailed check,64.14,657.57,No
C7201,Male,0,Yes,5,Month-to-month,fiber optic,Mailed check,40.55,243.18,Yes
C7562,Male,0,Yes,25,Month-to-month,No,Mailed check,63.83,1590.65,Yes
C7622,Male,0,No,67,month-to-month,DSL,Mailed check,34.19,2264.96,No
C7463,Male,0,Yes,26,Two year,No,Credit card,73.39,1845.49,No
C7063,Male,0,No,70,Month-to-month,DSL,Electronic check,43.72,3058.52,No
C7604,Female,0,No,27,One year,Fiber optic,Bank transfer,46.1,1300.71,No
C7245,Female,No,Yes,44,Two year,No,Credit card,51.2,2236.03,No
C7442,Female,0,No,8,Month-to-month,DSL,Electronic check,96.82,742.94,Yes
C7678,Male,1,Yes,11,Month-to-month,DSL,Mailed check,37.38,470.80,No
C7574,Male,0,No,34,Month-to-month,fiber optic,Electronic check,65.27,2209.96,No
C7000,F,0,Yes,60,One year,Fiber optic,electronic check,97.8,5826.10,no
C7539,Female,No,No,3,One year,Fiber optic,Credit card,23.08,56.79,No
C7187,Male,0,Yes,17,Month-to-month,Fiber optic,Electronic check,22.49,358.27,Yes
C7406,Female,0,Yes,7,One year,DSL,Electronic check,119.33,871.41,Yes
C7148,Male,0,No,56,Two year,No,Bank transfer,87.67,4884.31,No
C7026,Female,0,Yes,23,Month-to-month,Fiber optic,Bank transfer,30.05,702.12,Yes
C7461,Male,0,No,67,Month-to-month,DSL,Mailed check,55.5,3756.75,No
C7670,Male,0,Yes,71,Month-to-month,Fiber optic,Electronic check,27.61,1924.24,Yes
C7655,Male,0,No,10,Two year,fiber optic,Credit card,96.63,977.52,No
C7059,Male,0,No,34,One year,DSL,Mailed check,77.73,2618.51,N
C7326,F,0,No,8,One year,No,Mailed check,98.32,712.30,Yes
C7424,Female,0,No,11,Month-to-month,DSL,Credit card,116.37,1260.37,Yes
C7477,Male,0,Yes,3,Two year,No,Credit card,47.58,135.09,no
C7043,Male,0,No,68,Month-to-month,DSL,Mailed check,67.16,4594.31,No
C7661,Male,No,Yes,3,Month-to-month,fiber optic,Credit card,48.9,178.93,Yes
C7635,Female,No,Yes,13,month-to-month,No,Electronic check,41.68,581.71,Yes
C7528,Male,1,No,37,Two year,DSL,Credit card,42.89,1561.17,No
C7483,Male,0,Yes,15,One year,fiber optic,Bank transfer,97.8,1441.57,Yes
C7218,Female,0,Yes,24,Month-to-month,No,Bank transfer,31.57,826.06,No
C7154,Female,No,Yes,67,Month-to-month,DSL,electronic check,95.85,6359.58,no
C7713,Male,0,No,49,One year,Fiber optic,Electronic check,89.91,4399.39,No
C7609,Male,0,No,32,month-to-month,Fiber optic,Mailed check,75.45,2352.90,Yes
C7485,Female,No,No,20,Month-to-Month,No,Mailed check,53.45,1153.46,0
C7125,Male,0,No,28,Month-to-Month,Fiber optic,Electronic check,59.8,1653.03,N
C7700,Male,0,Yes,58,month-to-month,No,Bank transfer,23.89,1373.77,No
C7061,Male,0,No,66,Month-to-Month,DSL,Electronic check,93.76,6098.68,1
C7081,Female,1,Yes,54,one year,DSL,Bank transfer,43.16,2385.67,No
C7680,M,1,Yes,5,Month-to-Month,DSL,Bank transfer,70.99,379.62,No
C7324,F,0,No,22,Month-to-month,Fiber optic,Electronic check,105.36,2323.47,No
C7385,Female,0,No,25,Month-to-month,Fiber optic,Credit card,21.46,510.10,No
C7752,F,0,No,64,Two year,DSL,Credit card,99.43,6342.76,No
C7056,male,1,Yes,8,month-to-month,Fiber optic,Mailed check,18.97,142.20,Yes
C7019,Male,0,No,65,One year,DSL,Electronic check,87.93,5700.25,No
C7739,Male,0,No,15,Two year,No,electronic check,105.88,1548.65,Yes
C7086,Male,0,Yes,36,One year,Fiber optic,Credit card,87.96,3064.28,N
C7649,Male,1,No,30,Month-to-month,Fiber optic,Mailed check,118.14,3514.05,Yes
C7316,M,0,No,15,One year,Fiber optic,Electronic check,92.03,1313.00,No
C7034,Male,0,No,60,One year,DSL,Mailed check,53.45,3235.33,No
C7138,Female,0,No,32,month-to-month,DSL,Bank transfer,104.25,3409.72,Y
C7588,Female,0,Yes,11,One year,DSL,Credit card,59.14,640.31,No
C7498,Male,0,No,16,One year,DSL,Bank transfer,49.98,733.16,No
C7538,F,0,Yes,13,Month-to-Month,DSL,Mailed check,24.67,274.66,No
C7555,Male,0,No,7,Two year,Fiber optic,electronic check,115.2,755.01,Yes
C7096,Male,0,No,29,One year,DSL,Bank transfer,19.77,594.91,0
C7083,Male,No,No,20,Two year,fiber optic,Mailed check,21.77,464.49,No
C7446,F,0,Yes,34,month-to-month,Fiber optic,Electronic check,20.02,695.56,Yes
C7474,Female,0,No,64,One year,DSL,Electronic check,41.23,2687.73,No
C7366,Male,No,No,57,Two year,Fiber optic,Credit card,29.89,1724.77,0
C7697,Male,No,No,9,One year,No,Mailed check,116.04,1073.28,No
C7585,Male,0,No,59,Month-to-month,DSL,Credit card,100.68,5919.30,No
C7722,Female,0,No,33,Month-to-month,DSL,Electronic check,106.19,3557.86,Yes
C7401,Male,0,No,29,Two year,DSL,Electronic check,46.51,1347.41,No
C7392,Female,0,No,54,Month-to-month,Fiber optic,Credit card,111.83,6114.75,No
C7723,Female,0,Yes,40,Month-to-month,DSL,Mailed check,46.52,1869.02,Yes
C7271,Male,0,Yes,13,One year,Fiber optic,Bank transfer,39.77,588.55,No
C7506,Female,0,Yes,1,One year,No,Electronic check,29.9,0.00,Yes
C7241,Female,1,No,25,Month-to-month,fiber optic,Mailed check,34.66,840.22,Yes
C7434,Male,0,Yes,52,Month-to-month,No,Bank transfer,59.31,3082.65,No
C7648,Female,0,Yes,6,month-to-month,DSL,Bank transfer,107.44,666.48,Yes
C7561,Female,1,Yes,1,Two year,Fiber optic,Credit card,73.74,105.92,No
C7207,Male,0,Yes,46,Two year,No,Mailed check,95.87,4375.15,No
C7319,Female,0,No,46,Two year,DSL,Mailed check,105.26,4802.15,No
C7132,Female,0,No,17,Two year,Fiber optic,electronic check,97.48,1654.77,Y
C7050,Female,0,Yes,33,Two year,Fiber optic,Electronic check,39.38,1258.89,No
C7238,Female,1,No,66,Month-to-Month,No,Mailed check,105.22,6994.96,No
C7564,Female,0,No,66,month-to-month,DSL,Electronic check,21.99,1409.65,No
C7592,Female,0,No,54,Month-to-month,DSL,Credit card,40.35,2160.31,No
C7450,Female,0,No,40,Month-to-month,DSL,Bank transfer,53.84,2115.58,Yes
C7031,Female,0,Yes,54,Month-to-month,DSL,Bank transfer,74.67,4024.94,no
C7121,Male,No,Yes,34,Month-to-month,Fiber optic,Mailed check,74.6,2543.16,Yes
C7211,Female,No,No,63,One year,Fiber optic,Electronic check,81.83,5126.51,No
C7351,Female,No,No,50,Month-to-month,Fiber optic,Bank transfer,28.3,1441.60,No
C7454,male,0,No,54,Two year,No,Electronic check,78.95,4274.88,Yes
C7302,Male,0,No,63,Month-to-month,fiber optic,Electronic check,100.42,6264.64,yes
C7708,Male,0,No,26,Month-to-month,No,Bank transfer,25.35,620.70,No
C7088,Male,0,Yes,27,One year,DSL,electronic check,43.69,1130.71,No
C7325,Male,0,No,35,Two year,No,Electronic check,43.8,1546.16,No
C7323,Female,0,Yes,15,One year,DSL,Credit card,102.98,1593.71,0
C7255,Male,No,No,53,One year,Fiber optic,Mailed check,59.57,3176.75,No
C7570,Male,Yes,No,27,One year,DSL,Mailed check,77.64,2053.53,Yes
C7545,Male,1,Yes,19,Month-to-month,No,Mailed check,25.72, ,No
C7550,Male,0,No,28,Month-to-month,No,Bank transfer,112.72,3198.03,0
C7359,Male,0,Yes,8,One year,No,Credit card,42.73,270.76,No
C7051,F,0,No,29,Month-to-month,DSL,Electronic check,32.04,946.44,No
C7102,Male,0,No,70,month-to-month,DSL,Bank transfer,109.08,7651.40,no
C7195,Female,0,Yes,24,One year,No,Credit card,111.19,2685.63,No
C7679,Female,0,Yes,35,Two year,Fiber optic,electronic check,98.59,3501.54,No
C7628,F,0,No,55,Two year,DSL,Electronic check,22.99,1265.96,No
C7124,Male,0,No,49,Month-to-month,Fiber optic,Electronic check,23.66,1172.09,Yes
C7404,Female,Yes,No,4,Month-to-month,Fiber optic,Electronic check,55.48,248.53,Yes
C7730,F,0,No,31,month-to-month,No,Credit card,36.86,1193.12,Yes
C7287,Male,0,No,61,one year,DSL,Electronic check,105.53,6351.61,Yes
C7047,Female,0,Yes,60,One year,No,Electronic check,76.53,4569.55,no
C7725,F,0,Yes,28,One year,No,Credit card,23.98,702.81,No
C7587,Male,0,Yes,33,Two year,DSL,Mailed check,93.59,3102.11,Yes
C7607,Male,0,No,3,Two year,DSL,Credit card,60.33,193.23,No
C7433,Male,0,No,23,One year,Fiber optic,Mailed check,72.9,1597.98,Yes
C7674,Female,0,No,23,One year,DSL,Mailed check,96.57,2283.32,no
C7263,Male,0,Yes,14,Month-to-month,No,Bank transfer,66.51,914.04,Yes
C7360,Male,No,Yes,14,Month-to-month,Fiber optic,Electronic check,79.51,1008.71,Y
C7075,F,0,Yes,31,Month-to-month,fiber optic,Credit card,81.14,2499.17,0
C7466,Male,1,Yes,13,One year,No,Mailed check,62.4,832.63,No
C7299,Male,0,No,52,One year,Fiber optic,Electronic check,49.39,2548.58,no
C7534,Male,0,No,45,One year,Fiber optic,Electronic check,96.59,4371.26,No
C7584,Female,Yes,No,11,One year,Fiber optic,Mailed check,64.19,768.77,No
C7493,Male,0,Yes,22,Month-to-month,DSL,Credit card,18.83,428.72,no
C7527,Female,0,Yes,71,Month-to-month,Fiber optic,Credit card,111.1,7948.80,Yes
C7168,Female,0,Yes,11,Month-to-month,DSL,Electronic check,22.08,,No
